domain,source_country,evidence_count
spb.ru,RS,214042678
sohu.com,CH,28213003
iheart.com,US,18565912
163.com,CH,18447583
cfi.net.cn,CH,17999665
yahoo.com,US,17243603
zazoom.it,IT,12072398
sina.com.cn,CH,11271595
indiatimes.com,IN,9167206
qianlong.com,CH,8690170
china.com,CH,8242142
ifeng.com,CH,7463570
talkvietnam.com,VM,7076040
kompas.com,ID,7055457
eastmoney.com,CH,6577833
antaranews.com,ID,6343795
globo.com,BR,5769663
dostor.org,EG,5765793
baidu.com,CH,5750771
msn.com,US,5735990
people.com.cn,CH,5641601
haberler.com,TU,5612902
pikiran-rakyat.com,ID,5234794
tribunnews.com,ID,5215606
yangtse.com,CH,5098887
tass.ru,RS,5027431
china.com.cn,CH,4576986
ziarelive.ro,RO,4471196
news.cn,CH,4461593
hangzhou.com.cn,CH,4190215
ltn.com.tw,TW,4056468
24tv.ua,UP,3907027
kp.ru,RS,3890905
wenxuecity.com,CH,3879067
vetogate.com,EG,3870830
gmw.cn,CH,3651167
stcn.com,CH,3596777
liputan6.com,ID,3517365
ycwb.com,CH,3431292
cnfol.com,CH,3383954
inewsgr.com,GR,3326049
cyol.com,CH,3290450
republika.co.id,ID,3286958
thehindu.com,IN,3217230
udn.com,TW,3210479
dailymail.co.uk,UK,3139893
uol.com.br,BR,3128303
fjsen.com,CH,3093669
obozrevatel.com,UP,3037921
radyokabayan.com,CH,3028207
baomoi.com,VM,2906560
workercn.cn,CH,2885787
prnewswire.com,US,2791940
xinhuanet.com,CH,2683604
yam.md,MD,2661531
aninews.in,IN,2639289
voc.com.cn,CH,2637772
almasryalyoum.com,EG,2605415
hinews.cn,CH,2579905
chinadaily.com.cn,CH,2557879
dahe.cn,CH,2546924
ria.ru,RS,2474095
cna.com.tw,TW,2462041
setn.com,TW,2461633
webindia123.com,IN,2421806
diena.lt,LH,2421283
tsn.ua,UP,2408304
merkur.de,GM,2392466
southcn.com,CH,2362191
dayoo.com,CH,2361903
ura.news,RS,2346998
time.mk,MK,2326456
chinanews.com.cn,CH,2298457
vietnamplus.vn,VM,2259794
yam.com,TW,2258001
gazeta.ua,UP,2202258
denik.cz,EZ,2152914
fznews.com.cn,CH,2127935
jpnn.com,ID,2080115
bisnis.com,ID,2074318
prokerala.com,IN,2067020
interfax.com.ua,UP,2055325
elfagr.org,EG,2019744
cnr.cn,CH,2006157
malatyaguncel.com,TU,1867608
hindustantimes.com,IN,1865737
regnum.ru,RS,1842729
lenta.ru,RS,1834277
cqnews.net,CH,1812954
nbd.com.cn,CH,1812629
cnnindonesia.com,ID,1794515
korrespondent.net,UP,1778654
ansa.it,IT,1776432
okezone.com,ID,1770944
hna.de,GM,1768890
indianexpress.com,IN,1757011
dagenstv.com,SW,1756931
alarmeringen.nl,NL,1756877
aif.ru,RS,1734927
ettoday.net,TW,1722344
armenpress.am,AM,1703492
qq.com,CH,1678183
yicai.com,CH,1677306
tempo.co,ID,1659281
shorouknews.com,EG,1633796
unian.ua,UP,1631304
freepressjournal.in,IN,1627881
jagran.com,IN,1624144
aa.com.tr,TU,1611563
kreiszeitung.de,GM,1606695
ogunhaber.com,TU,1599501
kommersant.ru,RS,1595660
oeeee.com,CH,1595413
marketscreener.com,US,1591250
punchng.com,NI,1587908
ahram.org.eg,EG,1565744
dw.com,UP,1562881
diario16.com.pe,PE,1555732
n-tv.de,RS,1538540
cnn.com,US,1530827
jrj.com.cn,CH,1528441
epochtimes.com,CH,1527774
iefimerida.gr,GR,1525366
wnp.pl,PL,1524138
aol.com,US,1508818
ohmynews.com,KS,1497654
bignewsnetwork.com,IN,1492917
carsonnow.org,US,1489870
news18.com,IN,1478256
sudouest.fr,FR,1470889
bhaskar.com,IN,1469344
viva.co.id,ID,1453190
rbc.ua,UP,1452212
northnews.cn,CH,1446537
rg.ru,RS,1445732
jschina.com.cn,CH,1428341
81.cn,CH,1427403
unian.net,UP,1417101
shm.com.cn,CH,1413477
people.cn,CH,1412779
bjnews.com.cn,CH,1401588
lrt.lt,LH,1399867
finanznachrichten.de,GM,1393106
philstar.com,RP,1388380
iqilu.com,CH,1387432
zocalo.com.mx,MX,1387371
cbc.ca,CA,1385673
mainichi.jp,JA,1382946
sat1.de,UP,1381356
india.com,IN,1376778
livehindustan.com,IN,1371418
heraldcorp.com,KS,1367404
thisdaylive.com,NI,1363800
moneycontrol.com,IN,1361308
focus.ua,UP,1357931
caijing.com.cn,CH,1350724
ukrinform.ua,UP,1340357
mirror.co.uk,UK,1328246
chinatimes.com,TW,1319621
merdeka.com,ID,1319325
focus-news.net,BU,1307142
streetinsider.com,US,1299895
haberturk.com,TU,1298955
elwatannews.com,EG,1280777
itbear.com.cn,CH,1279215
birgun.net,TU,1274200
zol.com.cn,CH,1269424
mail.ru,RS,1266553
huxiu.com,CH,1262451
foxnews.com,US,1259359
europapress.es,SP,1243908
hkcd.com,CH,1228563
scoop.co.nz,NZ,1219988
gxnews.com.cn,CH,1219869
aljazeera.net,IS,1219562
tmtpost.com,CH,1218529
razon.com.mx,MX,1207489
az-online.de,GM,1201341
glavcom.ua,UP,1199383
sat1.at,UP,1198239
stiripesurse.ro,RO,1186972
go.com,US,1183931
ynet.co.il,IS,1177213
wxrb.com,CH,1175145
allkharkov.ua,UP,1173447
rednet.cn,CH,1167872
eluniversal.com.mx,MX,1163043
naszemiasto.pl,PL,1161285
amarujala.com,IN,1151798
jpost.com,IS,1147459
forbes.com,US,1144771
scol.com.cn,CH,1143302
indiagazette.com,IN,1138962
naslovi.net,RI,1136810
larepublica.pe,PE,1132780
si.com,US,1132333
sjzdaily.com.cn,CH,1130385
china.org.cn,CH,1128387
banglanews24.com,BG,1124940
glavred.info,UP,1120247
fedpress.ru,RS,1118793
dawn.com,PK,1116293
winnipegfreepress.com,US,1111487
latimes.com,US,1099654
rbc.ru,RS,1099181
cnnb.com.cn,CH,1096131
newkerala.com,IN,1092027
albawabhnews.com,EG,1085789
zdg.md,UP,1083742
liga.net,UP,1081588
shanghaisun.com,CH,1080005
nypost.com,US,1079577
chinaqw.com,CH,1077868
tribuneindia.com,IN,1074633
nmgnews.com.cn,CH,1069463
sondakika.com,TU,1069433
deperu.com,PE,1068719
kaos911.com,CH,1068176
dailyrecord.co.uk,UK,1066399
ig.com.br,BR,1063665
hkcna.hk,HK,1063497
sindonews.com,ID,1050040
rt.com,RS,1049178
xxrb.com.cn,CH,1049105
eltiempo.com,CO,1047526
vietgiaitri.com,VM,1040419
menafn.com,US,1040286
theepochtimes.com,US,1036474
ensonhaber.com,TU,1031806
miragenews.com,AS,1026614
cadena3.com,AR,1025355
tribune.com.pk,PK,1022030
konhaber.com,TU,1021501
prosieben.at,UP,1017543
ctvnews.ca,CA,1017060
iz.ru,RS,1016345
vanguardia.com.mx,MX,1015162
arkansasonline.com,US,1012985
haber7.com,TU,1009219
cbsnews.com,US,1005095
tz.de,GM,1004888
sapo.pt,PO,999946
newsweek.com,US,997449
dailynews.co.th,TH,995882
sandiegouniontribune.com,US,991936
elbrqnews.com,EG,991210
yle.fi,FI,979752
hani.co.kr,KS,979657
sina.com.tw,CH,977861
newspim.com,KS,975391
calcuttanews.net,IN,967905
express.co.uk,UK,965740
gscn.com.cn,CH,962734
solopos.com,ID,961689
business-standard.com,IN,961254
chicagotribune.com,US,959942
dailypost.ng,NI,948269
manchestereveningnews.co.uk,UK,943737
bursa.com,TU,942638
tribuneonlineng.com,NI,942425
ptinews.com,IN,940207
beritasatu.com,ID,939828
yeniakit.com.tr,TU,939234
vanguardngr.com,NI,937523
nytimes.com,US,936957
legaldaily.com.cn,CH,936108
mt.co.kr,KS,936047
funkytaurusmedia.com,GM,934784
usatoday.com,US,934195
calgarysun.com,CA,934159
apnews.com,US,932832
dailyexcelsior.com,IN,922315
koran-jakarta.com,ID,915249
torontosun.com,CA,911391
investegate.co.uk,UK,910049
premiumtimesng.com,NI,909656
ratopati.com,NP,908483
ntdtv.com,CH,908298
comments.ua,UP,904172
asahi.com,JA,903480
welt.de,GM,902616
unn.ua,UP,902019
radiosvoboda.org,UP,900323
mk.ru,RS,900072
one.co.il,IS,898763
zn.ua,UP,896172
thehindubusinessline.com,IN,895230
pulzo.com,CO,895099
tax.lt,LH,895049
sznews.com,CH,894152
freerepublic.com,US,889305
charter97.org,RS,887199
sozcu.com.tr,TU,887187
teleprensa.com,SP,884481
manilatimes.net,RP,881438
life.ru,RS,879147
sina.com.hk,CH,873793
m24.ru,RS,872990
businessdayonline.com,JA,872837
gazette.com,US,872666
chinesepress.com,CH,870621
index.hr,HR,868551
abc.es,SP,867078
ziare.com,RO,866974
ilmessaggero.it,IT,862755
runews24.ru,RS,862737
turkiyegazetesi.com.tr,TU,862127
stern.de,GM,860947
elperiodico.com,SP,860410
punjabkesari.in,IN,859804
orlandosentinel.com,US,855518
beritajatim.com,ID,855078
tienphong.vn,VM,854476
thenationonlineng.net,NI,853227
allafrica.com,NI,850531
trend.az,AJ,849624
sfgate.com,US,849214
knack.be,RS,847105
chron.com,US,844073
ladepeche.fr,FR,843691
milenio.com,MX,841567
canberratimes.com.au,AS,838890
nzherald.co.nz,NZ,838512
newcastleherald.com.au,AS,830603
thenews.com.pk,PK,829267
stdaily.com,CH,828901
pressorg24.com,UP,827249
lrytas.lt,LH,826568
breitbart.com,US,826217
ndtv.com,IN,826216
news.de,GM,821536
oneindia.com,IN,821006
themarketsdaily.com,US,820394
vz.ru,RS,819532
illawarramercury.com.au,AS,817403
livemint.com,IN,816252
mediaindonesia.com,ID,813392
telegraphindia.com,IN,811907
independent.ie,EI,811377
15min.lt,LH,810182
dailypolitical.com,US,809947
sun-sentinel.com,US,805287
thetoc.gr,GR,804389
israelnationalnews.com,IS,803458
aftonbladet.se,SW,799633
euronews.com,RS,799573
larazon.es,SP,799172
ottawacitizen.com,CA,791621
news1.kr,KS,788213
francetvinfo.fr,FR,784171
espreso.tv,UP,782444
elimparcial.com,MX,781198
infotel.ca,CA,779987
thestar.com.my,MY,779761
jawapos.com,ID,777359
semana.com,CO,773905
timesofisrael.com,IS,773217
adevarul.ro,RO,772885
lasillarota.com,MX,771802
theguardian.com,UK,770347
edaily.co.kr,KS,767665
onlinekhabar.com,NP,767027
yenicaggazetesi.com.tr,TU,763734
loksatta.com,IN,762292
sdpnoticias.com,MX,761953
vol.at,AU,758366
sb.by,BO,758199
washingtontimes.com,US,757050
diyadinnet.com,TU,756136
gordonua.com,UP,751646
mskagency.ru,RS,750543
washingtonpost.com,US,749896
cumhuriyet.com.tr,TU,745786
pravda.ru,RS,742826
fontanka.ru,RS,742587
corriere.it,IT,740396
jdsupra.com,US,740305
westernadvocate.com.au,AS,736329
prabhatkhabar.com,IN,735282
vm.ru,RS,734267
northerndailyleader.com.au,AS,733233
lb.ua,UP,731112
in.gr,GR,730326
hexun.com,CH,729750
balatarin.com,IR,728658
standardmedia.co.ke,KE,728634
myrb.net,CH,727980
abc.net.au,AS,725932
cnet.com,JA,725604
startribune.com,US,725203
azertag.az,AJ,724422
milliyet.com.tr,TU,724149
siouxcityjournal.com,US,722116
chinanationalnews.com,CH,718632
dantri.com.vn,VM,718432
bordermail.com.au,AS,718152
agara.co.jp,JA,717181
bunburymail.com.au,AS,714735
istanbulhaber.com.tr,TU,713198
cretalive.gr,GR,711282
aftenposten.no,NO,709811
vancouversun.com,CA,707445
bd-pratidin.com,BG,705444
leadership.ng,NI,699531
akhbarelyom.com,EG,699397
globenewswire.com,US,698092
20minutos.es,SP,696415
interfax.ru,RS,694551
vov.vn,VM,693408
lavozdegalicia.es,SP,690971
haberport.com,TU,690418
fnnews.com,KS,690367
jstv.com,CH,688915
financialexpress.com,IN,688380
theglobeandmail.com,CA,686739
bemparana.com.br,BR,684802
correiobraziliense.com.br,BR,684565
tickerreport.com,US,683785
bankingnews.gr,RS,682332
walesonline.co.uk,UK,682166
lasvegassun.com,US,681184
sot.com.al,AL,680163
birminghammail.co.uk,UK,677639
stltoday.com,US,676477
dailyliberal.com.au,AS,676433
enorth.com.cn,CH,674830
jxnews.com.cn,CH,673759
mynorthwest.com,US,672471
ce.cn,CH,672109
koreaherald.com,KS,671915
bbc.co.uk,UK,671895
qianzhan.com,CH,668688
irishtimes.com,EI,668228
harianjogja.com,ID,667765
inquirer.net,RP,666456
globaltimes.cn,CH,666176
thanhnien.vn,VM,666079
danas.rs,RI,665707
natalie.mu,JA,665112
alquds.com,IS,662452
thedailystar.net,BG,659470
maitlandmercury.com.au,AS,659114
russiaherald.com,RS,658444
estadao.com.br,BR,657681
washingtonexaminer.com,US,655181
oem.com.mx,MX,655005
newsit.gr,GR,654995
maalaimalar.com,IN,654044
hankookilbo.com,KS,653610
wfmz.com,US,653155
smh.com.au,AS,651517
minghui.org,CH,651256
independent.co.uk,US,649621
fakti.bg,BU,648767
quadratin.com.mx,MX,648767
divyabhaskar.co.in,IN,648335
lvz.de,GM,647904
metrotvnews.com,ID,645912
star.com.tr,TU,644206
dailyadvertiser.com.au,AS,643685
dgabc.com.br,BR,642824
come-on.de,GM,642160
tvn24.pl,PL,641842
ots.at,AU,641542
saharareporters.com,NI,639955
ilgazzettino.it,IT,639900
ocregister.com,US,638927
newtalk.tw,TW,638652
khaskhabar.com,IN,637766
ksta.de,IS,637288
ukranews.com,UP,636566
heraldscotland.com,UK,636084
storm.mg,TW,635979
hurriyet.com.tr,TU,635799
cnwest.com,CH,632605
goulburnpost.com.au,AS,632235
nxtv.com.cn,CH,630958
wp.pl,PL,629679
theleader.com.au,AS,628104
lanacion.com.ar,AR,626097
bozemandailychronicle.com,US,625744
maville.com,FR,624222
stockbiz.vn,VM,623871
wkrb13.com,US,623787
ridus.ru,RS,623729
beijingbulletin.com,CH,623298
businessinsider.com,US,623246
aol.co.uk,UK,623244
mymotherlode.com,US,622823
elpuntavui.cat,SP,622421
tmcnet.com,US,620487
iol.co.za,SF,620469
nbcchicago.com,US,619592
cnews.ru,RS,619339
riafan.ru,RS,616339
donews.com,CH,615106
kontrakty.ua,UP,614640
wvnews.com,US,613983
makthes.gr,GR,613870
lelezard.com,CA,612684
tuoitre.vn,VM,611840
terra.com.br,BR,611778
ajansmanisa.com,TU,610997
juneesoutherncross.com.au,AS,610631
bostonglobe.com,US,609661
orf.at,AU,608541
jang.com.pk,PK,607860
oxfordmail.co.uk,UK,607436
pln-pskov.ru,RS,607309
calgaryherald.com,CA,607257
lineadirectaportal.com,MX,606888
standard.net.au,AS,606228
bbc.com,UK,605944
t24.com.tr,TU,604456
omaha.com,US,602035
tatar-inform.ru,RS,601947
thecable.ng,NI,601906
wa.de,GM,601526
trud.ru,RS,601499
ksat.com,US,600641
idahostatejournal.com,US,600134
lavanguardia.com,SP,599638
ottawasun.com,CA,599624
t-online.de,GM,599139
pusulahaber.com.tr,TU,598597
express.pk,PK,596580
easternriverinachronicle.com.au,AS,596456
blueprint.ng,NI,596398
sabah.com.tr,TU,595204
heute.at,AU,594436
albayan.ae,AE,594003
jornaldebrasilia.com.br,BR,593752
inilah.com,ID,593402
ndr.de,GM,592319
meinbezirk.at,AU,592243
capital.gr,GR,590686
diariosigloxxi.com,SP,590591
op-online.de,GM,589700
soester-anzeiger.de,GM,589648
tucson.com,US,588691
1prime.ru,RS,588396
ryt9.com,TH,588121
eldiario.es,SP,587605
dangjian.cn,CH,587254
hespress.com,MO,586962
hnr.cn,CH,586634
vnexpress.net,VM,586582
bursadabugun.com,TU,585396
bfmtv.com,FR,583660
alquds.co.uk,IS,583132
manningrivertimes.com.au,AS,583032
dp.ru,RS,577851
theage.com.au,AS,577840
levif.be,RS,576461
rundschau-online.de,IS,574718
haber1.com,TU,574618
elfinanciero.com.mx,MX,573136
noticiasaominuto.com,PO,572775
kcra.com,US,572774
gercekgundem.com,TU,570102
gelocal.it,IT,569993
yardbarker.com,US,569523
ktvz.com,US,568699
memurlar.net,TU,567458
capital.ro,RO,567041
dunya.com,TU,566601
thenorthernecho.co.uk,UK,566113
edenmagnet.com.au,AS,564706
navabharat.com,IN,564592
baltimoresun.com,US,564581
fnp.de,GM,563268
siasat.com,IN,562900
hankyung.com,KS,562708
nv.ua,UP,560736
inosmi.ru,RS,560388
blic.rs,RI,559496
evz.ro,RO,558752
modernreaders.com,US,558131
day.az,AJ,557020
maariv.co.il,IS,556188
examiner.com.au,AS,555838
bangkokpost.com,TH,555139
biztoc.com,US,552962
pravda.com.ua,UP,551690
wenweipo.com,CH,550529
telegraf.com.ua,UP,550506
perfil.com,AR,549584
nobat.com,IN,549137
brasil247.com,BR,549131
dir.bg,BU,548802
evrensel.net,TU,548751
eagletribune.com,US,548387
sana.sy,SY,548217
nbcnews.com,US,548068
nbcconnecticut.com,US,547534
dailycaller.com,US,547039
caledonianrecord.com,US,547029
lsm.lv,LG,546988
europesun.com,RS,546632
beyazgazete.com,TU,544817
latestly.com,IN,543874
badische-zeitung.de,GM,543765
elconfidencial.com,SP,543607
newsbomb.gr,GR,543479
trthaber.com,TU,543149
peopledaily.com.cn,CH,541987
vedomosti.ru,RS,541941
theenterpriseleader.com,US,541088
accesswdun.com,US,541002
iha.com.tr,TU,540715
nakanune.ru,RS,539510
libyaakhbar.com,LY,539437
ksl.com,US,537306
kmib.co.kr,KS,535324
southwalesargus.co.uk,UK,533724
pressherald.com,US,532959
localnews8.com,US,532332
kn-online.de,GM,532015
lancashiretelegraph.co.uk,UK,531908
globalsecurity.org,IS,528827
dnaindia.com,IN,528542
observador.pt,PO,528393
dailynews.com,US,528020
abendzeitung-muenchen.de,GM,527473
omnia.com.mx,MX,527178
dailyinqilab.com,BG,526511
clevelandjewishnews.com,IS,526418
portalsamorzadowy.pl,PL,526285
naftemporiki.gr,GR,525859
tarunmitra.in,IN,525610
memleket.com.tr,TU,525123
naroomanewsonline.com.au,AS,524858
dailythanthi.com,IN,523789
nikkei.com,JA,523389
clickorlando.com,US,522907
danviet.vn,VM,522638
southernhighlandnews.com.au,AS,522189
muswellbrookchronicle.com.au,AS,522173
winnipegsun.com,CA,521360
jagonews24.com,BG,520881
heritage.org,US,520795
sdnews.com.cn,CH,520672
nvdaily.com,US,520128
prachachat.net,TH,519603
newsday.com,US,519041
yourlocalguardian.co.uk,UK,517892
batemansbaypost.com.au,AS,517765
planoinformativo.com,MX,517077
thecourier.com.au,AS,516177
online.sh.cn,CH,515455
diario.mx,MX,515298
brisbanetimes.com.au,AS,514422
wyomingnews.com,US,514179
naidunia.com,IN,513765
tanea.gr,GR,512157
courant.com,US,511764
smdailyjournal.com,US,511457
koreatimes.co.kr,KS,511439
bendigoadvertiser.com.au,AS,510994
buffalonews.com,US,510014
livelaw.in,IN,509604
macleayargus.com.au,AS,509500
webdunia.com,IN,508659
proceso.com.mx,MX,508341
mundodeportivo.com,SP,508125
thefan1075.com,US,508042
cambodiantimes.com,IN,507981
21xc.com,CH,507464
mercurynews.com,US,507207
ceskenoviny.cz,EZ,506987
dailyjanakantha.com,BG,506912
wokv.com,US,506556
financialcontent.com,US,506393
em.com.br,BR,505843
vietnamnet.vn,VM,505111
repubblica.it,IT,503981
volksstimme.de,GM,503444
begadistrictnews.com.au,AS,503406
qstheory.cn,CH,502268
voria.gr,GR,502080
sporx.com,TU,501924
netscape.com,US,501627
news-gazette.com,US,500753
newsbeast.gr,GR,500370
mandurahmail.com.au,AS,500350
postandcourier.com,US,499416
protothema.gr,GR,499162
tsn.ca,US,498824
sueddeutsche.de,GM,498616
elsiglodetorreon.com.mx,MX,498349
thenational.scot,UK,497934
cairnspost.com.au,AS,497883
aweb.com.cn,CH,497523
bamada.net,ML,497311
ulladullatimes.com.au,AS,495428
glasgowtimes.co.uk,UK,495301
etoday.co.kr,KS,494796
eluniversal.com.co,CO,494376
theeagleonline.com.ng,NI,493238
dailypioneer.com,IN,493109
ghanaweb.com,GH,492611
news247.gr,GR,492153
globalnews.ca,CA,492139
clarin.com,AR,491507
portnews.com.au,AS,491292
pakobserver.net,PK,491092
telegraph.co.uk,UK,490164
clickondetroit.com,US,490036
thewestmorlandgazette.co.uk,UK,489539
thepeninsulaqatar.com,QA,488752
news4jax.com,US,488282
eastbaytimes.com,US,488124
yna.co.kr,KS,487979
thestarphoenix.com,CA,487712
ianslive.in,IN,487657
2news.com,US,487473
somersetcountygazette.co.uk,UK,487437
informpskov.ru,RS,487053
nbcphiladelphia.com,US,485854
sponichi.co.jp,JA,485848
farmer.com.cn,CH,485833
liverpoolecho.co.uk,UK,484909
colombia.com,CO,484539
shanghainews.net,CH,483634
correio24horas.com.br,BR,483337
cessnockadvertiser.com.au,AS,483301
excite.co.jp,JA,483250
elpais.com,SP,483246
mankatofreepress.com,US,482494
boxun.com,CH,481968
enikos.gr,GR,480860
kp.ua,UP,480777
focustaiwan.tw,TW,480620
nbcnewyork.com,US,480513
f5haber.com,TU,480378
vecernji.hr,HR,480068
qzwb.com,CH,480065
iltalehti.fi,FI,479855
rediff.com,IN,479848
katherinetimes.com.au,AS,479461
wsbradio.com,US,478941
caixin.com,CH,478914
crookwellgazette.com.au,AS,478518
bloknot.ru,RS,477850
myjoyonline.com,GH,477689
jutarnji.hr,HR,477257
islands.com,US,477179
letelegramme.fr,FR,477097
singtaousa.com,CH,476926
zsnews.cn,CH,476690
thesouthafrican.com,SF,475680
einnews.com,US,475397
theargus.co.uk,UK,474811
rionegro.com.ar,AR,474750
dailybreeze.com,US,474672
echo-news.co.uk,UK,474615
local10.com,US,474149
hotnews.ro,RO,473698
thisislocallondon.co.uk,UK,473589
firstpost.com,IN,473135
sunlive.co.nz,NZ,472905
chinapress.com.my,CH,469866
northweststar.com.au,AS,469552
r7.com,BR,469332
abendblatt.de,GM,469069
sgvtribune.com,US,469009
journaldemontreal.com,CA,468583
ynetnews.com,IS,467529
nbcsandiego.com,US,467396
leaderlive.co.uk,UK,466883
singletonargus.com.au,AS,466052
eldiariodechihuahua.mx,MX,465827
jzrb.com,CH,465090
nbclosangeles.com,US,465063
respublika.lt,LH,464000
vanguardia.com,CO,463069
wfmj.com,US,462604
metroseoul.co.kr,KS,462541
kcci.com,US,461465
newsbusters.org,US,460939
edp24.co.uk,UK,460568
chunichi.co.jp,JA,459637
mb.com.ph,RP,458646
zeit.de,GM,458600
whittierdailynews.com,US,458542
bandao.cn,CH,458253
kontan.co.id,ID,458161
voachinese.com,CH,457592
wlwt.com,US,457561
braidwoodtimes.com.au,AS,457446
nos.nl,IS,456983
presstelegram.com,US,455916
sinembargo.mx,MX,454932
monitorulsv.ro,RO,453939
zaobao.com.sg,CH,453278
rfa.org,CH,453047
adnkronos.com,IT,452780
mynet.com,TU,451945
koco.com,US,451616
greatlakesadvocate.com.au,AS,451527
thisisoxfordshire.co.uk,UK,451357
postregister.com,US,450883
iraqakhbar.com,IZ,450578
dagospia.com,IT,449694
parlamentnilisty.cz,EZ,449164
morgenpost.de,GM,449008
aksam.com.tr,TU,448952
cronista.com,AR,448643
redlandcitybulletin.com.au,AS,448233
61saat.com,TU,448137
merimbulanewsweekly.com.au,AS,448119
argumenti.ru,RS,447667
sud.ua,UP,447608
eldia.es,SP,446783
hampshirechronicle.co.uk,UK,446783
prnasia.com,CH,446742
patch.com,US,445837
thairath.co.th,TH,445781
theweek.in,IN,445537
kathimerini.com.cy,CY,445521
sunnewsonline.com,NI,444084
nwaonline.com,US,443560
energyland.info,RS,443035
newsandstar.co.uk,UK,442795
presstv.ir,IS,442585
banyuetan.org,CH,442126
middleeastmonitor.com,IS,441913
channel3000.com,US,441892
jornada.com.mx,MX,441709
columbian.com,US,441544
svoboda.org,RS,440211
wcvb.com,US,440179
actualno.com,BU,439349
geo.tv,PK,439198
inverelltimes.com.au,AS,438861
santamariatimes.com,US,438449
bluemountainsgazette.com.au,AS,438441
el-balad.com,US,438300
galinfo.com.ua,UP,437601
boston.com,US,436429
queanbeyanage.com.au,AS,436315
yasstribune.com.au,AS,435813
orissapost.com,IN,435578
kmzx.org,CH,435315
5.ua,UP,435281
skai.gr,GR,435245
borsaitaliana.it,IT,434871
sankei.com,JA,434805
ehimalayatimes.com,NP,434676
internethaber.com,TU,434656
nbcdfw.com,US,434538
plovdiv24.bg,BU,434318
lapresse.ca,CA,434079
inn.co.il,IS,433812
pasadenastarnews.com,US,433733
dailytrust.com,NI,433722
busan.com,KS,433080
ideal.es,SP,432531
denverpost.com,US,432024
midilibre.fr,FR,431795
eluniverso.com,EC,431523
laprovincia.es,SP,431198
armidaleexpress.com.au,AS,430702
etfdailynews.com,US,430356
durangoherald.com,US,429851
jlradio.cn,CH,429317
ahnews.com.cn,CH,429216
bleacherreport.com,US,429214
wgauradio.com,US,429098
leaderpost.com,CA,428530
surreycomet.co.uk,UK,427892
kathimerini.gr,GR,427650
varna24.bg,BU,427585
ntv.com.tr,TU,427567
gloucesteradvocate.com.au,AS,427228
yucatan.com.mx,MX,427040
moreechampion.com.au,AS,426995
novosti.rs,RI,426696
thetimes.com,UK,426480
wdbo.com,US,425918
thinaboomi.com,IN,425578
click2houston.com,US,425194
rtvslo.si,SI,425139
eadt.co.uk,UK,424251
alkhabarkw.com,EG,423879
tribuna.com.mx,MX,423780
gazette-news.co.uk,UK,423658
dailytimes.com.pk,PK,423319
ghanamma.com,GH,423199
newpost.gr,GR,422722
dcnews.ro,RO,422713
bjreview.com,CH,422611
politico.com,US,421890
aravot.am,AM,421635
portstephensexaminer.com.au,AS,421622
hebnews.cn,CH,421436
bssnews.net,BG,420812
xxcb.cn,CH,420119
tv3.lt,LH,419905
deccanchronicle.com,IN,419434
pressandjournal.co.uk,UK,419089
stuff.co.nz,NZ,418920
zaxid.net,UP,418747
koreatimes.com,US,418663
abnews.ru,RS,418443
almowaten.net,SA,417876
baotintuc.vn,VM,417523
centralwesterndaily.com.au,AS,417427
npr.org,US,417423
rte.ie,EI,417403
wirralglobe.co.uk,UK,416959
tagesspiegel.de,GM,416792
ve.lt,LH,416233
bristolpost.co.uk,UK,415973
rador.ro,RO,415785
mudgeeguardian.com.au,AS,415593
burytimes.co.uk,UK,414224
dailymaverick.co.za,SF,414202
dailybulletin.com,US,414197
pnp.ru,RS,414051
swindonadvertiser.co.uk,UK,413992
podrobnosti.ua,UP,413928
haber61.net,TU,413726
pilotonline.com,US,413689
rtl.fr,PK,413513
5-tv.ru,RS,413343
eleftherostypos.gr,GR,413104
jagranjosh.com,IN,412101
castanet.net,CA,412020
taipeitimes.com,TW,411831
kienthuc.net.vn,VM,411792
nownews.com,TW,411548
mid-day.com,IN,411239
nationalaccordnewspaper.com,NI,411180
vikingsterritory.com,US,411128
saltlakecitysun.com,US,410613
modernghana.com,GH,410357
businessmirror.com.ph,RP,410337
missoulian.com,US,410267
segye.com,KS,410129
scmp.com,CH,410083
thegazette.com,US,409298
delfi.lt,LH,409078
clactonandfrintongazette.co.uk,UK,408663
mdzol.com,AR,408047
nydailynews.com,US,407872
jornalfloripa.com.br,BR,407460
timesandstar.co.uk,UK,407436
risingbd.com,BG,407337
hljtv.com,CH,407177
dailypress.com,US,406761
zf.ro,RO,406739
gjsentinel.com,US,406589
sbsun.com,US,406196
antena3.ro,RO,406007
cravenherald.co.uk,UK,405981
wsls.com,US,405930
lokmat.com,IN,405867
philenews.com,CY,405858
middleeasteye.net,IS,404945
excelsior.com.mx,MX,404522
businesstoday.in,IN,402943
southcoastregister.com.au,AS,402767
huelvainformacion.es,SP,402251
elmundo.es,SP,402056
bfm.ru,RS,401994
oita-press.co.jp,JA,401497
dungogchronicle.com.au,AS,401390
hawkesburygazette.com.au,AS,401209
stirileprotv.ro,RO,401068
kvia.com,US,400380
sconeadvocate.com.au,AS,400173
redlandsdailyfacts.com,US,400132
thestatesman.com,IN,399394
lancasteronline.com,US,399334
dailyhive.com,CA,399244
haberaktuel.com,TU,399088
yorkpress.co.uk,UK,398440
hljnews.cn,CH,398335
freiepresse.de,GM,398208
dialog.ua,UP,397694
athina984.gr,GR,397582
ktar.com,US,397366
newsghana.com.gh,GH,397113
gorkhapatraonline.com,NP,397111
dawnnews.tv,PK,396866
wtop.com,US,396293
hsw.cn,CH,396144
cnnturk.com,TU,396062
suntimes.com,US,396011
houstonchronicle.com,US,395890
jurnalul.ro,RO,395602
romaniatv.net,RO,395489
wyff4.com,US,395211
irrigator.com.au,AS,395195
montrealgazette.com,CA,395034
amosnews.ro,RO,394966
mlive.com,US,394581
ekantipur.com,NP,394496
wdsu.com,US,394431
indiankanoon.org,IN,393700
baovanhoa.vn,VM,392886
bursa.ro,RO,392808
dunyanews.tv,PK,392698
blitz.bg,BU,391208
harwichandmanningtreestandard.co.uk,UK,391167
stourbridgenews.co.uk,UK,391157
portal.lviv.ua,UP,391066
raya.ps,IS,391018
emaratalyoum.com,AE,390940
delfi.lv,LG,390697
dnoticias.pt,PO,390655
chinaz.com,CH,389359
insidermonkey.com,US,389056
prabhasakshi.com,IN,389013
rnz.co.nz,NZ,388915
blayneychronicle.com.au,AS,388757
bnr.bg,BU,387819
interia.pl,PL,387676
hepburnadvocate.com.au,AS,387407
granadahoy.com,SP,387361
messengernewspapers.co.uk,UK,387324
nbcmiami.com,US,387271
kyivpost.com,UP,386912
inform.kz,KZ,386852
jamaicaobserver.com,JM,386739
tuttomercatoweb.com,IT,386592
bianet.org,TU,386434
dailytelegraph.com.au,AS,386177
newsshopper.co.uk,UK,385989
tovima.gr,GR,385593
tvguide.co.uk,UK,385581
halesowennews.co.uk,UK,385246
camdencourier.com.au,AS,384784
theadvocate.com.au,AS,384756
abola.pt,PO,384642
focus.de,GM,384616
shobserver.com,CH,384393
shangbao.com.ph,CH,384292
businessghana.com,GH,384256
falmouthpacket.co.uk,UK,384071
ilfattoquotidiano.it,IT,383946
informer.rs,RI,383902
capitalgazette.com,US,383560
romaniapress.com,RO,383402
nikvesti.com,UP,383270
latribunadealbacete.es,SP,382531
dewezet.de,GM,381264
haribhoomi.com,IN,380671
lampost.co,ID,380498
nile.eg,EG,379810
nwemail.co.uk,UK,379679
kpbs.org,US,379305
mdjonline.com,US,378782
thetelegraphandargus.co.uk,UK,378738
andhrajyothy.com,IN,378428
novini.bg,BU,378413
californiatelegraph.com,US,377941
elaph.com,IS,377753
atn.ua,UP,377511
kmbc.com,US,377072
cand.com.vn,VM,376606
theland.com.au,AS,376597
centralmaine.com,US,376075
onet.pl,RS,375857
globes.co.il,IS,375628
gazetteherald.co.uk,UK,375459
gzstv.com,CH,375423
chroniclelive.co.uk,UK,375206
the-star.co.ke,KE,374908
wmur.com,US,374854
ebc.com.br,BR,374411
ostro.org,UP,374401
medyatava.com,TU,374002
alagoas24horas.com.br,BR,373925
thethaovanhoa.vn,VM,373920
dogruhaber.com.tr,TU,373825
aporrea.org,VE,373257
queenslandcountrylife.com.au,AS,373220
northwichguardian.co.uk,UK,373048
botasot.info,KV,372696
capitalfm.co.ke,KE,372689
marica.bg,BU,372686
newsru.co.il,IS,372551
wiltshiretimes.co.uk,UK,372344
ln-online.de,GM,372174
baophapluat.vn,VM,372043
ostsee-zeitung.de,GM,371702
sthelensstar.co.uk,UK,371161
srilankasource.com,IN,370948
tulsaworld.com,US,370830
ndz.de,GM,370457
ng.ru,RS,370346
zonebourse.com,US,370317
patrisnews.com,GR,369551
eurointegration.com.ua,UP,369510
harianhaluan.com,ID,369455
nhk.or.jp,JA,369391
almanar.com.lb,IS,369326
peacefmonline.com,GH,369179
radioformula.com.mx,MX,368930
metro.co.uk,UK,368761
tvbs.com.tw,TW,368293
nvi.com.au,AS,368230
euro2day.gr,GR,368077
coastreporter.net,CA,368014
gazetadopovo.com.br,BR,367862
prpeak.com,CA,367235
braintreeandwithamtimes.co.uk,UK,367178
arabnews.com,SA,366960
bicesteradvertiser.net,UK,366942
dailyecho.co.uk,UK,366515
sxdaily.com.cn,CH,366345
windsorstar.com,CA,366324
chesterstandard.co.uk,UK,365970
yoursourceone.com,US,365960
elmanana.com,MX,365958
waspada.co.id,ID,365576
haber3.com,TU,365474
stcatharinesstandard.ca,CA,365269
townhall.com,US,365048
italpress.com,IT,364871
eenadu.net,IN,364824
plo.vn,VM,364421
bostonherald.com,US,364394
kyodo.co.jp,JA,363597
witneygazette.co.uk,UK,363573
rp.pl,PL,363124
rappler.com,RP,363041
baikal-daily.ru,RS,362861
areanews.com.au,AS,362343
politika.rs,RI,362087
ilgiornale.it,IT,362050
infranken.de,GM,361416
tj.gov.cn,CH,361284
chibanippo.co.jp,JA,361215
sofokleous10.gr,GR,361175
guardian.ng,NI,361115
fox10phoenix.com,US,360969
halsteadgazette.co.uk,UK,360600
sunjournal.com,US,360595
heraldseries.co.uk,UK,360519
pr-inside.com,US,360368
golosarmenii.am,AM,360266
mignews.com,IS,359712
donga.com,KS,359591
volynnews.com,UP,359569
mailtimes.com.au,AS,359515
zeri.info,KV,359427
portalspozywczy.pl,PL,359094
busseltonmail.com.au,AS,358855
diyarbakirsoz.com,TU,358819
oberonreview.com.au,AS,358677
tenterfieldstar.com.au,AS,358323
record-eagle.com,US,358200
nwzonline.de,GM,358090
telegrafi.com,KV,358012
warringtonguardian.co.uk,UK,357951
pelop.gr,GR,357693
maldonandburnhamstandard.co.uk,UK,357267
sbs.com.au,AS,357015
farodevigo.es,SP,356810
se.pl,PL,356725
teraz.sk,LO,356698
nynganobserver.com.au,AS,356558
wesh.com,US,356413
gleninnesexaminer.com.au,AS,356160
ukrainianwall.com,UP,356027
pagina12.com.ar,AR,355849
wimbledonguardian.co.uk,UK,355725
westerntelegraph.co.uk,UK,355557
kentonline.co.uk,UK,355527
eldestapeweb.com,AR,354752
neuepresse.de,GM,354731
maharashtratimes.com,IN,354582
haberekspres.com.tr,TU,354575
sib.fm,RS,354436
periodicocorreo.com.mx,MX,354415
anninhthudo.vn,VM,354278
narrominenewsonline.com.au,AS,354248
yakimaherald.com,US,353916
pnn.ps,IS,353760
goettinger-tageblatt.de,GM,353438
heraldglobe.com,IN,353306
belfastlive.co.uk,UK,352000
vesti.ru,RS,351672
delo.ua,UP,351590
tagesanzeiger.ch,SZ,351430
kreisbote.de,GM,351352
wobm.com,US,351348
readingchronicle.co.uk,UK,351262
aawsat.com,IS,351227
lithgowmercury.com.au,AS,350935
mynbc5.com,US,350621
haz.de,GM,350597
diariodepernambuco.com.br,BR,350400
abc17news.com,US,349933
wlz-online.de,GM,349888
t-l.ru,RS,349789
nottinghampost.com,UK,349668
theboltonnews.co.uk,UK,349456
wcfcourier.com,US,349162
dailyherald.com,US,349144
mangalorean.com,IN,349092
mainpost.de,GM,349060
wandsworthguardian.co.uk,UK,348948
lopezdoriga.com,MX,348247
morungexpress.com,IN,348235
joplinglobe.com,US,347920
therural.com.au,AS,347813
naharnet.com,IS,347142
familydestinationsguide.com,US,346945
ajc.com,US,346887
morningsun.net,US,346808
baodautu.vn,VM,346755
sudanile.com,SU,346354
tivysideadvertiser.co.uk,UK,345684
hardenexpress.com.au,AS,345341
orientaldaily.com.my,MY,345055
piquenewsmagazine.com,CA,345001
eeo.com.cn,CH,344613
nj1015.com,US,344569
tricitynews.com,CA,344533
thesunchronicle.com,US,344254
muscatinejournal.com,US,344160
adn.com,US,343865
thereminder.ca,CA,343427
maz-online.de,GM,343359
1520theticket.com,US,343091
kokomotribune.com,US,342539
slobodnadalmacija.hr,HR,342182
digi24.ro,RS,341949
scotsman.com,UK,341704
berliner-zeitung.de,GM,341650
richmondandtwickenhamtimes.co.uk,UK,341631
3yonnews.com,SA,341483
dha.com.tr,TU,341238
lacerca.com,SP,341163
haksozhaber.net,IS,341042
vtv.vn,VM,340968
texasguardian.com,US,340945
nhregister.com,US,340738
tennesseedaily.com,US,340734
timescolonist.com,CA,340625
aajsamaaj.com,IN,340094
news.am,AM,340082
26sep.net,YM,339463
lagazzettadelmezzogiorno.it,IT,339387
saamana.com,IN,339014
farmweekly.com.au,AS,339002
edmontonsun.com,CA,338855
chronicleonline.com,US,338634
ivpressonline.com,US,338633
zerohedge.com,US,338595
politicamentecorretto.com,IT,338470
tn.com.ar,AR,338283
laodong.vn,VM,338177
journaldequebec.com,CA,337656
lnd.com.cn,CH,337424
al-monitor.com,IS,337401
etnews.com,KS,337356
regionews.at,AU,337291
diariosur.es,SP,337183
voacantonese.com,CH,336938
eastlothiancourier.com,UK,336903
penarthtimes.co.uk,UK,336662
wmtw.com,US,336175
sakshi.com,IN,336150
hokkoku.co.jp,JA,336082
digitaljournal.com,US,335955
diariodesevilla.es,SP,335872
topontiki.gr,GR,335050
squamishchief.com,CA,335001
palinfo.com,IS,334992
organiser.org,IN,334879
ilfattonisseno.it,IT,334847
dallassun.com,US,334826
rhyljournal.co.uk,UK,334807
bangordailynews.com,US,334804
idahopress.com,US,334410
odatv.com,TU,334351
unn.com.ua,UP,333289
greenocktelegraph.co.uk,UK,333136
basingstokegazette.co.uk,UK,333104
inforum.com,US,333052
pronedra.ru,RS,332934
inquirer.com,US,332883
standartnews.com,BU,332799
lecourrier.vn,VM,332746
panchjanya.com,IN,332519
heraldo.es,SP,332339
volga.news,RS,332332
sme.sk,LO,332259
rga.de,GM,332189
krmg.com,US,332093
943thepoint.com,US,332003
elmanana.com.mx,MX,331943
covers.com,US,331713
wiltsglosstandard.co.uk,UK,331237
dudleynews.co.uk,UK,330968
madison.com,US,330665
citnews.com.cn,CH,330664
tiscali.it,IT,330640
schwaebische.de,GM,330594
ketv.com,US,330535
rferl.org,RS,330533
1057thehawk.com,US,330505
elheraldo.co,CO,330491
24sata.hr,HR,330408
ole.com.ar,AR,330328
brecorder.com,PK,330275
fox7austin.com,US,329714
dailystar.co.uk,UK,329619
kob.com,US,329582
chelmsfordweeklynews.co.uk,UK,329282
ludlowadvertiser.co.uk,UK,329194
kiro7.com,US,328817
abril.com.br,BR,328713
sangbadpratidin.in,IN,328670
pakasiatimes.com,CH,328214
wgal.com,US,328183
ottumwacourier.com,US,327561
hexham-courant.co.uk,UK,327391
nsnews.com,CA,327210
erzurumgazetesi.com.tr,TU,327071
lance.com.br,BR,326905
keighleynews.co.uk,UK,326577
kuna.net.kw,KU,326360
vv.com.ua,UP,326267
cau.edu.cn,CH,326007
interfax-russia.ru,RS,325685
futebolinterior.com.br,BR,325628
malverngazette.co.uk,UK,325512
ejecentral.com.mx,MX,325324
wharfedaleobserver.co.uk,UK,325236
madhyamam.com,IN,325011
nra.lv,LG,324685
nbcbayarea.com,US,324630
wboc.com,US,324435
cri.cn,CH,324379
alriyadh.com,SA,324346
fox26houston.com,US,324324
iwate-np.co.jp,JA,324301
bournemouthecho.co.uk,UK,324211
lamontagne.fr,FR,324189
baochinhphu.vn,VM,324004
noen.at,AU,323848
wjcl.com,US,323616
weser-kurier.de,GM,323533
lastampa.it,IT,323408
hoytamaulipas.net,MX,323260
kidderminstershuttle.co.uk,UK,323180
inverness-courier.co.uk,UK,323065
wsiu.org,US,322857
fox5atlanta.com,US,322851
nepalnational.com,IN,322645
timesofmalta.com,MT,322580
klcc.org,US,322510
impartialreporter.com,UK,322074
ledauphine.com,FR,322057
sanremonews.it,IT,321880
analisadaily.com,ID,321752
almomento.mx,MX,321579
hkwb.net,CH,321447
aljazeera.com,IS,321361
brentwoodlive.co.uk,UK,321318
lavoz.com.ar,AR,320706
mansheet.net,EG,320434
cubaheadlines.com,CU,320337
sabq.org,SA,320332
irishmirror.ie,EI,320260
lbc.co.uk,UK,320252
blesk.cz,EZ,320097
dorsetecho.co.uk,UK,319672
lne.es,SP,318446
dn.se,SW,318320
newswit.com,TH,317840
dnn.de,GM,317234
bgdailynews.com,US,316736
realitatea.net,RO,316710
dainiktribuneonline.com,IN,316709
redstate.com,US,316538
kfilradio.com,US,316260
alo.rs,RI,316239
samaa.tv,PK,316234
masslive.com,US,315802
insurancenewsnet.com,US,315590
waz-online.de,GM,315046
vietbao.vn,VM,314716
udayavani.com,IN,314694
bworldonline.com,RP,314362
newstracklive.com,IN,313643
640wxsm.com,US,313338
kramatorsk.info,UP,313019
stalbertgazette.com,CA,312886
offalyexpress.ie,EI,312391
couriernews.com,US,312134
yumasun.com,US,312122
fox4news.com,US,312064
countytimes.co.uk,UK,311992
newratings.de,GM,311943
fox35orlando.com,US,311850
mcall.com,US,311808
correiodopovo.com.br,BR,311733
wisn.com,US,311711
ealingtimes.co.uk,UK,311701
redditchadvertiser.co.uk,UK,311516
register-herald.com,US,311328
denbighshirefreepress.co.uk,UK,311292
elperiodico.cat,SP,310821
irishnews.com,UK,310688
richmond-news.com,CA,310286
bucksfreepress.co.uk,UK,310265
vosgesmatin.fr,FR,310223
pentictonherald.ca,CA,310211
andoveradvertiser.co.uk,UK,310161
dimokratiki.gr,GR,310159
tynews.com.cn,CH,310123
financialpost.com,CA,310109
ilmattino.it,IT,309966
berkshireeagle.com,US,309936
klops.ru,RS,309817
boredpanda.com,US,309750
pnp.de,GM,309067
dundalkdemocrat.ie,EI,309022
paz-online.de,GM,308742
vtvgujarati.com,IN,308685
cbg.cn,CH,308564
nola.com,US,308355
aiwaegypt.com,EG,308314
habervitrini.com,TU,308168
wlky.com,US,308104
wxii12.com,US,308103
newindianexpress.com,IN,307876
couriermail.com.au,AS,307848
mondaq.com,US,307802
wbaltv.com,US,307801
ibarakinews.jp,JA,307768
bdtonline.com,US,307759
vesti-ua.net,UP,307479
eveshamjournal.co.uk,UK,307475
extra.ec,EC,307171
kibrisgazetesi.com,CY,306992
laosnews.net,IN,306978
marketwatch.com,US,306783
gazetteseries.co.uk,UK,306649
profile.ru,RS,306229
theusnews.com,US,306186
darlingtonandstocktontimes.co.uk,UK,305901
dailyvoice.com,US,305810
borehamwoodtimes.co.uk,UK,305802
christianpost.com,US,305726
whec.com,US,305683
athensvoice.gr,GR,305440
margaretrivermail.com.au,AS,305310
acidadeon.com,BR,305062
vneconomy.vn,VM,304947
eldeber.com.bo,BL,304783
northwalespioneer.co.uk,UK,304692
bwabtk.com,EG,304638
scroll.in,IN,304178
cafebiz.vn,VM,303622
lebanese-forces.com,LE,303418
uainfo.org,UP,303157
faz.net,GM,303074
pulsoslp.com.mx,MX,302954
fool.com,US,302889
bowenislandundercurrent.com,CA,302635
bakersfield.com,US,302535
huanbohainews.com.cn,CH,302365
20minutes.fr,FR,302016
gazetteandherald.co.uk,UK,301963
ziarulprofit.ro,RO,301869
wtae.com,US,301647
laist.com,US,301496
newwestrecord.ca,CA,301452
stockandland.com.au,AS,301135
fox32chicago.com,US,301089
net.hr,HR,301084
la-croix.com,FR,300506
arabi21.com,IS,300109
burnabynow.com,CA,299987
stroudnewsandjournal.co.uk,UK,299713
unionleader.com,US,299647
thecentersquare.com,US,299593
24-horas.mx,MX,299037
bigmir.net,UP,299010
mittelbayerische.de,GM,298784
newtoncountytimes.com,US,298758
bhol.co.il,IS,298735
burgas24.bg,BU,298469
screenrant.com,US,298452
elpais.com.uy,UY,298250
boerse-social.com,AU,298224
pudhari.news,IN,298191
guardian-series.co.uk,UK,298146
thebest.gr,GR,297840
zetatijuana.com,MX,297816
sputniknews.com,RS,297781
elpasoinc.com,US,297730
gazeta.pl,PL,297520
times-series.co.uk,UK,297507
youth.cn,CH,297398
renminbao.com,CH,297369
savonsanomat.fi,FI,297232
cp24.com,CA,297207
dunfermlinepress.com,UK,296918
echoroukonline.com,AG,296904
leinsterexpress.ie,EI,296571
primamedia.ru,RS,296546
andaluciainformacion.es,SP,296402
tvoemisto.tv,UP,296118
lratvakan.com,RS,295992
nigerianeye.com,NI,295904
mykxlg.com,US,295865
tnledger.com,US,295803
stockjournal.com.au,AS,295144
ctgtribune.com,CH,295130
eleconomista.es,SP,295017
oggitreviso.it,IT,294786
niagarafallsreview.ca,CA,294765
hillingdontimes.co.uk,UK,294736
propertynews.pl,PL,294497
journalstar.com,US,294079
kocaeligazetesi.com.tr,TU,294019
aristeguinoticias.com,MX,293751
tvzvezda.ru,RS,293674
lemonde.fr,FR,293578
qudspress.com,IS,293431
wpdh.com,US,293177
sn-online.de,GM,292961
opinionnigeria.com,NI,292843
radio-canada.ca,CA,292813
wpbf.com,US,292721
odt.co.nz,NZ,292540
dhakatimes24.com,BG,292420
ktbb.com,US,292392
yenialanya.com,TU,292383
yankton.net,US,292274
noticiasrcn.com,CO,291667
azcentral.com,US,291411
swissinfo.ch,SZ,291336
esaimaa.fi,FI,291222
vienna.at,AU,291139
nna-leb.gov.lb,LE,291120
finance.ua,UP,291023
caracol.com.co,CO,291019
channelstv.com,NI,290934
idrw.org,IN,290873
eastrussia.ru,RS,290860
solinger-tageblatt.de,GM,290586
sloughobserver.co.uk,UK,290346
tgrthaber.com.tr,TU,290184
bokra.net,IS,290153
tumentoday.ru,RS,290102
wvtm13.com,US,290021
drimble.nl,NL,289975
piter.tv,RS,289681
lanouvellerepublique.fr,FR,289649
bromsgroveadvertiser.co.uk,UK,289637
brandonsun.com,CA,289548
northwaleschronicle.co.uk,UK,289544
bangladeshsun.com,IN,289530
salisburyjournal.co.uk,UK,289333
4029tv.com,US,289326
kouvolansanomat.fi,FI,288515
nbcwashington.com,US,288332
news8000.com,US,288185
reporter.gr,GR,288052
perthnow.com.au,AS,288014
torontotelegraph.com,CA,287946
dailycamera.com,US,287763
annapurnapost.com,NP,287734
ilgiorno.it,IT,287608
wfaa.com,US,287439
cotswoldjournal.co.uk,UK,287433
inews24.com,KS,287330
kgou.org,US,287140
krdo.com,US,287078
albiladpress.com,BA,286788
boersennews.de,GM,286609
sggp.org.vn,VM,286584
giaoducthoidai.vn,VM,286478
index.hu,HU,286401
twincities.com,US,286394
lifo.gr,GR,286385
pennlive.com,US,286319
theathletic.com,US,286270
losandes.com.ar,AR,286023
landeszeitung.de,GM,285894
radiosantafe.com,CO,285882
watoday.com.au,AS,285751
ctinsider.com,US,285695
hometownregister.com,US,285692
syd.com.cn,CH,285642
pakistantelegraph.com,PK,285341
ksml.fi,FI,285308
alwasat.ly,LY,285063
libertatea.ro,RO,284905
citizen.co.za,SF,284675
cope.es,SP,284607
fakt.pl,PL,284565
sputniknews.cn,RS,284293
afr.com,AS,284257
lindependant.fr,FR,284077
expreso.ec,EC,283970
dnes.bg,BU,283966
leicestermercury.co.uk,UK,283762
kdhlradio.com,US,283708
oncevatan.com.tr,TU,283573
greekreporter.com,GR,283289
9news.com.au,AS,283272
bridportnews.co.uk,UK,283051
grandforksherald.com,US,282952
bankier.pl,PL,282871
qingdaonews.com,CH,282785
leprogres.fr,FR,282756
thisiswiltshire.co.uk,UK,282448
heraldsun.com.au,AS,282423
vozpopuli.com,SP,282408
lansi-savo.fi,FI,282391
chechenews.com,RS,282143
taxydromos.gr,GR,281759
fansided.com,US,281632
pmnewsnigeria.com,NI,281491
ozgurkocaeli.com.tr,TU,281476
sunstar.com.ph,RP,281405
enfieldindependent.co.uk,UK,281402
yenimesaj.com.tr,TU,281342
gazetaexpress.com,KV,281333
wlrn.org,US,281278
peruenlinea.pe,JA,281151
thehour.com,US,281077
tvanouvelles.ca,CA,280973
wrrv.com,US,280902
sss.fi,FI,280885
ngs.ru,RS,280794
fox29.com,US,280650
santafenewmexican.com,US,280487
thenorthlines.com,IN,280421
belfasttelegraph.co.uk,UK,280230
koat.com,US,280208
watfordobserver.co.uk,UK,280207
irvinetimes.com,UK,280168
dallasnews.com,US,279953
clevelandstar.com,US,279845
eturbonews.com,US,279807
annaharkw.com,KU,279687
maliweb.net,ML,279526
targatocn.it,IT,279504
thetottenhamindependent.co.uk,UK,279414
eppingforestguardian.co.uk,UK,279027
ipswichstar.co.uk,UK,278997
hawaiitelegraph.com,US,278815
wcsufm.org,US,278750
catcountry1073.com,US,278737
cpd.com.cn,CH,278523
am.com.mx,MX,278435
dorzeczy.pl,PL,278391
news.gr,GR,278377
kunc.org,US,278211
palestinechronicle.com,IS,277725
clydebankpost.co.uk,UK,277590
qdnd.vn,VM,277551
al.com,US,277294
indiatoday.in,IN,277110
13tv.co.il,IS,277026
deseret.com,US,276927
ledevoir.com,CA,276675
921theticket.com,US,276644
mako.co.il,IS,276599
harrowtimes.co.uk,UK,276570
lurer.com,AM,276509
hudsonvalleycountry.com,US,276461
haberankara.com,TU,276288
jewishpress.com,IS,276194
dailyaaj.com.pk,PK,276012
wafa.ps,IS,275987
wellingtontimes.com.au,AS,275867
saratogian.com,US,275786
malijet.com,ML,275767
middletownpress.com,US,275543
princegeorgecitizen.com,CA,275389
leparisien.fr,FR,275311
ledburyreporter.co.uk,UK,275244
erienewsnow.com,US,275138
tribunadonorte.com.br,BR,275131
businessnews.gr,GR,275097
tribunahoje.com,BR,274948
centrepresseaveyron.fr,FR,274638
bagnet.org,UP,274599
fox5ny.com,US,274478
mlb.com,US,274228
anandabazar.com,IN,274216
news.pn,UP,274147
bridgwatermercury.co.uk,UK,274078
bordertelegraph.com,UK,274055
gazetaolsztynska.pl,PL,273919
patrasevents.gr,GR,273907
bruneinews.net,IN,273502
patrika.com,IN,273415
canarias7.es,SP,273367
tio.ch,SZ,273182
radiozet.pl,PL,273157
reporteindigo.com,MX,273098
indiatvnews.com,IN,273094
peeblesshirenews.com,UK,273038
cronicadecantabria.com,SP,272977
lacrossetribune.com,US,272248
nordkurier.de,GM,271998
herald.co.zw,ZI,271734
stawelltimes.com.au,AS,271687
kenh14.vn,VM,271685
sandiegosun.com,US,271605
blackseanews.net,UP,271584
sentinelassam.com,IN,271331
news-daily.com,US,271259
marca.com,SP,271233
jo24.net,IS,271171
laopiniondemalaga.es,SP,270604
noz.de,GM,270558
laodongthudo.vn,VM,270423
straitstimes.com,SN,270104
pittsburghstar.com,US,269934
gea.de,GM,269788
haberhurriyeti.com,TU,269502
wral.com,US,269114
dialogos.com.cy,CY,268933
agerpres.ro,RO,268823
dailygazette.com,US,268773
news-front.info,UP,268763
jansatta.com,IN,268762
kedm.org,US,268727
southwalesguardian.co.uk,UK,268514
glas-slavonije.hr,HR,268420
thaipbs.or.th,TH,268252
bulawayo24.com,ZI,268190
lapatilla.com,VE,268171
dailyhindinews.com,IN,268032
castanetkamloops.net,CA,267999
wkms.org,US,267862
krforadio.com,US,267740
opovo.com.br,BR,267621
wdrb.com,US,267548
rhein-zeitung.de,GM,267548
dailyexpress.com.my,MY,267262
proceso.hn,HO,267123
toonippo.co.jp,JA,266991
burnhamandhighbridgeweeklynews.co.uk,UK,266970
theadvocate.com,US,266884
telegraf.rs,RI,266729
dsnews.ua,UP,266681
troyrecord.com,US,266534
mediafax.ro,RO,266399
thurrockgazette.co.uk,UK,266372
bdnews24.com,BG,266218
padovanews.it,IT,266202
regions.ru,RS,266117
kens5.com,US,266027
monitorulcj.ro,RO,265849
cootamundraherald.com.au,AS,265785
cz.de,GM,265651
wz.lviv.ua,UP,265645
nate.com,KS,265608
kasu.org,US,265571
seattletimes.com,US,265534
bracknellnews.co.uk,UK,265514
mngz.ru,RS,265145
youm7.com,EG,265028
eveningnews24.co.uk,UK,264781
elpais.com.co,CO,264630
triblive.com,US,264554
wfae.org,US,264391
devdiscourse.com,IN,264168
bostonstar.com,US,264114
shz.de,GM,263737
freepressseries.co.uk,UK,263451
novilist.hr,HR,263445
abruzzoweb.it,IT,263420
wknofm.org,US,263410
benzinga.com,US,263389
sn.at,AU,263374
theatlantic.com,US,263054
punjabitribuneonline.com,IN,263034
ksbw.com,US,262779
austinglobe.com,US,262317
ascii.jp,JA,261570
tayyar.org,LE,261514
daidoanket.vn,VM,261299
abc7chicago.com,US,261073
thejournal.ie,EI,261027
prahaar.in,IN,260870
algemeiner.com,IS,260823
leighjournal.co.uk,UK,260490
spokesman.com,US,260350
oskaloosa.com,US,260279
tips.at,AU,260029
dailypost.co.uk,UK,260002
braunschweiger-zeitung.de,GM,259976
aljazeeramubasher.net,IS,259940
newsx.com,IN,259770
francebleu.fr,FR,259706
intermedia.ru,RS,259652
countypress.co.uk,UK,259414
milfordmercury.co.uk,UK,259375
imerisia.gr,GR,259001
chuzhou.cn,CH,258788
oregonlive.com,US,258498
aktiencheck.de,GM,258428
dailyjournal.net,US,258400
chardandilminsternews.co.uk,UK,258321
phoenixherald.com,US,258184
alnilin.com,SU,257834
ellitoral.com,AR,257803
peoplesdailyng.com,NI,257644
ita-savo.fi,FI,257576
news.bg,RS,257440
khou.com,US,257354
kwongwah.com.my,MY,257317
wapt.com,US,257312
cuartopoder.mx,MX,256864
levante-emv.com,SP,256683
recorderonline.com,US,256582
yenikonya.com.tr,TU,256397
power96radio.com,US,256275
radiofrance.fr,FR,255960
wellandtribune.ca,CA,255676
vir.com.vn,VM,255251
barryanddistrictnews.co.uk,UK,255024
diariocambio.com.mx,MX,254906
wjoxam.com,US,254692
yenisafak.com,TU,254446
telegraphherald.com,US,254250
xiancn.com,CH,254227
graphic.com.gh,GH,254137
novamakedonija.com.mk,MK,254126
elshinta.com,ID,254104
jiji.com,JA,253459
foxla.com,US,253428
ess.fi,FI,253370
vestikavkaza.ru,RS,253294
propakistani.pk,PK,253177
jacksonprogress-argus.com,US,253150
promptnewsonline.com,NI,253081
malagahoy.es,SP,253005
thompsoncitizen.net,CA,252947
glavnoe.in.ua,UP,252886
runcornandwidnesworld.co.uk,UK,252688
op-marburg.de,GM,252566
informacion.es,SP,252292
eastidahonews.com,US,252272
as.com,SP,251965
voanews.com,US,251939
ustv.com.tw,TW,251843
somerset-kentucky.com,US,251826
diariodemorelos.com,MX,251750
ammonnews.net,IS,251696
wkyc.com,US,251684
istoe.com.br,BR,251682
elcorreogallego.es,SP,251618
ultimasnoticias.com.ve,VE,251435
dumbartonreporter.co.uk,UK,251362
womannews.net,KS,251297
echo24.cz,UP,251194
ilsole24ore.com,IT,251049
puentelibre.mx,MX,250904
timescall.com,US,250850
dinamalar.com,IN,250755
usf.edu,US,250698
reviewjournal.com,US,250696
stimme.de,GM,250655
haqqin.az,RS,250546
cuvantul-liber.ro,RO,250367
imirante.com,BR,250291
zvw.de,GM,250215
12news.com,US,250022
citynews.ca,US,249988
fox5dc.com,US,249756
knpr.org,US,249551
tinnhanhchungkhoan.vn,VM,249474
prweb.com,US,249279
winchesterstar.com,US,249055
kazanfirst.ru,RS,248970
southcarolinapublicradio.org,US,248923
thesudburystar.com,CA,248887
iprofesional.com,AR,248700
ilsussidiario.net,IT,248666
tothemaonline.com,CY,248652
kurier.at,AU,248600
posta.com.tr,TU,248451
island.lk,CE,248397
northernpublicradio.org,US,248359
cross.bg,BU,248123
carlow-nationalist.ie,EI,247952
nj.com,US,247729
yeniasir.com.tr,TU,247693
sanook.com,TH,247585
somersetlive.co.uk,UK,247368
elbadil.com,EG,247341
asiabulletin.com,IN,247335
northcountrypublicradio.org,US,247052
unionesarda.it,IT,247030
ngoisao.vn,VM,246677
thoibaotaichinhvietnam.vn,VM,246637
apa.az,AJ,246603
askanews.it,IT,246581
easternmirrornagaland.com,IN,246466
10tv.com,US,246226
armtimes.com,AM,246201
cnd.org,CH,246152
bbtnews.com.cn,CH,245865
ziuaconstanta.ro,RO,245848
mesagerul.ro,RO,245559
radio.opole.pl,PL,245466
newyorktelegraph.com,US,245453
pedaily.cn,CH,245328
wrvo.org,US,245147
tarunbharat.com,IN,245008
metro.us,US,245006
abc10.com,US,244950
diariodemallorca.es,SP,244941
oranews.tv,AL,244882
news24.com,SF,244850
derbund.ch,SZ,244695
diariodecadiz.es,SP,244669
messenger-inquirer.com,US,244645
telegraf.al,AL,244579
hra-news.org,IR,244518
nationalpost.com,CA,244433
staradvertiser.com,US,244316
expressnews.com,US,244311
springfieldnewssun.com,US,244026
theborneopost.com,MY,243894
valdostadailytimes.com,US,243777
affaritaliani.it,IT,243618
laverdadnoticias.com,MX,243474
swoknews.com,US,243404
uralpress.ru,RS,243248
usnews.com,US,243191
folhavitoria.com.br,BR,243156
kymensanomat.fi,FI,243012
middleeaststar.com,IS,242928
keski-uusimaa.fi,FI,242728
geelongadvertiser.com.au,AS,242562
reporterherald.com,US,242562
makfax.com.mk,MK,242332
famitsu.com,JA,242289
cotidianul.ro,RO,242109
floridastatesman.com,US,242108
trud-ost.ru,RS,242051
estrepublicain.fr,FR,241965
stripes.com,US,241756
today.az,AJ,241730
sojo1049.com,US,241667
record.com.mx,MX,241507
journalgazette.net,US,241334
hotair.com,US,241228
bernerzeitung.ch,SZ,241223
naija247news.com,NI,241070
radiofarda.com,IR,241062
wglt.org,US,241059
ktvb.com,US,240940
publico.pt,PO,240800
aamuposti.fi,FI,240672
washtimesherald.com,US,240555
greensburgdailynews.com,US,240501
richmond.com,US,240480
rynekzdrowia.pl,PL,240216
lagacetadesalamanca.es,SP,240179
pulse.ng,NI,240130
niezalezna.pl,PL,240083
istoedinheiro.com.br,BR,240081
bjreview.com.cn,CH,240062
longfordleader.ie,EI,240050
waterford-news.ie,EI,239984
panow.com,CA,239810
bursahakimiyet.com.tr,TU,239809
thewire.in,IN,239766
local3news.com,US,239638
cafef.vn,VM,239551
corriereadriatico.it,IT,239543
ibtimes.com,US,239433
money-link.com.tw,TW,239358
wpsu.org,US,239293
cyprus-mail.com,CY,239201
arabherald.com,IS,239126
gorenjskiglas.si,SI,238858
goshennews.com,US,238787
frontpageafricaonline.com,LI,238691
timesfreepress.com,US,238675
mathrubhumi.com,IN,238623
dailylviv.com,UP,238576
mediotiempo.com,MX,238378
whtimes.co.uk,UK,238363
novinite.com,BU,238294
delta-optimist.com,CA,238265
laprovinciacr.it,IT,238151
quotidiano.net,IT,238031
krjogja.com,ID,237987
finanzen.net,GM,237908
tass.com,RS,237742
fortmorgantimes.com,US,237495
diariocordoba.com,SP,237450
expressen.se,SW,237381
komiinform.ru,RS,237356
ekriti.gr,GR,237070
pantagraph.com,US,236968
offsite.com.cy,CY,236956
zgnt.net,CH,236939
thenewdawnliberia.com,LI,236855
regionews.ua,UP,236828
ibtimes.co.in,IN,236779
ft.lk,CE,236714
rtrs.tv,RB,236692
kesq.com,US,236599
elnuevosiglo.com.co,CO,236555
nld.com.vn,VM,236099
kibrispostasi.com,TU,236085
therealdeal.com,US,236068
nw.de,GM,235866
yenimeram.com.tr,TU,235841
lt10.com.ar,AR,235759
is.fi,FI,235758
thetimes-tribune.com,US,235668
quicknews-africa.net,NI,235623
epochtimes.com.tw,TW,235461
sfchronicle.com,US,235364
daily-choices.com,US,235329
kekbfm.com,US,235212
nugget.ca,CA,235149
typosthes.gr,GR,235072
wvxu.org,US,234836
daytondailynews.com,US,234768
wvik.org,US,234246
lexpress.fr,FR,234137
natlawreview.com,US,234025
wjol.com,US,233923
leggo.it,IT,233793
ahaber.com.tr,TU,233324
thaipr.net,TH,233259
mena.org.eg,EG,233228
ktop1490.com,US,233141
icmos.ru,RS,233038
pragativadi.com,IN,232993
gazettelive.co.uk,UK,232970
rpp.pe,PE,232927
dnevnik.bg,BU,232891
derwesten.de,GM,232862
kunm.org,US,232761
blagoevgrad24.bg,BU,232615
wgrd.com,US,232490
wnd.com,US,232446
kavkaz-uzel.eu,RS,232140
stokesentinel.co.uk,UK,232106
bk55.ru,RS,231577
wbaa.org,US,231385
qctimes.com,US,231322
thedailybeast.com,US,231133
bangkokbiznews.com,TH,230995
sigmalive.com,CY,230942
dnevno.hr,HR,230923
addustour.com,JO,230892
kacu.org,US,230774
10news.com,US,230679
tvazteca.com,MX,230670
citizensvoice.com,US,230612
novinite.bg,BU,230504
butlereagle.com,US,230389
madata.gr,GR,230206
tap.info.tn,TS,230199
phys.org,US,230165
tdg.ch,SZ,230021
srugim.co.il,IS,229996
greatbendpost.com,US,229979
wibx950.com,US,229787
newstalkzb.co.nz,NZ,229782
ertnews.gr,GR,229703
asianimage.co.uk,UK,229559
wirtualnemedia.pl,PL,229394
ktvu.com,US,229372
cambridge-news.co.uk,UK,229365
elperiodicodearagon.com,SP,229199
elperiodicoextremadura.com,SP,229140
palpalindia.com,IN,228596
mig.com.ua,UP,228582
delcotimes.com,US,228548
timminspress.com,CA,228293
arminfo.info,AM,228293
theroar.com.au,AS,228218
upr.org,US,228152
airdriecityview.com,CA,227979
laopiniondemurcia.es,SP,227898
e-thessalia.gr,GR,227835
panarmenian.net,AM,227810
bnnbloomberg.ca,US,227739
meteoweb.eu,IT,227583
alwatanvoice.com,IS,227390
suckhoedoisong.vn,VM,227276
hppr.org,US,227220
necn.com,US,226906
marinij.com,US,226894
kashmirreader.com,IN,226622
newstribune.com,US,226592
keyt.com,US,226585
jinghua.cn,CH,226549
memphissun.com,US,226402
diariopanorama.com,AR,226142
therepublic.com,US,226136
houstonpublicmedia.org,US,225963
tuttoggi.info,IT,225852
huffingtonpost.es,SP,225735
periodicocentral.mx,MX,225706
ambito.com,AR,225554
europasur.es,SP,225474
lepoint.fr,FR,225334
elsoldepuebla.com.mx,MX,225282
chaozhoudaily.com,CH,225047
rheinpfalz.de,GM,225021
leitrimobserver.ie,EI,224872
tuoitrenews.vn,VM,224703
kazpravda.kz,KZ,224700
northqueenslandregister.com.au,AS,224623
cubadebate.cu,CU,224571
greeleytribune.com,US,224547
tlz.de,GM,224529
tgrthaber.com,TU,224452
republika.mk,MK,224398
11alive.com,US,224041
romaniapozitiva.ro,RO,223743
anhuinews.com,CH,223720
kelownacapnews.com,CA,223719
elperiodicodemexico.com,MX,223707
bild.de,GM,223687
limerickleader.ie,EI,223685
dn.pt,PO,223630
thueringer-allgemeine.de,GM,223609
dailylocal.com,US,223452
wfin.com,US,223371
koreabizwire.com,KS,223345
indiaeducationdiary.in,IN,223115
severinform.ru,RS,223074
irishcentral.com,EI,222851
romfordrecorder.co.uk,UK,222833
nta-pfo.ru,RS,222652
alahalygate.com,EG,222602
altaghyeer.info,SU,222371
ualrpublicradio.org,US,222366
hitsfm.net,US,222336
jyllands-posten.dk,DA,222303
newsway.co.kr,KS,221997
aydinses.com,TU,221922
kazu.org,US,221908
koulouba.com,ML,221900
itv.com,UK,221860
novinky.cz,EZ,221713
kpvi.com,US,221678
kikar.co.il,IS,221660
orissadiary.com,IN,221549
kool1079.com,US,221485
dlahandlu.pl,PL,221411
toyokeizai.net,JA,221285
thenews-chronicle.com,NI,221189
kansaspublicradio.org,US,220812
qds.it,IT,220666
goskagit.com,US,220605
eleconomista.com.mx,MX,220534
richmondregister.com,US,220497
hket.com,CH,220477
kgw.com,US,220425
coventrytelegraph.net,UK,220347
thesun.ng,NI,220008
nashvilleherald.com,US,219849
mersinhaber.com,TU,219822
otz.de,GM,219736
eju.tv,BL,219697
kten.com,US,219686
themoscowtimes.com,RS,219598
tiempo.com.mx,MX,219586
riasv.ru,UP,219481
nicematin.com,FR,219453
902.gr,GR,219432
sofokleousin.gr,GR,219364
abc13.com,US,219268
kawc.org,US,219251
kbs.co.kr,KS,219231
lebanondemocrat.com,US,219033
di.se,SW,218990
373news.com,JA,218893
portafolio.co,CO,218872
24h.com.vn,VM,218807
laois-nationalist.ie,EI,218746
teleborsa.it,IT,218615
thefrontierpost.com,PK,218515
westernpeople.ie,EI,218434
animalpolitico.com,MX,218230
wyso.org,US,218163
saultstar.com,CA,218122
patriotpost.us,US,217524
niedziela.pl,PL,217492
zfenglish.com,RO,217479
fakty.ua,UP,217459
theoaklandpress.com,US,217325
benningtonbanner.com,US,217323
shfanews.net,IS,217296
wkjc.com,US,217234
wondradio.com,US,217190
ktbs.com,US,217013
wthr.com,US,216921
syracuse.com,US,216874
24heures.ch,SZ,216862
punjabkesari.com,IN,216675
centrometeoitaliano.it,IT,216647
95rockfm.com,US,216602
artdaily.com,US,216585
aex.ru,RS,216557
kohajone.com,AL,216405
elperiodicomediterraneo.com,SP,216400
stalbansreview.co.uk,UK,216368
hellenicshippingnews.com,CH,216366
mix1043fm.com,US,216344
glavpost.com,UP,216304
rivergrandrapids.com,US,216237
chroniclejournal.com,CA,216001
kmuw.org,US,215869
farmer.pl,PL,215801
samanyoluhaber.com,TU,215679
gestion.pe,PE,215630
kwbu.org,US,215556
tiempo.hn,HO,215547
ctpost.com,US,215540
wam.ae,AE,215264
shikoku-np.co.jp,JA,215140
registercitizen.com,US,215019
diariodepontevedra.es,SP,214994
odessa-life.od.ua,UP,214907
standard.co.uk,UK,214771
wadk.com,US,214714
olaymedya.com,TU,214569
analisisdigital.com.ar,AR,214547
racurs.ua,UP,214201
lykavitos.gr,GR,213978
ekhokavkaza.com,RS,213946
nishinippon.co.jp,JA,213884
wuwf.org,US,213862
bzi.ro,RO,213722
kilkennypeople.ie,EI,213686
nwitimes.com,US,213587
gov.ru,RS,213553
timeturk.com,TU,213490
fenix951.com.ar,AR,213463
hamhigh.co.uk,UK,213440
ciudadccs.info,VE,213368
jns.org,IS,213324
leinsterleader.ie,EI,213148
witl.com,US,213107
wprl.org,US,213089
lajornadadeoriente.com.mx,MX,213060
nbcmontana.com,US,213018
wacotrib.com,US,212960
adgully.com,IN,212658
ross-shirejournal.co.uk,UK,212655
saarbruecker-zeitung.de,GM,212495
timesunion.com,US,212311
contextotucuman.com,AR,212303
bigfrog104.com,US,212265
northernnews.ca,CA,212236
app.com.pk,PK,212215
watson.ch,SZ,212213
araratadvertiser.com.au,AS,212044
abc7.com,US,212012
khabarfast.com,IN,212003
edmontonjournal.com,CA,211986
scvnews.com,US,211969
diariodeibiza.es,SP,211913
baltimorestar.com,US,211820
panorama.com.al,AL,211663
961theeagle.com,US,211581
elespanol.com,SP,211386
quickcountry.com,US,211365
dire.it,IT,211327
publimetro.co,CO,211327
johnogroat-journal.co.uk,UK,211327
real.gr,GR,211296
sevastopol.su,RS,211291
skynews.com.au,AS,211273
duluthnewstribune.com,US,211089
diariocorreo.pe,PE,211050
newjerseytelegraph.com,US,211004
hsbnoticias.com,CO,210986
texarkanagazette.com,US,210985
medicinehatnews.com,CA,210954
stamfordadvocate.com,US,210707
fitzhugh.ca,CA,210670
newsinfo.ru,RS,210268
diepresse.com,AU,210252
13newsnow.com,US,210147
sussexexpress.co.uk,UK,210099
wtsp.com,US,209827
wctrib.com,US,209826
vernonmorningstar.com,CA,209655
journal-advocate.com,US,209629
oe24.at,AU,209572
kvpr.org,US,209494
gulfnews.com,AE,209283
gp.se,SW,209137
hraparak.am,AM,209063
mzamin.com,BG,208960
northern-times.co.uk,UK,208947
walla.co.il,IS,208916
gds.it,IT,208858
saultthisweek.com,CA,208759
eldiadecordoba.es,SP,208600
roscommonherald.ie,EI,208536
westmeathexaminer.ie,EI,208502
cochranetimespost.ca,CA,208340
tribune.net.ph,RP,208305
kxly.com,US,208282
thewestonmercury.co.uk,UK,208165
pantip.com,TH,208159
gujaratsamachar.com,IN,208119
outlookindia.com,IN,208075
sky.com,UK,207922
hirado.hu,HU,207811
whas11.com,US,207663
tribdem.com,US,207563
dnews.gr,GR,207533
khmertimeskh.com,CB,207422
townsvillebulletin.com.au,AS,207420
singaporestar.com,CH,207399
civonline.it,IT,207282
greenfieldreporter.com,US,207271
midnorthmonitor.com,CA,207001
kbat.com,US,206885
publico.es,SP,206860
news9.com,US,206777
kvue.com,US,206463
fox9.com,US,206356
publicnewsservice.org,US,206306
politis.com.cy,CY,206215
taz.de,GM,206179
sipse.com,MX,205970
americanthinker.com,US,205946
gowatertown.net,US,205881
trojmiasto.pl,PL,205718
tanjug.rs,RI,205684
azerbaijan-news.az,AJ,205615
1025kiss.com,US,205577
jugantor.com,BG,205513
cowraguardian.com.au,AS,205446
upi.com,US,205409
wtol.com,US,205114
cbs19.tv,US,205076
meteogiornale.it,IT,205008
understandingwar.org,RS,204933
thetimestribune.com,US,204873
ardahanhaberi.com,TU,204818
web.de,GM,204597
deadline.com,US,204403
etikhaber.com,TU,204327
wprost.pl,PL,204044
legit.ng,NI,203976
elliotlakestandard.ca,CA,203812
aise.it,IT,203790
collider.com,US,203780
irishexaminer.com,EI,203693
fox6now.com,US,203679
hameensanomat.fi,FI,203676
ruse24.bg,BU,203571
fenuanews.com,CH,203533
kanal5.com.mk,MK,203521
zdnet.co.kr,KS,203468
estadiodeportivo.com,SP,203370
revistaforum.com.br,BR,203342
alanba.com.kw,KU,203298
fox43.com,US,203266
umbria24.it,IT,203148
forbesadvocate.com.au,AS,203045
dna.fr,FR,202903
talcualdigital.com,VE,202870
kxel.com,US,202831
eva.vn,VM,202737
cbs8.com,US,202709
chattanoogan.com,US,202692
wsiltv.com,US,202639
wkyufm.org,US,202618
aspenpublicradio.org,US,202558
dailyindependent.com,US,202497
stgeorgeutah.com,US,202259
kashmirlife.net,IN,202226
linternaute.com,FR,202104
jamaica-gleaner.com,JM,201801
lapatria.com,CO,201737
las2orillas.co,CO,201704
wmmq.com,US,201626
schwaebische-post.de,GM,201544
infonet.com.br,BR,201491
eldiariomontanes.es,SP,201445
iltirreno.it,IT,201422
okaz.com.sa,SA,201410
reflector.com,US,201323
kurir.rs,RI,201060
magicvalley.com,US,200975
connexionfrance.com,FR,200771
championat.com,RS,200747
knue.com,US,200740
aaj.tv,PK,200712
huffpost.com,US,200682
athens-times.com,GR,200674
tribtown.com,US,200639
20min.ch,SZ,200504
jox2fm.com,US,200418
hulldailymail.co.uk,UK,200392
kdhnews.com,US,200173
matrix24.gr,GR,200110
lethbridgeherald.com,CA,200039
asiaone.com,SN,200019
southeastasiapost.com,PK,200014
abc7news.com,US,199991
westmeathindependent.ie,EI,199876
clintonherald.com,US,199864
plymouthherald.co.uk,UK,199580
kildare-nationalist.ie,EI,199571
mali-web.org,ML,199536
hanoimoi.com.vn,VM,199346
knnews.co.kr,KS,199319
magyarnemzet.hu,HU,199306
getsurrey.co.uk,UK,199270
wyomingpublicmedia.org,US,199219
vindy.com,US,199159
12newsnow.com,US,199104
zavtra.ru,RS,199022
fremonttribune.com,US,198998
lyrb.com.cn,CH,198972
ilsecoloxix.it,IT,198632
canoncitydailyrecord.com,US,198586
abc7ny.com,US,198470
wjla.com,US,198343
macombdaily.com,US,198317
lite987.com,US,198292
ncr-iran.org,IR,198233
agencianova.com,AR,198232
eldiadevalladolid.com,SP,197895
elplural.com,SP,197788
pressdemocrat.com,US,197773
gazeta.ru,RS,197580
mynewsla.com,US,197383
bgonair.bg,BU,197293
canowindranews.com.au,AS,197266
theconstructionindex.co.uk,UK,197172
theprovince.com,CA,197132
kilburntimes.co.uk,UK,197110
hoy.es,SP,196908
ewn.co.za,SF,196839
rnz.de,GM,196797
wjct.org,US,196790
dikaiologitika.gr,GR,196778
caracoltv.com,CO,196712
turktime.com,TU,196677
prajavani.net,IN,196602
meionorte.com,BR,196599
foot-national.com,FR,196565
deita.ru,RS,196509
fox2detroit.com,US,196217
wvgazettemail.com,US,196185
observatorulph.ro,RO,196136
wyrk.com,US,196094
irozhlas.cz,EZ,196024
rtp.pt,PO,195910
wgna.com,US,195841
maszol.ro,RO,195759
faxaju.com.br,BR,195681
the42.ie,EI,195598
univision.com,US,195585
ipress.ua,UP,195583
eremnews.com,IS,195565
echolive.ie,EI,195512
gazetadigital.com.br,BR,195503
tusciaweb.eu,IT,195500
ziarulevenimentul.ro,RO,195438
sanantoniopost.com,US,195403
italiannetwork.it,IT,195385
wzzm13.com,US,195251
br.az,AJ,195153
laverdad.es,SP,194917
antena3.com,SP,194883
pardaphash.com,IN,194786
wlip.com,US,194731
maktel.mk,MK,194724
cbs4local.com,US,194667
moldpres.md,MD,194618
king5.com,US,194541
spbvedomosti.ru,RS,194477
latribunadetoledo.es,SP,194376
ilroma.net,IT,194351
elheraldodesaltillo.mx,MX,194340
day.kyiv.ua,UP,194312
mymahanagar.com,IN,194308
cbs2iowa.com,US,194304
timminstimes.com,CA,194282
kroc.com,US,194275
simcoereformer.ca,CA,194252
heraldbulletin.com,US,194227
wandtv.com,US,194183
stlouisstar.com,US,194133
aquiacontece.com.br,BR,194058
abc.com.py,PA,194047
focus.cn,CH,194010
athensreview.com,US,193986
diariodeburgos.es,SP,193981
9news.com,US,193924
iowapublicradio.org,US,193923
zi-de-zi.ro,RO,193910
naturalnews.com,US,193901
cedarnews.net,IS,193871
tvxs.gr,GR,193842
news4sanantonio.com,US,193810
1tv.ru,RS,193778
news1.co.il,IS,193751
kimt.com,US,193696
elcorreo.com,SP,193609
ovb-online.de,GM,193602
grenfellrecord.com.au,AS,193498
bug.org.ua,UP,193336
chathamdailynews.ca,CA,193260
fanpage.it,IT,193247
pravda.if.ua,UP,193243
samaylive.com,IN,193176
k99.com,US,193124
krwg.org,US,193123
tagesschau.de,GM,193053
gunes.com,TU,192907
lanacion.com.co,CO,192853
bendbulletin.com,US,192694
rkm.kiev.ua,UP,192679
epravda.com.ua,UP,192629
20minut.ua,UP,192620
97zokonline.com,US,192573
foxsanantonio.com,US,192556
horacero.com.mx,MX,192291
whqr.org,US,192245
balkanweb.com,AL,192091
kanw.com,US,191973
kaieteurnewsonline.com,GY,191941
techz.vn,VM,191822
radiopik.pl,PL,191782
haaretz.co.il,IS,191584
standardspeaker.com,US,191542
chronicle.co.zw,ZI,191410
wesa.fm,US,191409
wusa9.com,US,191405
theobserver.ca,CA,191342
us105fm.com,US,191237
phillytrib.com,US,191092
wutc.org,US,191045
975now.com,US,191021
abc6onyourside.com,US,191015
pjmedia.com,US,191014
wclk.com,US,190977
vietstock.vn,VM,190820
mitbbs.com,CH,190718
delo.si,SI,190698
ksmu.org,US,190636
thehill.com,US,190542
gazetevatan.com,TU,190494
insurancejournal.com,US,190441
laopiniondezamora.es,SP,190418
calcalist.co.il,IS,190368
pottsmerc.com,US,190272
infobae.com,US,190139
kwit.org,US,190111
sassarinotizie.com,IT,189706
thewhig.com,CA,189665
la.lv,LG,189432
laprovence.com,FR,189396
govoritmoskva.ru,RS,189394
newspressnow.com,US,189377
billingsgazette.com,US,189170
suedtirolnews.it,IT,189023
eska.pl,PL,188932
biobiochile.cl,CI,188813
silive.com,US,188791
ketr.org,US,188683
953thescore.com,US,188672
949whom.com,US,188595
panorama.am,AM,188567
ziarulunirea.ro,RO,188545
dailyausaf.com,PK,188397
republicanherald.com,US,188108
wvasfm.org,US,187783
telegram.hr,HR,187726
publicradiotulsa.org,US,187693
mz.de,GM,187497
vg.no,NO,187458
hayspost.com,US,187416
diariodeavila.es,SP,187413
abqjournal.com,US,187298
wblm.com,US,187144
novosti.dn.ua,UP,187122
azernews.az,AJ,187080
romatoday.it,IT,186926
today.it,IT,186754
visir.is,IC,186722
charentelibre.fr,FR,186664
correiodoestado.com.br,BR,186506
loktej.com,IN,186398
yorkshirepost.co.uk,UK,186303
mansethaber.com,TU,186288
posttoday.com,TH,186191
malaya.com.ph,RP,186113
mediaite.com,US,186100
diariopalentino.es,SP,186074
dnevnik.hr,HR,186014
bazonline.ch,SZ,185995
alahednews.com.lb,IS,185991
wfsu.org,US,185985
myfox28columbus.com,US,185928
foxwilmington.com,US,185879
starbeacon.com,US,185875
wjimam.com,US,185837
vermontbiz.com,US,185830
malaymail.com,MY,185760
thv11.com,US,185706
philippinetimes.com,RP,185629
swimswam.com,US,185593
wcyy.com,US,185578
salinapost.com,US,185554
republicain-lorrain.fr,FR,185527
sundayworld.com,EI,185496
bleachernation.com,US,185490
aps.dz,AG,185395
lansi-uusimaa.fi,FI,185326
kfoxtv.com,US,185112
lalsace.fr,FR,185020
reformer.com,US,184896
ryukyushimpo.jp,JA,184885
kcentv.com,US,184761
q985online.com,US,184740
pakistantoday.com.pk,PK,184703
radioconstanta.ro,RO,184701
polskieradio.pl,PL,184674
counterpunch.org,US,184630
rcnradio.com,CO,184603
diariovasco.com,SP,184596
elcolombiano.com,CO,184488
lostiempos.com,BL,184357
union-bulletin.com,US,184317
huffingtonpost.gr,GR,184239
thecourier.co.uk,UK,184236
999thepoint.com,US,184220
kare11.com,US,184098
saobserver.net,CA,184059
apr.org,US,183998
kelownadailycourier.ca,CA,183942
wdio.com,US,183804
nsknews.info,RS,183779
canalsur.es,SP,183752
misionesonline.net,AR,183693
dl-online.com,US,183673
ky3.com,US,183634
thedailystar.com,US,183581
cubanet.org,CU,183531
unitaangola.org,AO,183488
uusimaa.fi,FI,183486
cnyes.com,TW,183414
rfi.fr,RS,183197
ijpr.org,US,183172
wsws.org,US,183144
elintransigente.com,AR,183138
segre.com,SP,183020
newson6.com,US,183015
mondoweiss.net,IS,182996
bin.ua,UP,182939
giaoduc.net.vn,VM,182749
weisradio.com,US,182625
ch7.com,TH,182545
lejsl.com,FR,182493
morningjournal.com,US,182482
tradearabia.com,SA,182474
thenewslens.com,TW,182226
syri.net,AL,182175
prensalibre.com,GT,182165
fox23maine.com,US,182031
xmnn.cn,CH,181896
thebftonline.com,GH,181888
brainerddispatch.com,US,181872
hoydiariodelmagdalena.com.co,CO,181842
observer.ug,UG,181825
webmanagercenter.com,TS,181709
wishtv.com,US,181691
wjbq.com,US,181644
thestandard.com.hk,CH,181554
frognews.bg,BU,181538
y105fm.com,US,181515
launion.com.mx,MX,181503
con-telegraph.ie,EI,181451
thepeterboroughexaminer.com,CA,181427
ypradio.org,US,181397
interlochenpublicradio.org,US,181395
hunan.gov.cn,CH,181380
newstimes.com,US,181347
helenair.com,US,181035
communitynewspapers.com,US,180800
k101fm.net,US,180783
albuquerqueexpress.com,US,180760
non14.net,IZ,180759
kzyx.org,US,180746
postbulletin.com,US,180621
crossville-chronicle.com,US,180587
broadwayworld.com,US,180538
minyu-net.com,JA,180488
northwestgeorgianews.com,US,180480
wblk.com,US,180477
967theeagle.net,US,180039
money.ro,RO,180035
elsoldemexico.com.mx,MX,180021
classicrock961.com,US,180015
highlandcountypress.com,US,180005
ligaportal.at,AU,179654
meathchronicle.ie,EI,179593
jamestownsun.com,US,179322
businessnews.com.tn,TS,179180
policie.cz,EZ,178860
alanbatnews.net,JO,178750
larena.it,IT,178356
conjur.com.br,BR,178298
ksut.org,US,178295
kurir.mk,MK,178265
khovar.tj,TI,178205
livejournal.com,RS,178201
wbir.com,US,178179
rtbf.be,BE,178172
kshb.com,US,178103
zjol.com.cn,CH,178088
superomsk.ru,RS,177983
dagpravda.ru,RS,177967
fairfieldsuntimes.com,US,177848
dailysabah.com,IS,177803
ilpost.it,IT,177593
khaleejtimes.com,AE,177441
chinafile.com,CH,177335
21-sun.com,CH,177173
tiemposur.com.ar,AR,177106
namibian.com.na,WA,177081
dariknews.bg,BU,176940
lactualite.com,CA,176871
mix931fm.com,US,176772
diaridetarragona.com,SP,176748
agassizharrisonobserver.com,CA,176583
france24.com,FR,176578
reporteri.net,KV,176556
karfitsa.gr,GR,176262
skaikritis.gr,GR,176260
965kvki.com,US,176234
kxxv.com,US,176187
wmra.org,US,176002
lacapital.com.ar,AR,175995
laopinion.com,MX,175868
corsicanadailysun.com,US,175573
ncnewsonline.com,US,175498
ilrestodelcarlino.it,IT,175461
varmatin.com,FR,175432
larepublica.co,CO,175400
intoleranciadiario.com,MX,175371
kalw.org,US,175369
acritica.net,BR,175303
diariodejerez.es,SP,175256
lavozdigital.es,SP,175198
handelsblatt.com,GM,175109
ziarulfaclia.ro,RO,174984
6abc.com,US,174967
missioncityrecord.com,CA,174962
diariomomento.com,MX,174958
midianews.com.br,BR,174938
boyens-medien.de,GM,174924
lacronicabadajoz.com,SP,174916
13wmaz.com,US,174891
insight.co.kr,KS,174812
hometownstations.com,US,174796
valledaostaglocal.it,IT,174687
albanyherald.com,US,174585
ekstrabladet.dk,DA,174527
guneydoguguncel.com,TU,174402
hngn.com,US,174336
theday.com,US,174285
recorder.ca,CA,174253
squatchrocks.com,US,174224
meridianstar.com,US,174173
wwno.org,US,174002
infoline.ua,UP,173965
gulf-times.com,QA,173814
culturemap.com,US,173787
derbytelegraph.co.uk,UK,173777
phnompenhpost.com,CB,173642
diariodenavarra.es,SP,173604
greenwichtime.com,US,173478
krgv.com,US,173390
liberianobserver.com,LI,173383
reporterdiario.com.br,BR,173373
nacional.hr,HR,173312
1045theteam.com,US,173284
ntrzacatecas.com,MX,173276
nr2.com.ua,UP,173077
vz.lt,LH,173061
bchomez.com,CA,173042
exame.com,BR,172931
herald-review.com,US,172907
racismoambiental.net.br,BR,172766
fox13seattle.com,US,172738
therockofrochester.com,US,172730
latribune.fr,FR,172689
intelligencer.ca,CA,172651
newyorkstatesman.com,US,172634
capitolfax.com,US,172633
newsmaker.md,MD,172537
surgiu.com.br,BR,172353
brantfordexpositor.ca,CA,172341
l-iz.de,GM,172276
idnes.cz,EZ,172082
mycentraloregon.com,US,171860
lifenews.com,US,171779
b985.fm,US,171619
avaz.ba,BK,171611
kctv5.com,US,171564
localmemphis.com,US,171523
prairiepublic.org,US,171512
investigator.org.ua,UP,171449
laopinioncoruna.es,SP,171445
newschannel9.com,US,171202
mainlinemedianews.com,US,171191
reuters.com,CH,171150
nashfm923krst.com,CH,171031
lefaso.net,UV,171022
nonpareilonline.com,US,171020
cdt.ch,SZ,170882
varesenews.it,IT,170868
wallstreetcn.com,CH,170862
dzieje.pl,PL,170774
prensa-latina.cu,CU,170756
thenewsnigeria.com.ng,NI,170481
hopestandard.com,CA,170447
deutschlandfunk.de,GM,170446
suracapulco.mx,MX,170326
kfgo.com,US,170317
klaq.com,US,170206
wdiy.org,US,170176
enbeauce.com,CA,170058
koaa.com,US,169997
cidadeverde.com,BR,169979
180graus.com,BR,169958
fj-p.com,EG,169925
freep.com,US,169910
times-news.com,US,169896
kasparov.ru,RS,169829
kios.org,US,169792
takvim.com.tr,TU,169633
grimsbytelegraph.co.uk,UK,169605
tp24.it,IT,169578
wypr.org,US,169564
ilfoglio.it,IT,169536
diariodelhuila.com,CO,169489
kjzz.org,US,169418
elesquiu.com,AR,169376
thejakartapost.com,ID,169305
changsha.cn,CH,169270
nettavisen.no,NO,169230
qconline.com,US,169171
neelov.ru,RS,169164
the-messenger.com,US,169135
cityam.com,UK,169074
dailybusiness.ro,RO,169073
skaipatras.gr,GR,169071
antenne.de,GM,169028
sassuolo2000.it,IT,169003
wpst.com,US,169001
foxbaltimore.com,US,168932
thisismoney.co.uk,UK,168808
akhbarona.com,MO,168802
elnortedecastilla.es,SP,168705
turnto10.com,US,168696
wqad.com,US,168680
elcordillerano.com.ar,AR,168637
sky.it,IT,168576
lv12.com.ar,AR,168572
mercadoeeventos.com.br,BR,168550
libertaddigital.com,SP,168546
yamagata-np.jp,JA,168495
timesherald.com,US,168477
abcnews4.com,US,168446
lesechos.fr,FR,168368
dailysignal.com,US,168367
wpsdlocal6.com,US,168344
acorianooriental.pt,PO,168334
bresciaoggi.it,IT,168320
spacecoastdaily.com,US,168225
juniorminingnetwork.com,CA,168202
ksdk.com,US,168105
kdat.com,US,167999
rtl.be,BE,167950
cugetliber.ro,RO,167910
tribunaonline.com.br,BR,167908
koka.am,US,167817
wgcu.org,US,167700
wpolityce.pl,PL,167672
khak.com,US,167496
northwestmoinfo.com,US,167484
news3lv.com,US,167393
aboluowang.com,CH,167339
diariodeleon.es,SP,167320
timesnownews.com,IN,167224
wpde.com,US,167214
wsbtv.com,US,167197
click.ro,RO,167177
nrc.nl,NL,167174
spiegel.de,GM,167155
countercurrents.org,IS,167098
remszeitung.de,GM,167050
suncommercial.com,US,167050
elprogreso.es,SP,166990
abc11.com,US,166951
wltx.com,US,166933
viva100.com,KS,166915
dnevnik.rs,RI,166901
xnnews.com.cn,CH,166849
dagbladet.no,NO,166836
secoloditalia.it,IT,166833
informador.mx,MX,166812
expresso.pt,PO,166807
ifiberone.com,US,166748
chinamil.com.cn,CH,166723
thelocal.fr,FR,166413
portalr3.com.br,BR,166290
elnuevodia.com.co,CO,166226
press24.mk,MK,166205
afl.com.au,AS,166144
eleftheriaonline.gr,GR,166140
noticiasdecoimbra.pt,PO,166094
metro.cz,EZ,166025
laverdadonline.com,AR,166003
katu.com,US,165970
darientimes.com,US,165899
92moose.fm,US,165894
rtve.es,SP,165867
centralchronicle.com,IN,165798
belta.by,BO,165788
harianterbit.com,ID,165685
kyodonews.net,JA,165633
gwinnettdailypost.com,US,165539
ettvamerica.com,TW,165537
confirmado.com.ve,VE,165514
wradio.com.co,CO,165386
cbs12.com,US,165290
wsvn.com,US,165231
banksnews.gr,GR,164759
mtstandard.com,US,164736
expressandstar.com,UK,164490
natemat.pl,PL,164465
ilyo.co.kr,KS,164418
foxbangor.com,US,164315
ennaharonline.com,AG,164286
itahame.fi,FI,164236
pressofatlanticcity.com,US,164082
sitv.ru,RS,164013
cbs58.com,US,164012
tribune242.com,BF,164000
thegrio.com,US,163958
eastlondonadvertiser.co.uk,UK,163952
express.de,GM,163850
petra.gov.jo,JO,163653
infolibre.es,SP,163622
strettoweb.com,IT,163508
svet24.si,SI,163468
laestrella.com.pa,PM,163449
ntvbd.com,BG,163409
infomoney.com.br,BR,163348
newsweek.pl,PL,163348
itnewsonline.com,US,163346
bienpublic.com,FR,163184
thescore1260.com,US,163179
ecns.cn,CH,162940
krem.com,US,162782
laregion.es,SP,162757
verdesmares.com.br,BR,162734
wbur.org,US,162553
wysu.org,US,162501
seekingalpha.com,US,162237
sardegnalive.net,IT,162164
dnaberita.com,ID,162149
timeslive.co.za,SF,162075
patriarchia.ru,RS,161991
953thebear.com,US,161946
informationng.com,NI,161762
wgme.com,US,161757
parisstaronline.com,CA,161739
bbv-net.de,GM,161730
kirovograd.net,UP,161646
973thedawg.com,US,161558
quotidianodibari.it,IT,161461
slobodna-bosna.ba,BK,161389
alfajertv.com,IS,161387
lyd.com.cn,CH,161321
rockdalenewtoncitizen.com,US,161301
nrk.no,NO,161134
money.pl,PL,161043
haaretz.com,IS,160958
topky.sk,UP,160917
re-port.ru,RS,160900
1035kissfmboise.com,US,160877
gooya.com,IR,160829
nayaindia.com,IN,160757
liberoquotidiano.it,IT,160744
foreignpolicy.com,US,160629
azfamily.com,US,160602
news-herald.com,US,160567
olhardireto.com.br,BR,160561
fox61.com,US,160481
wallaceburgcourierpress.com,CA,160477
centralmoinfo.com,US,160448
wxow.com,US,160443
elliberal.com.ar,AR,160437
lacapitalmdp.com,AR,160424
medicalxpress.com,US,160379
urbanmilwaukee.com,US,160364
trentonian.ca,CA,160361
thehitavada.com,IN,160321
lanzadigital.com,SP,160280
standard-freeholder.com,CA,160223
wanhaber.com,TU,160045
jg-tc.com,US,160019
gds.ro,RO,160006
aspendailynews.com,US,159986
awesome98.com,US,159953
thenationalnews.com,IS,159948
granadadigital.es,SP,159842
dr.dk,DA,159820
jmonline.com.br,BR,159736
lse.co.uk,UK,159692
agensir.it,IT,159686
karobardaily.com,NP,159657
kitv.com,US,159643
bridgemi.com,US,159629
lapresse.tn,TS,159600
umbriajournal.com,IT,159573
b92.net,RS,159327
fotomac.com.tr,TU,159317
sotaliraq.com,IZ,159303
gmx.at,RS,159293
youngwitness.com.au,AS,159277
elheraldodechihuahua.com.mx,MX,159275
bihon.ro,RO,159267
mix106radio.com,US,159254
lgz.ru,RS,159221
nguoiduatin.vn,VM,159171
ecoseven.net,IT,159130
vecer.com,SI,158958
gmx.ch,RS,158863
livesicilia.it,IT,158787
glassrpske.com,RB,158713
zingnews.vn,VM,158497
kpic.com,US,158479
armenews.com,AM,158384
calibre800.com,MX,158327
wlos.com,US,158282
modena2000.it,IT,158209
liteonline.com,US,158146
kenw.org,US,158055
stapravda.ru,RS,157987
realgeni.com,US,157957
vnanet.vn,VM,157944
diariodelistmo.com,MX,157878
wwmt.com,US,157844
sanjevani.com,IN,157750
drive.com.au,AS,157738
thecolumbiastar.com,US,157737
lanueva.com,AR,157724
chronline.com,US,157712
ghanaiantimes.com.gh,GH,157694
wwltv.com,US,157634
dailymirror.lk,CE,157617
rondoniadinamica.com,BR,157562
offalyindependent.ie,EI,157545
statesman.com,US,157435
ruhrnachrichten.de,GM,157298
sookenewsmirror.com,CA,157298
theridgefieldpress.com,US,157220
bnkomi.ru,RS,157155
kval.com,US,157116
wncw.org,US,157085
journal-news.com,US,157077
orlandoecho.com,US,157022
mimorelia.com,MX,156933
batampos.co.id,ID,156932
laopcion.com.mx,MX,156917
k945.com,US,156901
slaati.com,SA,156849
firstcoastnews.com,US,156825
azzaman.com,IZ,156819
alaturkaonline.com,TU,156765
sudinfo.be,BE,156748
krcu.org,US,156723
donaukurier.de,GM,156604
imparcialoaxaca.mx,MX,156556
ebar.com,US,156545
texasmonthly.com,US,156482
reggio2000.it,IT,156480
thegame730am.com,US,156454
525.az,AJ,156373
gazzetta.it,IT,156351
wfmynews2.com,US,156280
sputnikportal.rs,RS,156267
tribstar.com,US,156248
vtv.gob.ve,VE,156215
huntspost.co.uk,UK,156139
rodiaki.gr,GR,156136
thecomet.net,UK,156125
meridiananotizie.it,IT,156099
kosu.org,US,155990
1news.az,AJ,155951
boursorama.com,FR,155943
lasprovincias.es,SP,155906
laregione.ch,SZ,155792
e24.no,NO,155772
japantoday.com,JA,155764
aero-news.net,US,155704
elconfidencialdigital.com,SP,155627
diena.lv,LG,155442
pressian.com,KS,155288
stratfordbeaconherald.com,CA,155279
sarniathisweek.com,CA,155251
nbc16.com,US,155196
worcesternews.co.uk,UK,155185
lanazione.it,IT,155078
vsluh.ru,RS,154947
5newsonline.com,US,154945
woodstocksentinelreview.com,CA,154888
imemc.org,IS,154884
theaustralian.com.au,AS,154775
wiwo.de,GM,154727
elheraldo.hn,HO,154595
egospodarka.pl,PL,154577
abc7amarillo.com,US,154494
bloodhorse.com,US,154430
klankosova.tv,KV,154395
acessa.com,BR,154306
uai.com.br,BR,154287
fox11online.com,US,154273
fox13news.com,US,154203
wntxradio.com,US,154100
yeniazerbaycan.com,AJ,154063
sltrib.com,US,154058
huanqiu.com,CH,154056
cas.sk,UP,154028
wokq.com,US,154017
pb.pl,PL,153980
entrelineas.com.mx,MX,153979
chathamthisweek.com,CA,153956
gazzetta.gr,GR,153928
cnnphilippines.com,RP,153862
online.ua,UP,153781
singersroom.com,US,153768
kccu.org,US,153758
targetednews.com,US,153719
clicrbs.com.br,BR,153717
mediapool.bg,BU,153655
stthomastimesjournal.com,CA,153523
vavel.com,US,153496
diariodolitoral.com.br,BR,153460
kvnf.org,US,153443
fox17.com,US,153428
roanoke.com,US,153398
shanghai.gov.cn,CH,153290
heraldk.com,US,153260
okcfox.com,US,153254
quotidianodifoggia.it,IT,153247
whdh.com,US,153233
ultimahora.com,PA,153226
glasistre.hr,HR,153214
montanarightnow.com,US,153214
hojeemdia.com.br,BR,153169
almadapaper.net,IZ,153060
kool1017.com,US,152967
168chasa.bg,BU,152933
ukurier.gov.ua,UP,152869
ug.ru,RS,152802
ktul.com,US,152797
molbuk.ua,UP,152779
thefederalist.com,US,152766
tpr.org,US,152699
krcrtv.com,US,152680
cantechletter.com,CA,152625
goldseiten.de,CA,152576
rancherita.com.mx,MX,152526
harzkurier.de,GM,152493
journalrecord.com,US,152491
psuv.org.ve,VE,152433
lonestar995fm.com,US,152430
infox.ru,RS,152377
ladysmithchronicle.com,CA,152310
akp.gov.kh,CB,152267
upnorthlive.com,US,152255
diariodecuba.com,CU,152226
wltribune.com,CA,152209
delawarepublic.org,US,152206
actualitateaprahoveana.ro,RO,152200
wshu.org,US,152192
wxpr.org,US,152165
kalerkantho.com,BG,152145
elystandard.co.uk,UK,152114
maliactu.net,ML,152099
prabhanews.com,IN,152099
kv.com.ua,UP,152090
jcpost.com,US,152000
dailyprogress.com,US,151935
herald-dispatch.com,US,151916
wset.com,US,151893
theblaze.com,US,151860
sheltonherald.com,US,151805
radio.cz,EZ,151803
jerseyeveningpost.com,UK,151778
gilmermirror.com,US,151670
primicia.com.ve,VE,151505
slovenskenovice.si,SI,151501
beloitdailynews.com,US,151409
elarsenal.net,MX,151206
komu.com,US,151177
lajmi.net,KV,151171
desmoinesregister.com,US,151158
nuevodiarioweb.com.ar,AR,151059
el-carabobeno.com,VE,151049
wcbe.org,US,151034
amic.ru,RS,150967
khaama.com,AF,150922
wchstv.com,US,150911
siol.net,SI,150820
rts.rs,RI,150755
rbb24.de,GM,150718
xalqcebhesi.az,AJ,150693
vesti.bg,BU,150578
franceantilles.fr,FR,150552
kikn.com,US,150493
canada.com,CA,150420
aleqt.com,SA,150360
nspm.rs,RI,150344
rockymounttelegram.com,US,150328
boerse-online.de,GM,150313
alsahwa-yemen.net,YM,150300
fbherald.com,US,150250
bizcommunity.com,SF,150199
thechronicle-online.com,CA,150198
svz.de,GM,150077
ktxs.com,US,150055
nigeriasun.com,IN,149995
lanuovasardegna.it,IT,149951
agroperspectiva.com,UP,149716
kxrb.com,US,149582
theolivepress.es,SP,149262
sardegnareporter.it,IT,149246
abc3340.com,US,149242
expansion.com,SP,149225
bt.no,NO,149207
dispatch.com,US,149144
sakshipost.com,IN,149067
vilaweb.cat,SP,148997
rollingstone.com,US,148991
anna-news.info,RS,148948
connectradio.fm,US,148935
plazadearmas.com.mx,MX,148842
blikk.hu,HU,148781
littleapplepost.com,US,148777
jornalopcao.com.br,BR,148766
southernminn.com,US,148763
globegazette.com,US,148700
forsal.pl,PL,148699
viata-libera.ro,RO,148688
wvtf.org,US,148631
wiltonbulletin.com,US,148628
kyuk.org,US,148552
kbia.org,US,148502
enidnews.com,US,148454
i38.ru,RS,148419
theindependent.com,US,148406
seattlepi.com,US,148273
thanhtra.com.vn,VM,148244
www.gov.uk,UK,148212
boisestatepublicradio.org,US,148202
wxxinews.org,US,147885
tucsonsentinel.com,US,147842
parkeschampionpost.com.au,AS,147833
kyssfm.com,US,147767
cambstimes.co.uk,UK,147753
newswire.ca,CA,147732
krcgtv.com,US,147672
caravan.kz,KZ,147670
wnmufm.org,US,147553
israelherald.com,IS,147504
katv.com,US,147503
iltempo.it,IT,147450
mbl.is,IC,147416
kcbx.org,US,147405
ravallirepublic.com,US,147351
saidaonline.com,LE,147308
westerlynews.ca,CA,147292
fortune.com,US,147280
tv2.no,NO,147264
milanotoday.it,IT,147192
dhnet.be,BE,147162
vodafone.de,GM,147079
1079ishot.com,US,147078
blogto.com,CA,147023
kicker.de,GM,147013
taylorvilledailynews.com,US,147008
cafesiyaset.com,TU,146998
newsday.co.zw,ZI,146994
kiiitv.com,US,146957
investor.bg,RS,146880
garant.ru,RS,146817
tvp.info,PL,146798
entornointeligente.com,VE,146773
kcby.com,US,146773
khqa.com,US,146665
gorjeanul.ro,RO,146665
wisbechstandard.co.uk,UK,146658
dailytribune.com,US,146646
newsomsk.ru,RS,146644
kobe-np.co.jp,JA,146587
thedailyreview.com,US,146563
bankwars.gr,GR,146549
readingeagle.com,US,146429
twitchy.com,US,146356
oz-online.de,GM,146354
1in.am,AM,146291
the-miyanichi.co.jp,JA,146265
thedickinsonpress.com,US,146200
opiniabuzau.ro,RO,146182
kcrg.com,US,146144
nordbayern.de,GM,146107
lidovky.cz,EZ,146010
krvs.org,US,145965
newagebd.net,BG,145841
tampabay.com,US,145774
djournal.com,US,145745
gabzfm.com,JA,145583
theindianawaaz.com,IN,145517
regiaonoroeste.com,BR,145510
verkkouutiset.fi,FI,145470
azatutyun.am,AM,145441
milli.az,AJ,145431
b1027.com,US,145384
quotidianodipuglia.it,IT,145380
wallstreet-online.de,US,145330
opinion.com.bo,BL,145315
wspolczesna.pl,PL,145283
wbal.com,US,145257
tspr.org,US,145209
rotativo.com.mx,MX,145146
lowellsun.com,US,145143
agenzianova.com,IT,145012
northislandgazette.com,CA,144988
eldiariocba.com.ar,AR,144923
jxcn.cn,CH,144863
stabroeknews.com,GY,144695
mining.com,CA,144601
gananoquereporter.com,CA,144562
kpcw.org,US,144418
dailyitem.com,US,144391
talkradio960.com,US,144304
hispantv.com,IR,144204
anglocelt.ie,EI,144156
wcnc.com,US,144145
dailyadvance.com,US,144102
wtva.com,US,144094
cranbrooktownsman.com,CA,144072
rivnepost.rv.ua,UP,144051
napaneeguide.com,CA,144014
comoxvalleyrecord.com,CA,143986
netinternethaber.com,TU,143941
theconversation.com,US,143929
timesofsandiego.com,US,143923
janayugomonline.com,IN,143895
cbs6albany.com,US,143879
meadvilletribune.com,US,143862
esdiario.com,SP,143836
makedonias.gr,GR,143828
nanaimobulletin.com,CA,143791
protagon.gr,GR,143787
savonanews.it,IT,143695
bemidjipioneer.com,US,143637
communitypress.ca,CA,143624
kunr.org,US,143607
hertsad.co.uk,UK,143591
keranews.org,US,143588
time.kz,KZ,143563
rethemnosnews.gr,GR,143558
eluniversal.com,VE,143495
rutlandherald.com,US,143486
arabamericannews.com,US,143378
progresso.com.br,BR,143367
breakingnews.ie,EI,143357
sydsvenskan.se,SW,143269
berliner-kurier.de,GM,143173
canal26.com,AR,143166
ksyl.com,US,143136
acento.com.do,US,143095
kxl.com,IS,143043
fondsk.ru,RS,142887
vaartha.com,IN,142855
espn.com,US,142841
cowichanvalleycitizen.com,CA,142754
hebiw.com,CH,142680
palermotoday.it,IT,142677
chicoer.com,US,142621
wbfo.org,US,142598
yeniduzen.com,CY,142507
kyoto-np.co.jp,JA,142472
novosti.ua,UP,142465
aldergrovestar.com,CA,142419
milfordmirror.com,US,142406
thelocal.de,GM,142373
foxbusiness.com,US,142349
rtl.de,GM,142328
elnacional.com,VE,142324
graiul.ro,RO,142321
ohiostandard.com,US,142172
countyweeklynews.ca,CA,142172
emtempo.com.br,BR,142056
internetua.com,UP,142034
kharkivoda.gov.ua,UP,142007
diariodelsur.com.co,CO,142007
vicnews.com,CA,141978
unitedwithisrael.org,IS,141922
whatson.ae,AE,141844
womenofchina.cn,CH,141781
pqbnews.com,CA,141717
cancan.ro,RO,141691
br.de,GM,141642
saltwire.com,CA,141609
akipress.org,KG,141603
krna.com,US,141407
kfmx.com,US,141364
newsprom.ru,RS,141354
telecinco.es,SP,141300
komonews.com,US,141292
btzx.com.cn,CH,141213
megatv.com,GR,141105
campbellrivermirror.com,CA,141101
kake.com,US,141091
wkdq.com,US,141086
srna.rs,RB,141076
boorowanewsonline.com.au,AS,140999
diariouno.com.ar,AR,140934
hot1047.com,US,140911
ktvo.com,US,140811
courthousenews.com,US,140727
voiceofalexandria.com,US,140653
jordantimes.com,IS,140639
usmagazine.com,US,140575
newsday.co.tt,TD,140560
objectiv.tv,UP,140545
mavikocaeli.com.tr,TU,140503
kcur.org,US,140444
cunews.net,KS,140425
wjnt.com,IS,140355
thereporteronline.com,US,140348
shark1053.com,US,140320
mynews4.com,US,140286
decaturdaily.com,US,140203
australiannews.net,CH,140172
wtov9.com,US,140111
lankadeepa.lk,CE,140026
skopjeinfo.mk,MK,139985
bo.de,GM,139913
galvnews.com,US,139899
gorod48.ru,RS,139888
livenews.co.nz,NZ,139880
aktuality.sk,LO,139818
weaa.org,US,139655
whmi.com,US,139564
capitalnews.com.br,BR,139533
advocate-news.com,US,139301
strathroyagedispatch.com,CA,139239
cleveland.com,US,139223
wsbt.com,US,139208
wicz.com,US,139185
knau.org,US,139171
yabiladi.com,MO,139128
homenewshere.com,US,139087
mdr.de,GM,139060
wrkf.org,US,139046
sia.ru,RS,139019
sitel.com.mk,MK,138883
penzcentrum.hu,HU,138860
jjxw.cn,CH,138826
nebraska.tv,US,138805
newswest9.com,US,138797
forward.com,IS,138762
kpel965.com,US,138712
tbsnews.net,BG,138643
cincinnati.com,US,138565
ftchinese.com,CH,138515
journaltimes.com,US,138483
phunuonline.com.vn,VM,138319
bongdaplus.vn,VM,138280
grandforksgazette.ca,CA,138276
goodmenproject.com,US,138273
mkd.mk,MK,138237
eurasiareview.com,RS,138229
ruthfullyyours.com,US,138165
afloat.ie,EI,138152
newsletter.co.uk,UK,138053
unternehmen-heute.de,GM,138041
elpopular.pe,PE,138030
romania-actualitati.ro,RO,138014
zonakz.net,KZ,137899
wcyb.com,US,137888
bns.lt,LH,137841
peacearchnews.com,CA,137784
ziaruldevrancea.ro,RO,137770
business24.ro,RO,137742
finansgundem.com,TU,137651
jsonline.com,US,137581
thediplomat.com,CH,137576
cnbc.com,US,137454
madrock1025.com,US,137421
thelondoner.ca,CA,137388
elkodaily.com,US,137358
lesaffaires.com,CA,137285
chugoku-np.co.jp,JA,137243
lejournaldejoliette.ca,CA,137167
ildispaccio.it,IT,137126
le360.ma,MO,137110
shangbaoindonesia.com,ID,137093
laarena.com.ar,AR,137051
wmuk.org,US,137036
eldiarionuevodia.com.ar,AR,136970
ixbt.com,RS,136938
nnn.de,GM,136843
cartacapital.com.br,BR,136838
jn.pt,PO,136814
i24news.tv,IS,136717
lmtribune.com,US,136677
arabnet5.com,EG,136641
xronos.gr,GR,136620
hurhaber.com,TU,136588
reitingi.lv,LG,136375
segs.com.br,BR,136273
kingstonthisweek.com,CA,136245
timpul.md,RS,136231
parkrapidsenterprise.com,US,136222
lechodelaval.ca,CA,136207
murcia.com,SP,136194
sqrb.com.cn,CH,136069
cincinnatisun.com,US,135984
lapresse.it,IT,135877
voetbalnieuws.be,BE,135842
montsame.mn,MG,135793
kagstv.com,US,135732
999ktdy.com,US,135709
hd.se,SW,135647
clutchpoints.com,US,135601
arka.am,AM,135580
oslobodjenje.ba,BK,135540
newrepublic.com,US,135494
karjalainen.fi,FI,135493
floridaweekly.com,US,135465
themedialine.org,IS,135438
btvnovinite.bg,BU,135379
duma.bg,BU,135296
trib.com,US,135228
segabg.com,BU,135207
cloverdalereporter.com,CA,135206
mymoinfo.com,IS,135199
sydneysun.com,AS,135191
midmichigannow.com,US,135134
wach.com,US,135073
bradfordera.com,US,135056
movieweb.com,US,135040
kimberleybulletin.com,CA,134922
newsbiella.it,IT,134864
henryherald.com,US,134849
swarajyamag.com,IN,134828
theshillongtimes.com,IN,134793
thenewsherald.com,US,134635
ritmmsk.ru,RS,134616
quotidianosanita.it,IT,134579
geosuper.tv,PK,134552
lasexta.com,SP,134546
24hod.sk,LO,134531
jznews.com.cn,CH,134528
augustafreepress.com,US,134465
dglobe.com,US,134462
napavalleyregister.com,US,134411
fox56.com,US,134373
minutouno.com,AR,134324
hongkongherald.com,CH,134215
notizie.it,IT,134212
hnonline.sk,RS,134206
theportugalnews.com,PO,134152
omanobserver.om,MU,134144
b93.net,US,134111
africaguinee.com,GV,134092
gva.be,BE,134046
tipperarylive.ie,EI,134034
medyafaresi.com,TU,134021
pz-news.de,GM,133988
wuft.org,US,133959
ourmidland.com,US,133897
japanherald.com,CH,133889
neworleanssun.com,US,133846
alithia.gr,GR,133821
kstp.com,US,133749
voicenews.com,US,133706
rosbalt.ru,RS,133675
pomorska.pl,PL,133629
thebusinessdesk.com,UK,133554
963theblaze.com,US,133456
myb106.com,US,133419
iisalmensanomat.fi,FI,133404
161.ru,RS,133376
bismarcktribune.com,US,133338
oleantimesherald.com,US,133243
theprogress.com,CA,133213
tucsonpost.com,US,133211
postcourier.com.pg,PP,133059
thefreepress.ca,CA,133037
elciudadanoweb.com,AR,133036
pineandlakes.com,US,133013
abbynews.com,CA,132973
lanacion.com.py,PA,132951
trumbulltimes.com,US,132929
daily.co.jp,JA,132807
pressnote.in,IN,132732
portfolio.hu,US,132709
wcti12.com,US,132653
humanite.fr,FR,132567
kfdm.com,US,132518
tuko.co.ke,KE,132474
nzcity.co.nz,US,132431
quesnelobserver.com,CA,132425
whig.com,US,132410
oann.com,US,132350
oaoa.com,US,132325
q1065.fm,US,132247
forbes.kz,KZ,132228
kpcnews.com,US,132173
krod.com,US,132133
norfolkandtillsonburgnews.com,CA,132090
thedailyrecord.com,US,132021
haberradikal.com,US,131980
ziarulnational.md,MD,131969
mykiss1031.com,US,131944
clearwatertimes.com,CA,131929
midweekherald.co.uk,UK,131894
nny360.com,US,131866
banana1015.com,US,131816
terracestandard.com,CA,131811
jcp.or.jp,JA,131786
wemu.org,US,131730
fotbolti.net,SP,131683
kuaf.com,US,131556
taiwansun.com,CH,131547
portal-kultura.ru,RS,131525
kathmandupost.com,NP,131500
kitabat.com,IZ,131427
weartv.com,US,131421
navhindtimes.in,IN,131403
amazingmadison.com,IS,131372
newswise.com,US,131366
13wham.com,US,131293
pembrokeobserver.com,CA,131286
elwakt.com,CH,131205
wftv.com,US,131174
ga.de,GM,131167
iranherald.com,IR,131115
korabel.ru,RS,131095
dziennikzachodni.pl,PL,131064
dol.com.br,BR,131015
vietnamnews.vn,VM,130997
bakersfieldnow.com,US,130955
us103.com,US,130948
elimpulso.com,VE,130870
pinkvilla.com,IN,130795
insidenova.com,US,130748
mprnews.org,US,130721
albeu.com,AL,130710
echopress.com,US,130671
lapinkansa.fi,FI,130652
umbriacronaca.it,IT,130651
mvr.gov.mk,MK,130648
eldiariodecoahuila.com.mx,MX,130485
bryantimes.com,US,130432
thepointsguy.com,US,130351
chiangraitimes.com,TH,130299
tokfm.pl,PL,130244
a1.ro,RO,130208
tportal.hr,HR,130201
1027kord.com,US,130165
prajasakti.com,IN,130128
pravda.sk,RS,130067
sentinelandenterprise.com,US,130063
granbyexpress.com,CA,130025
ojogo.pt,PO,130011
hvg.hu,HU,129931
gloswielkopolski.pl,PL,129911
ideastream.org,US,129845
radioresita.ro,RO,129814
wboi.org,US,129813
wtug.com,US,129771
wbiw.com,US,129668
7kanal.co.il,IS,129620
termometroenlinea.com.mx,MX,129585
dhakatribune.com,BG,129513
foxillinois.com,US,129428
hallmarknews.com,NI,129428
tsf.pt,PO,129361
cleveland19.com,US,129343
alwatan.com.sa,SA,129340
almontasaf.net,YM,129316
egehaber.com,TU,129305
csdn.net,CH,129292
indexstiri.ro,RO,129236
vg-news.ru,RS,129233
ara.cat,SP,129225
dunmowbroadcast.co.uk,UK,129189
mikrometoxos.gr,GR,129137
corrieresalentino.it,IT,129105
radioseoul1650.com,US,129066
ihalla.com,KS,129061
fotospor.com,TU,129060
northsomersettimes.co.uk,UK,129039
americansongwriter.com,US,129017
paraiba.com.br,BR,128919
abc15.com,US,128896
elgrafico.mx,MX,128808
newtimes.ru,RS,128752
glas-javnosti.rs,RI,128664
themorningsun.com,US,128630
newsminer.com,US,128620
sitkasentinel.com,US,128618
lmtonline.com,US,128618
newstalk1280.com,US,128615
kauppalehti.fi,FI,128536
wnep.com,US,128526
voakorea.com,KS,128520
koolfmabilene.com,US,128497
ok.co.uk,UK,128478
okinawatimes.co.jp,JA,128406
acn.com.ve,VE,128379
wyomingnewsnow.tv,US,128355
main-echo.de,GM,128333
critica.com.pa,PM,128187
mongabay.co.id,ID,128087
blisty.cz,IS,128069
variety.com,US,127954
dailyfreeman.com,US,127941
neuquenalinstante.com.ar,AR,127880
www.gov.cn,CH,127875
hollywoodreporter.com,US,127871
fox4beaumont.com,US,127787
1075thegame.com,US,127664
correodelcaroni.com,VE,127634
nesn.com,US,127626
elcomercio.es,SP,127606
panamaamerica.com.pa,PM,127463
whio.com,US,127428
diariodecuiaba.com.br,BR,127411
local21news.com,US,127233
bizpacreview.com,US,127208
kannadaprabha.com,IN,127160
team-bhp.com,IN,127155
interior-news.com,CA,127085
975kgkl.com,US,127061
kipa.co.il,IS,127002
taiwandaily.net,CH,126999
azattyq.org,RS,126949
103gbfrocks.com,US,126907
dziennikpolski24.pl,PL,126850
perhamfocus.com,US,126729
debate.com.mx,MX,126703
nysun.com,US,126696
103kkcn.com,US,126687
foxreno.com,US,126669
europe1.fr,FR,126663
hngnews.com,US,126590
newschannel20.com,US,126583
gulfcoastnewsnow.com,US,126494
rtv.rs,RI,126473
newdelhitimes.com,US,126465
kygl.com,US,126451
nbcrightnow.com,US,126448
cnii.com.cn,CH,126437
wcbm.com,US,126248
wkfr.com,US,126187
bucurestifm.ro,RO,126178
nieuwsblad.be,BE,125964
habermeydan.com,TU,125827
laopinion.com.co,CO,125650
lyonne.fr,FR,125519
tageszeitung.it,IT,125414
srf.ch,SZ,125375
royston-crow.co.uk,UK,125227
blackenterprise.com,US,125209
gazetadielli.com,AL,124936
wrkr.com,US,124846
thespread.com,US,124805
donegallive.ie,EI,124800
adnsureste.info,MX,124777
sfexaminer.com,US,124708
hoybolivia.com,BL,124708
theitem.com,US,124546
radioromaniacultural.ro,RO,124543
thetidenewsonline.com,NI,124496
wadenapj.com,US,124362
diarioportal.com,MX,124283
fijivillage.com,FJ,124179
710keel.com,US,124110
fanatik.com.tr,TU,124103
conexaoto.com.br,BR,124036
derrynow.com,UK,124008
vtdigger.org,US,123968
ckom.com,CA,123907
local12.com,US,123877
goldcoastbulletin.com.au,AS,123829
libnanews.com,LE,123766
kimatv.com,US,123754
actionnewsjax.com,US,123747
primocanale.it,IT,123641
3dmgame.com,CH,123593
mapleridgenews.com,CA,123579
santacruzsentinel.com,US,123575
akm.ru,RS,123435
chippewa.com,US,123420
wiscnews.com,US,123413
kfox95.com,US,123385
parisguardian.com,RS,123350
thedailyblog.co.nz,IS,123332
ethnos.gr,GR,123299
thailand-business-news.com,CH,123298
ominecaexpress.com,CA,123271
szlz.de,GM,123235
newsadvance.com,US,123220
avvenire.it,IT,123120
timesnews.net,US,123113
eldictamen.mx,MX,122999
wjactv.com,US,122972
caledoniacourier.com,CA,122934
teleport2001.ru,RS,122871
brookingsradio.com,US,122870
kclu.org,US,122859
peoplesworld.org,US,122846
vgorode.ua,UP,122833
javedch.com,PK,122787
mukachevo.net,UP,122681
interfax.com,RS,122643
laopinion.co,CO,122600
msnbc.com,US,122579
proactiveinvestors.co.uk,UK,122532
abc30.com,US,122492
novimagazin.rs,RI,122489
voxy.co.nz,NZ,122253
aysor.am,AM,122240
openpr.com,US,122223
knzr.com,US,122196
petrotimes.vn,VM,122177
iraqsun.com,IN,122176
ariquemesonline.com.br,BR,122148
stepagency-sy.net,IS,122118
965therock.com,US,122095
hs.fi,FI,122091
klewtv.com,US,121974
regio7.cat,SP,121880
rv-ryazan.ru,RS,121875
richlandsource.com,US,121848
perugiatoday.it,IT,121802
vaildaily.com,US,121761
starherald.com,US,121740
haberlermersin.com,TU,121622
dailypakistan.pk,PK,121611
sanfordherald.com,US,121604
ktiv.com,US,121600
chimpreports.com,UG,121522
capeandislands.org,US,121512
thetelegraph.com,US,121449
k2radio.com,US,121375
romadailynews.it,IT,121344
pregon.com.ar,AR,121275
neftegaz.ru,RS,121250
aktualne.cz,EZ,121242
96krock.com,US,121221
la-razon.com,BL,121205
arabtimesonline.com,KU,121186
top-channel.tv,AL,121144
sopitas.com,MX,121080
hometownsource.com,US,121055
kuban24.tv,RS,121031
kingfm.com,US,120990
ultimahora.es,SP,120971
981thehawk.com,US,120949
hellomagazine.com,US,120872
97rockonline.com,US,120716
gonews.it,IT,120666
koel.com,US,120625
tt.com,AU,120549
9tv.co.il,RS,120544
wccbcharlotte.com,US,120517
wfgr.com,US,120396
epochtimes.de,GM,120330
insideclimatenews.org,US,120220
ibtimes.co.uk,US,120192
columbustelegram.com,US,120110
wispolitics.com,US,120032
phillyvoice.com,US,120001
miamiherald.com,US,119971
romanialibera.ro,RO,119869
yerelgundem.com,TU,119866
saps.gov.za,SF,119811
urgente24.com,AR,119780
vecer.mk,MK,119778
exploreseiowa.com,US,119747
expert.ru,RS,119731
rac.com.br,BR,119677
mwnation.com,MI,119644
mix108.com,US,119584
wgospodarce.pl,PL,119582
thetandd.com,US,119572
huffingtonpost.it,IT,119548
leonoticias.com,SP,119547
wlrh.org,US,119540
kfyo.com,US,119486
jwire.com.au,IS,119464
acritica.com,BR,119464
lalibre.be,BE,119442
shorenewsnetwork.com,US,119396
yourstory.com,IN,119233
rapidcityjournal.com,US,119197
kcrr.com,US,119183
avgi.gr,GR,119161
elespectador.com,CO,119120
thenation.com,US,119092
rtv21.tv,KV,119070
elchileno.cl,CI,119066
japantimes.co.jp,JA,119006
reliefweb.int,IS,118996
mykisscountry937.com,US,118948
dinamani.com,IN,118918
nongnghiep.vn,VM,118856
divyahimachal.com,IN,118760
governing.com,US,118714
wbkr.com,US,118685
keprtv.com,US,118560
umbriadomani.it,IT,118513
979kickfm.com,US,118480
panamericana.pe,PE,118404
mycountry955.com,US,118394
palmbeachpost.com,US,118338
pbagora.com.br,BR,118315
wxyz.com,US,118295
baohatinh.vn,VM,118284
downtoearth.org.in,IN,118144
que.es,SP,118126
derstandard.at,AU,118118
929thelake.com,US,118086
iwradio.co.uk,UK,118003
kaleva.fi,FI,117998
gazetalubuska.pl,PL,117995
today.com,US,117961
massachusettssun.com,US,117940
toscanamedianews.it,IT,117936
burgasinfo.com,BU,117888
wort.lu,LU,117858
unosantafe.com.ar,AR,117819
wjtn.com,US,117803
bologna2000.com,IT,117765
se933.com,US,117733
stock-world.de,GM,117713
mitchellrepublic.com,US,117667
wcrz.com,US,117642
gaz.com.br,BR,117627
kelo.com,US,117578
anfturkce.net,TU,117571
coloradostar.com,US,117545
kfvs12.com,US,117521
military.com,US,117520
afamily.vn,VM,117415
power959.com,US,117396
yerkir.am,AM,117353
expressilustrowany.pl,PL,117300
i95rocks.com,US,117199
kdks.fm,IS,117162
forextv.com,US,117161
nowosci.com.pl,PL,117132
demokrata.hu,HU,117019
kmmsam.com,US,117008
kosova-sot.info,KV,116976
elancasti.com.ar,AR,116969
imgpress.it,IT,116956
thatsmags.com,CH,116946
wabi.tv,US,116925
criteriohidalgo.com,MX,116902
timesrepublican.com,US,116891
salon.com,US,116870
wksn.com,US,116866
glaszapadnesrbije.rs,RI,116864
csmonitor.com,US,116802
portalaz.com.br,BR,116788
openthemagazine.com,IN,116752
wamc.org,US,116741
khq.com,US,116592
kuow.org,US,116575
journalnow.com,US,116510
voh.com.vn,VM,116491
onalert.gr,UP,116440
tdn.com,US,116432
novedadesdetabasco.com.mx,MX,116413
diariandorra.ad,AN,116396
indiablooms.com,IN,116386
nhpr.org,US,116381
expreso.com.mx,MX,116369
poslovni.hr,HR,116358
islingtongazette.co.uk,UK,116358
oklahomacitysun.com,US,116296
wtmj.com,US,116258
club937.com,US,116124
udaipurkiran.com,IN,116122
corumhaber.net,TU,116073
michigansthumb.com,US,116051
ncadvertiser.com,US,116048
edmontonexaminer.com,CA,115929
nia-rf.ru,RS,115870
nuovosud.it,IT,115838
borbabg.com,BU,115789
thesaigontimes.vn,VM,115783
elaragueno.com.ve,VE,115779
wptv.com,US,115701
enikonomia.gr,GR,115611
lejdd.fr,FR,115576
depo.ua,UP,115573
laverdad.com.mx,MX,115539
huffingtonpost.fr,FR,115521
noticaribe.com.mx,MX,115510
fox17online.com,US,115367
kpax.com,US,115330
noa.al,AL,115328
cnynews.com,US,115319
nbc-2.com,US,115319
newarkadvertiser.co.uk,UK,115268
cornwallseawaynews.com,CA,115191
eltiempo.pe,PE,115142
newhamrecorder.co.uk,UK,115109
shropshirestar.com,UK,115067
1073modfm.com,US,115051
thelocal.es,SP,114994
metronews.it,IT,114992
lavozdeasturias.es,SP,114885
diariopopular.com.ar,AR,114843
921wrou.com,US,114811
mynspr.org,US,114779
sputniknews.com.tr,TU,114693
ondacero.es,SP,114671
wsjm.com,US,114588
kayserihaber.com.tr,TU,114539
delfi.ee,EN,114490
kickam1530.com,US,114439
riminitoday.it,IT,114416
impuls.cz,EZ,114375
cronicadelquindio.com,CO,114347
banker.bg,BU,114323
diarioamanecer.com.mx,MX,114228
fool.ca,CA,114210
angulo7.com.mx,MX,114171
newstalkkgvo.com,US,114171
imagenzac.com.mx,MX,114155
cameroon-tribune.cm,CM,114152
guineematin.com,GV,114136
vecernji.ba,HR,114124
dailyrepublic.com,US,114099
latribuna.hn,HO,114060
tvr.ro,UP,114029
theintelligencer.net,US,114017
cjme.com,CA,113974
truthout.org,US,113961
metronews.ru,RS,113931
chacodiapordia.com,AR,113861
midutahradio.com,US,113836
newsweekjapan.jp,JA,113833
24ur.com,SI,113815
dziennikwschodni.pl,PL,113801
justmedia.ru,RS,113801
thejerseytomatopress.com,US,113743
theconservativetreehouse.com,US,113697
thesun.my,MY,113646
lahora.gt,GT,113564
hackneygazette.co.uk,UK,113536
cowboystatedaily.com,US,113515
normantranscript.com,US,113459
nortedigital.mx,MX,113457
zib.com.ua,UP,113447
gazetaby.com,RS,113405
lavoz901.com,AR,113378
emisorasunidas.com,GT,113338
parrysound.com,CA,113318
peru21.pe,PE,113316
asilhaber.net,TU,113310
deshbandhu.co.in,IN,113278
ka-news.de,GM,113213
superdeporte.es,SP,113200
ilfordrecorder.co.uk,UK,113108
nieuws.nl,NL,113064
newscentralasia.net,TX,113053
for-ua.com,UP,113023
northcountrynow.com,US,112989
soha.vn,VM,112929
takungpao.com,CH,112921
unoentrerios.com.ar,AR,112875
elidealgallego.com,SP,112864
yorknewstimes.com,US,112826
newsonjapan.com,JA,112740
wtvr.com,US,112698
beatricedailysun.com,US,112585
katsfm.com,US,112537
wsau.com,US,112480
keyj.com,US,112474
chubun.com,CH,112447
lynnnews.co.uk,UK,112440
westhawaiitoday.com,US,112377
yeniasya.com.tr,TU,112369
beijingreview.com.cn,CH,112347
foxrochester.com,US,112284
beach951.com,US,112221
almogaz.com,EG,112220
slobodnaevropa.org,RS,112186
penbaypilot.com,US,112147
nowiny.pl,PL,112120
musavat.com,RS,112109
wbckfm.com,US,112101
927thedrive.net,US,112028
ksfa860.com,US,112022
thestreetjournal.org,NI,112022
gp.gov.ua,UP,111859
mayonews.ie,EI,111844
periodistadigital.com,SP,111825
ura-inform.com,UP,111775
nzz.ch,SZ,111750
wcpo.com,US,111677
coloradohometownweekly.com,US,111640
radiowroclaw.pl,PL,111590
elmawkefalarabi.com,EG,111582
hungarytoday.hu,HU,111528
991thewhale.com,US,111450
pakmediaupdates.com,FI,111437
kristeligt-dagblad.dk,DA,111432
kmxt.org,US,111407
cnycentral.com,US,111379
929nin.com,US,111339
cadillacnews.com,US,111328
elvocero.com,US,111322
leadertelegram.com,US,111210
anlatilaninotesi.com.tr,TU,111197
eldoradonews.com,US,111190
gloucestertimes.com,US,111190
qhrb.com.cn,CH,111144
faktor.ba,BK,111132
wjon.com,US,111128
balloon-juice.com,UP,111084
nspna.com,KS,111057
bloomberght.com,TU,111030
ziuadevest.ro,RO,110969
mittelstandcafe.de,GM,110915
alakhbar.info,MR,110883
wrdw.com,US,110877
monitorulbt.ro,RO,110825
q1077.com,US,110810
agriland.ie,EI,110763
morningjournalnews.com,US,110756
webwire.com,US,110739
nationalobserver.com,CA,110689
middle-east-online.com,IS,110687
torinoggi.it,IT,110629
tele.at,AU,110532
vnmedia.vn,VM,110465
wsgw.com,US,110448
uzdaily.uz,UZ,110436
seoul.co.kr,KS,110412
mix941.com,US,110411
ouest-france.fr,FR,110405
timesargus.com,US,110355
haber0.net,CH,110284
kvoa.com,US,110253
federalna.ba,BK,110223
dzienniklodzki.pl,PL,110132
diariodealmeria.es,SP,110098
capradio.org,US,110064
radio.gov.pk,PK,110061
wkzo.com,US,109993
emakedonia.gr,GR,109927
ddaily.co.kr,KS,109878
versionfinal.com.ve,VE,109752
kapook.com,TH,109715
denizlihaber.com,TU,109711
monacomatin.mc,FR,109700
kezj.com,US,109699
wtaq.com,US,109691
defenseworld.net,US,109667
wn.com,US,109661
lewrockwell.com,US,109655
runrun.es,VE,109655
azbigmedia.com,US,109626
ellitoral.com.ar,AR,109624
wfnt.com,US,109592
berchtesgadener-anzeiger.de,GM,109578
dabangasudan.org,SU,109530
toronto.com,CA,109468
floridapolitics.com,US,109464
995qyk.com,US,109432
portalb.mk,MK,109390
y95country.com,US,109317
comnews.ru,RS,109306
farmersjournal.ie,EI,109257
fun107.com,US,109250
983thesnake.com,US,109219
rbth.com,RS,109109
israelinfo.co.il,IS,109078
beat.com.au,AS,109015
pulshr.pl,PL,109012
hoganstand.com,EI,109009
cccnews.com.cn,CH,109006
investing.com,US,108985
cnsnews.com,US,108940
laverdad.com,VE,108876
utro.ru,RS,108814
jornaldeuberaba.com.br,BR,108804
trinidadtimes.com,US,108687
gazeteguncel.com,TU,108624
manoramanews.com,IN,108365
independent.com.mt,MT,108358
diariolibre.com,US,108357
worldua.net,UP,108254
nvinoticias.com,MX,108229
royalgazette.com,BD,108195
sakigake.jp,JA,108193
zurnal24.si,SI,108089
chinaview.cn,CH,108079
kurierlubelski.pl,PL,108070
eldiario.ec,EC,108040
halkinsesikibris.com,TU,108030
afghanistansun.com,AF,107918
thehardtackle.com,SP,107871
dentonrc.com,US,107866
expresszacatecas.com,MX,107857
timeswv.com,US,107810
woonsocketcall.com,US,107748
tdtnews.com,US,107708
deccanherald.com,IN,107686
bernews.com,BD,107651
imerazante.gr,GR,107647
929thebull.com,US,107590
xlcountry.com,US,107574
rnv.gob.ve,VE,107519
mendocinobeacon.com,US,107514
dailynews.co.tz,TZ,107453
lajornadasanluis.com.mx,MX,107431
atlantanewsfirst.com,US,107415
kbtt.fm,US,107389
caixinglobal.com,CH,107308
pratahkal.com,IN,107295
newsrimini.it,IT,107284
medanbisnisdaily.com,ID,107233
theyeshivaworld.com,US,107215
vietq.vn,VM,107130
vesti.az,AJ,107120
antv.gov.vn,VM,107063
ch10.co.il,IS,107059
wlec.com,US,107009
thelocal.se,SW,106994
ilfriuli.it,IT,106992
southtahoenow.com,US,106967
journal-news.net,US,106863
klkl.fm,US,106756
mundiario.com,SP,106741
camer.be,CM,106735
dziennik.pl,PL,106732
lasicilia.it,IT,106676
newsandsentinel.com,US,106653
radiokorea.com,US,106605
antigojournal.com,US,106534
genovatoday.it,IT,106491
azh.kz,KZ,106473
agupdate.com,US,106471
noticialdia.com,VE,106456
bondia.ad,AN,106364
forbes.ru,RS,106351
uniradioinforma.com,MX,106340
krocnews.com,US,106298
arriyadiyah.com,SA,106281
chilango.com,MX,106228
elchubut.com.ar,AR,106225
netpress.com.mk,MK,106191
oneidadispatch.com,US,106099
kold.com,US,106055
ukrinform.net,UP,106008
dailynayadiganta.com,BG,105973
kenyans.co.ke,KE,105935
bahianoticias.com.br,BR,105866
nagpurtoday.in,IN,105767
zimbabwesituation.com,ZI,105668
larepubliquedespyrenees.fr,FR,105627
bozemanskissfm.com,US,105622
yourfortdodge.com,US,105489
akasyam.com,TU,105479
correiodobrasil.com.br,BR,105470
caribbeanherald.com,US,105400
lufkindailynews.com,US,105382
sputnik-georgia.com,GG,105381
haberts.com,TU,105351
afghanistannews.net,AF,105265
thebiglead.com,US,105230
indystar.com,US,105219
whbl.com,US,105189
theboneonline.com,US,105181
chimbotenlinea.com,PE,105012
spacewar.com,IS,104958
kkyr.com,US,104949
colombopage.com,CE,104947
keyw.com,US,104812
thestandard.org.nz,NZ,104802
lavocedeltrentino.it,IT,104774
svt.se,SW,104726
vchaspik.ua,UP,104714
cnews.fr,FR,104637
tsa-algerie.com,AG,104616
krstarica.com,RS,104599
myiowainfo.com,IS,104591
eldiariodecarlospaz.com.ar,AR,104577
corrierepl.it,IT,104567
neoskosmos.com,GR,104550
haberflash.com,TU,104489
news-medical.net,US,104476
timesofoman.com,MU,104468
bitlysdowssl-aws.com,VE,104308
paranashop.com.br,BR,104240
prealpina.it,IT,104158
libertas.mk,MK,104150
okmugello.it,IT,104135
paherald.sk.ca,CA,103976
jaenoticia.com.br,BR,103957
kearneyhub.com,US,103955
teamtalk.com,SP,103891
cmjornal.pt,PO,103882
baoxaydung.com.vn,VM,103866
waer.org,US,103853
keanradio.com,US,103834
newburytoday.co.uk,UK,103814
wkmi.com,US,103769
1019therock.com,US,103741
ladige.it,IT,103685
goal.pl,SP,103574
critica.com.mx,MX,103547
contraparte.mx,MX,103507
legavolley.it,IT,103500
eenews.net,US,103494
zfcorporate.ro,RO,103493
mexicostar.com,IN,103438
gazetaprawna.pl,PL,103430
origo.hu,HU,103389
kxlf.com,US,103384
nakedcapitalism.com,US,103369
tonyskansascity.com,US,103357
fox19.com,US,103296
diariojaen.es,SP,103284
my1035.com,US,103234
kenyan-post.com,KE,103229
senenews.com,SG,103204
mycentralnebraska.com,US,103194
woad.com,US,103186
1490wosh.com,US,103159
kaixian.tv,CH,103155
wcax.com,US,103121
genova24.it,IT,103079
103wjod.com,US,103042
antiwar.com,IS,103026
larioja.com,SP,102986
slate.com,US,102972
matis.hr,HR,102908
catamarcactual.com.ar,AR,102806
gna.org.gh,GH,102805
nation.sc,SE,102771
time.com,US,102762
kdlg.org,US,102731
renasterea.ro,RO,102722
antt.vn,VM,102709
justjared.com,US,102687
aen.pr.gov.br,BR,102683
bigcountry969.com,US,102676
k1047.com,US,102618
nagariknetwork.com,NP,102564
u-f.ru,RS,102561
businessworld.in,IN,102468
wohfradio.com,US,102437
moroccoworldnews.com,MO,102413
thewrap.com,US,102374
mangalam.com,IN,102349
kool965.com,US,102331
lanouvelle.net,CA,102283
viveresanbenedetto.it,IT,102269
footmercato.net,FR,102254
laprensa.com.ar,AR,102240
tolonews.com,AF,102185
dagelijksestandaard.nl,NL,102128
politico.eu,RS,102116
vgoroden.ru,RS,102101
mingpao.com,HK,102035
digit.in,IN,102029
elimparcial.es,SP,101940
lesahel.org,NG,101906
hospitalitynet.org,US,101878
prensa.com,PM,101869
whatdidyousay.org,US,101855
wisbusiness.com,US,101764
eldiariodelapampa.com.ar,AR,101758
xtra99.com,US,101726
mg.co.za,SF,101718
droit-inc.com,CA,101701
myklgr.com,US,101681
ironmountaindailynews.com,US,101681
overclockers.ru,RS,101663
z94.com,US,101663
jhm.fr,FR,101656
wvmetronews.com,US,101638
elkhabar.com,IS,101594
caleaeuropeana.ro,RO,101585
pbs.org,US,101572
kbzk.com,US,101556
keysnews.com,US,101549
wbay.com,US,101522
haberlersaglik.com,TU,101519
thethaiger.com,TH,101502
libero.pe,PE,101457
alkhabarnow.net,EG,101445
yeovilexpress.co.uk,UK,101377
rri.ro,RO,101178
greekherald.com,IS,101131
kiss951.com,US,101116
vn.at,AU,101114
economiadigital.es,SP,101070
paloaltoonline.com,US,101013
jujuyaldia.com.ar,AR,101011
nikkan.co.jp,JA,100985
presseportal.de,GM,100963
globovision.com,VE,100950
tennessean.com,US,100945
haitilibre.com,HA,100912
curierulnational.ro,RO,100902
bomdia.lu,PO,100897
hbvl.be,BE,100883
reason.com,US,100876
mooseradio.com,US,100814
nme.com,UK,100808
tahlequahdailypress.com,US,100767
corrienteshoy.com,AR,100730
charlotteobserver.com,US,100709
nagalandpost.com,IN,100708
klaw.com,US,100619
gundemkibris.com,CY,100611
6park.com,CH,100589
traunsteiner-tagblatt.de,GM,100577
ecodibergamo.it,IT,100577
agenciafe.com,AR,100540
winknews.com,US,100528
foot01.com,FR,100462
sunny1063.com,US,100431
ddnews.gov.in,IN,100356
thestandard.co.zw,ZI,100322
krtv.com,US,100275
trinidadexpress.com,TD,100257
noticiasnet.com.ar,AR,100252
detroitnews.com,US,100251
bayanealyaoume.press.ma,MO,100246
khabaragency.net,YM,100231
wibw.com,US,100225
radiookapi.net,CG,100188
primapaginanews.it,IT,100161
armenianweekly.com,AM,100114
kissfm969.com,US,100099
pozri.sk,LO,100065
albawaba.com,IS,100049
formiche.net,IT,100034
vg.hu,HU,100023
wupe.com,US,99973
mega993online.com,US,99937
yellowhammernews.com,US,99901
reviewonline.com,US,99844
newsradio1310.com,US,99834
hawaiitribune-herald.com,US,99727
takungpao.com.hk,HK,99726
court.gov.cn,CH,99694
cleantechnica.com,US,99683
whyy.org,US,99668
baodongnai.com.vn,VM,99660
iol.pt,PO,99656
dothaneagle.com,US,99631
zawya.com,AE,99580
miseria.com.br,BR,99556
itemonline.com,US,99538
kulr8.com,US,99526
ifp.co.in,IN,99498
rock967online.com,US,99428
speedwaymedia.com,US,99411
mgoblog.com,US,99372
diariodelaltoaragon.es,SP,99325
casertafocus.net,IT,99323
dupagepolicyjournal.com,US,99306
etnet.com.hk,CH,99306
banglanews24.today,IN,99270
thelocal.at,AU,99206
businessdailyafrica.com,KE,99188
gazetablic.com,KV,99184
q961.com,US,99158
wcsy.com,US,99120
wunc.org,US,99113
radioiasi.ro,RO,99071
australianherald.com,AS,99066
holosameryky.com,UP,99032
diariolaopinion.com.ar,AR,99019
eleconomista.com.ar,AR,98998
samacharjagat.com,IN,98997
myq1075.com,US,98970
visayandailystar.com,RP,98924
dagsavisen.no,NO,98891
sdust.edu.cn,CH,98814
nltimes.nl,NL,98805
ampravda.ru,RS,98803
ko.ru,RS,98773
khaosod.co.th,TH,98732
hariansinggalang.co.id,ID,98714
donpress.com,UP,98713
thehimalayantimes.com,NP,98699
sardiniapost.it,IT,98663
zamnpress.com,IS,98634
onlinenigeria.com,NI,98619
travelandleisure.com,US,98580
struma.com,BU,98542
islamicinvitationturkey.com,IS,98535
kurv.com,US,98532
sent-trib.com,US,98479
ideawebtv.it,IT,98465
pch24.pl,PL,98453
thezimbabwemail.com,ZI,98448
beckershospitalreview.com,US,98397
elvigia.net,MX,98396
greensboro.com,US,98279
giornaledibrescia.it,IT,98241
starofmysore.com,IN,98226
telemundo52.com,US,98214
westfalen-blatt.de,GM,98214
inwestycje.pl,PL,98160
laprensa.hn,HO,98154
civic.md,MD,98130
mesabitribune.com,US,98109
medscape.com,US,98074
vikna.if.ua,UP,98070
newscenter1.tv,US,97986
weeklyblitz.net,IN,97983
asianage.com,IN,97981
gda.com,AR,97869
cb.com.cn,CH,97842
ladigetto.it,IT,97810
tylerpaper.com,US,97790
yndaily.com,CH,97618
hessenschau.de,GM,97615
ansabrasil.com.br,IT,97613
thebulltulsa.com,US,97598
ladailypost.com,US,97563
noticierodigital.com,VE,97560
bigcountry995.com,US,97558
criticalthreats.org,RS,97466
capital.fr,FR,97364
mysanantonio.com,US,97360
komchadluek.net,TH,97292
rashtriyakhabar.com,IN,97245
1063thebuzz.com,US,97195
thenassauguardian.com,BF,97184
khits.com,US,97173
taiwannews.com.tw,US,97156
journal.com.ph,RP,97120
gazetatema.net,AL,97098
dailyunion.com,US,97073
alaskasnewssource.com,US,97017
nyoooz.com,IN,97005
lkz.de,GM,96992
avn.info.ve,VE,96959
auburnpub.com,US,96955
kwtx.com,US,96950
channelnewsasia.com,CH,96925
milwaukeesun.com,US,96890
radiomundial.com.ve,VE,96869
rockytopinsider.com,US,96832
z100missoula.com,US,96787
41nbc.com,US,96724
247wallst.com,US,96694
drgnews.com,US,96608
fox13now.com,US,96550
altarimini.it,IT,96536
polityka.pl,PL,96517
obiectivdesuceava.ro,RO,96482
themusic.com.au,AS,96470
abcactionnews.com,US,96462
owensoundsuntimes.com,CA,96446
abidjan.net,IV,96414
hanfordsentinel.com,US,96407
bloggingtheboys.com,US,96364
ottopagine.it,IT,96354
bleedingcool.com,US,96320
lasillavacia.com,CO,96318
romania-insider.com,RO,96308
dhal3.com,SA,96307
vesti-online.com,RS,96264
gpb.org,US,96253
bashinform.ru,RS,96218
statoquotidiano.it,IT,96167
franceinfo.fr,FR,96148
listindiario.com,US,96113
newzimbabwe.com,ZI,96060
thesundaily.my,MY,95977
malaysiasun.com,CH,95977
gdnonline.com,IS,95875
dengi.ua,UP,95789
willmarradio.com,US,95778
nordschleswiger.dk,GM,95772
gillettenewsrecord.com,US,95734
abcnyheter.no,NO,95712
siliconvalley.com,US,95705
bolugundem.com,TU,95636
britainnews.net,UK,95627
nkytribune.com,US,95624
banmuang.co.th,TH,95607
b1039.com,US,95607
legalnewsline.com,US,95594
aachener-zeitung.de,GM,95592
wowt.com,US,95579
termolionline.it,IT,95578
castedduonline.it,IT,95558
people.com,US,95508
strategypage.com,RS,95508
birminghamtimes.com,US,95443
247sports.com,US,95440
country1059.com,VM,95369
coast1009.com,US,95302
thealpenanews.com,US,95240
batonrougepost.com,US,95215
kievvlast.com.ua,UP,95200
bearingarms.com,US,95122
romania-muzical.ro,RO,95078
timesleader.com,US,95077
lecourriersud.com,CA,95026
ilgiornaledivicenza.it,IT,94995
redaccionmedica.com,SP,94918
haberlerdetayi.com,TU,94899
33live.ru,RS,94895
kanald.ro,RO,94895
autonomija.info,RI,94893
24kurier.pl,PL,94882
lachainemeteo.com,FR,94835
e15.cz,EZ,94828
wfsb.com,US,94788
zaol.hu,HU,94775
africanexaminer.com,NI,94749
timesleaderonline.com,US,94742
assabeel.net,IS,94738
rashtranews.com,IN,94708
wqcs.org,US,94705
weny.com,US,94624
sputnikglobe.com,RS,94616
qaranimo.com,SO,94559
kuruc.info,RS,94540
astanatimes.com,KZ,94519
newstodaynet.com,IN,94495
enanyang.my,CH,94468
guernseypress.com,UK,94420
manar.com,IS,94387
maltatoday.com.mt,MT,94384
mediacongo.net,CG,94370
kcbd.com,US,94332
citynews.com.au,AS,94299
tidende.dk,DA,94232
magnoliareporter.com,US,94191
wbsm.com,US,94136
wbrc.com,US,94088
orainfo.net,KV,94072
thelocal.it,IT,94053
rsi.ch,SZ,94044
difernews.gr,GR,94039
maqar.com,JO,93991
zurnal.rs,RI,93985
newslab.ru,RS,93956
start-partnership.com,RS,93951
fredericksburg.com,US,93911
urduvoa.com,PK,93886
demokracija.si,SI,93885
niann.ru,RS,93790
radiogdansk.pl,PL,93780
sott.net,US,93773
quotidianodelsud.it,IT,93771
thesouthern.com,US,93763
sibnet.ru,RS,93724
mariettatimes.com,US,93680
lounaeestlane.ee,RS,93675
lepopulaire.fr,FR,93672
thechronicle.com.gh,GH,93638
patheos.com,US,93625
ennapress.it,IT,93569
vermelho.org.br,BR,93531
ntvspor.net,TU,93508
lefigaro.fr,FR,93504
thetimes.co.uk,UK,93492
comandir.com,RS,93449
futboltotal.com.mx,MX,93417
trentonian.com,US,93398
kbtx.com,US,93347
haberx.com,TU,93341
donegalnews.com,EI,93284
extremnews.com,GM,93256
rri.co.id,ID,93234
lacapital.com.mx,MX,93224
thestar.com,CA,93197
israelvalley.com,IS,93128
lakeshoreadvance.com,CA,93117
technews.tw,TW,93109
baotounews.com.cn,CH,93052
greekcitytimes.com,GR,93001
teleamazonas.com,EC,92979
newstalkkit.com,US,92954
paradisepost.com,US,92940
rapsinews.ru,RS,92936
wtkr.com,US,92893
mymixfm.com,US,92892
wn.de,GM,92873
amny.com,US,92863
radio.rzeszow.pl,PL,92857
michiganradio.org,US,92842
wataugademocrat.com,US,92830
demokraatti.fi,FI,92814
file770.com,US,92788
correodelorinoco.gob.ve,VE,92786
newstalk870.am,US,92731
news.az,AJ,92731
shorelinebeacon.com,CA,92714
gazettenet.com,US,92677
rtvbn.com,RB,92658
clintonnewsrecord.com,CA,92544
columbiagorgenews.com,US,92538
catholicworldreport.com,US,92525
leberry.fr,FR,92508
thepost.on.ca,CA,92501
prvnizpravy.cz,EZ,92473
avenuemail.in,IN,92468
eldiariodeguayana.com.ve,VE,92457
pressandguide.com,US,92439
swiftcurrentonline.com,CA,92437
vietnamtribune.com,CH,92421
uusisuomi.fi,FI,92418
source-7.com,EG,92417
detaykibris.com,CY,92377
wttw.com,US,92371
wnaw.com,US,92364
goderichsignalstar.com,CA,92359
postimees.ee,EN,92278
newcity.com,US,92270
wsoctv.com,US,92256
mdeast.news,IZ,92193
mrt.com,US,92183
whro.org,US,92146
haitisun.com,US,92143
sevendaysvt.com,US,92116
eurozpravy.cz,RS,92087
centraljersey.com,US,92065
1037theloon.com,US,92019
power98fm.com,US,92015
stardem.com,US,92013
seaforthhuronexpositor.com,CA,91961
kisscasper.com,US,91944
at-s.com,JA,91925
pap.pl,PL,91917
ilmanifesto.it,IT,91909
standard-journal.com,US,91897
vremeanoua.ro,RO,91864
politiken.dk,DA,91854
euroradio.fm,BO,91815
tipsbladet.dk,DA,91810
dnd.com.pk,PK,91793
alternet.org,US,91770
wrif.com,US,91719
kyma.com,US,91618
rasunetul.ro,RO,91556
mtdemocrat.com,US,91551
lematin.ch,SZ,91515
wnbf.com,US,91497
thebusinessjournal.com,US,91465
kainuunsanomat.fi,FI,91450
lezgigazet.ru,RS,91435
minnpost.com,US,91400
techdirt.com,US,91376
africanmanager.com,TS,91336
thewesterlysun.com,US,91328
forbes.pl,PL,91258
lecourrier-dalgerie.com,AG,91257
rosario3.com,AR,91250
railf.jp,JA,91249
kffm.com,US,91214
poststar.com,US,91192
milanopost.info,IT,91188
dineroenimagen.com,MX,91150
haon.hu,HU,91127
lexch.com,US,91126
ctee.com.tw,TW,91109
eastcountymagazine.org,US,91104
e-noticies.cat,SP,91073
newstalk1290.com,US,91069
mitchelladvocate.com,CA,90967
folhadelondrina.com.br,BR,90942
thelocal.ch,SZ,90906
publituris.pt,PO,90892
tvc.ru,RS,90881
arktimes.com,US,90795
policie.gov.cz,EZ,90770
guampdn.com,GQ,90716
kicks105.com,US,90710
nowiny24.pl,PL,90666
cinemaitaliano.info,IT,90641
northwestsignal.net,US,90631
africaleader.com,IN,90615
vb.kg,KG,90588
brasildefato.com.br,BR,90542
wgbh.org,US,90505
leconomistemaghrebin.com,TS,90422
adiac-congo.com,CF,90393
cumbriacrack.com,UK,90389
brtk.net,TU,90314
chronicle.lu,LU,90296
4ni.co.uk,UK,90261
mediaport.ua,UP,90222
theunion.com,US,90206
koha.mk,MK,90161
hawaiinewsnow.com,US,90157
arthosuchak.com,BG,90150
wgmd.com,US,90149
nptelegraph.com,US,90054
wpxi.com,US,90051
somdnews.com,US,90039
notimerica.com,SP,90010
mix949.com,US,89968
diariodecolima.com,MX,89941
businesstimes.com.sg,CH,89874
ksby.com,US,89850
independenttribune.com,US,89823
parismatch.com,FR,89818
cumberlink.com,US,89767
northcentralpa.com,US,89653
democratherald.com,US,89629
1011now.com,US,89593
zakarpattya.net.ua,UP,89592
wall-street.ro,RO,89558
muscatdaily.com,MU,89544
khaberni.com,IS,89535
nin.rs,RI,89511
canicattiweb.com,IT,89492
diariodeferrol.com,SP,89480
doisongphapluat.com,VM,89466
newsandtribune.com,US,89463
wktv.com,US,89416
southernstar.ie,EI,89392
wibqam.com,US,89284
efsyn.gr,GR,89241
ziar.com,RO,89226
akdenizhaber.com.tr,TU,89178
frontpagemag.com,US,89170
hallandsposten.se,SW,89152
dailypakistan.com.pk,PK,89139
diariodecuyo.com.ar,AR,89109
norfolkdailynews.com,US,89017
indianewengland.com,IN,89017
fingerlakes1.com,US,88994
government.ru,RS,88994
mix941kmxj.com,US,88962
redbluffdailynews.com,US,88952
elpuntocritico.com,MX,88934
whtc.com,US,88893
aargauerzeitung.ch,IS,88879
onvista.de,GM,88864
science-a2z.com,US,88777
bondbuyer.com,US,88701
egyptindependent.com,IS,88697
telemundochicago.com,US,88685
wiartonecho.com,CA,88644
on.cc,HK,88623
perishablenews.com,US,88611
cheknews.ca,CA,88552
dominicanrepublicpost.com,IS,88550
wtvbam.com,US,88537
abc57.com,US,88443
quinewspisa.it,IT,88442
tintuc.vn,VM,88421
gasgoo.com,CH,88403
oimparcial.com.br,BR,88400
petitbleu.fr,FR,88392
uniindia.com,IN,88380
almejhr.com,VM,88377
wdtimes.com,US,88376
chennaionline.com,IN,88370
bladi.net,MO,88362
wjfw.com,US,88333
telegraaf.nl,NL,88272
theintelligencer.com,US,88192
quifinanza.it,IT,88139
emol.com,CI,88131
1045thezone.com,US,88123
redgol.cl,CI,88099
sol.de,GM,88086
progressive-charlestown.com,US,88063
muensterschezeitung.de,GM,88061
gazetawroclawska.pl,PL,88051
elsiglo.com.ve,VE,88037
radiolombardia.it,IT,87899
jornaldocomercio.com,BR,87891
kenyastar.com,IN,87859
lhebdodustmaurice.com,CA,87813
cameroun24.net,CM,87781
kincardinenews.com,CA,87701
cajunradio.com,US,87667
kmhk.com,US,87657
alaskahighwaynews.ca,CA,87607
lavenir.net,BE,87570
meridiano.net,VE,87570
fijitimes.com,FJ,87508
texastribune.org,US,87457
indeksonline.net,KV,87433
nuz.uz,UZ,87405
adelaidenow.com.au,AS,87369
elperiodiquito.com,VE,87365
martinsvillebulletin.com,US,87314
eizvestia.com,UP,87293
swr.de,GM,87284
bongda24h.vn,VM,87266
dutchnews.nl,NL,87206
rodina-history.ru,RS,87185
ktep.org,US,87155
firstonline.info,IT,87089
tuniscope.com,TS,87072
orovillemr.com,US,87070
forbes.ro,RO,87034
centralasiatimes.com,AF,87025
milanofinanza.it,IT,86983
summitdaily.com,US,86981
dmagazine.com,US,86872
wuky.org,US,86860
jujuyalmomento.com,AR,86831
europafm.ro,RO,86797
uzdaily.com,UZ,86784
billboard.com,US,86727
anewsa.com,KS,86702
travelweekly.com.au,AS,86687
catcountry1029.com,US,86603
gazettextra.com,US,86600
thedigitalcourier.com,US,86581
polizeinews.ch,SZ,86578
metalinfo.ru,RS,86575
westcentralsbest.com,US,86571
lejdc.fr,FR,86563
tribunademinas.com.br,BR,86534
kristv.com,US,86517
haberdar.com,TU,86516
dinheirovivo.pt,PO,86483
sonin.mn,MG,86482
nyasatimes.com,MI,86475
newtuscia.it,IT,86405
spokanepublicradio.org,US,86376
eugenedailynews.com,US,86308
fredericknewspost.com,US,86268
meganoticias.mx,MX,86267
aminata.com,GV,86207
futebol365.pt,PO,86192
rusjev.net,UP,86190
netnewsledger.com,CA,86187
thebrunswicknews.com,US,86166
netwerk24.com,SF,86157
polispress.gr,GR,86125
leral.net,SG,86112
observertoday.com,US,86097
journalleguide.com,CA,86088
godanriver.com,US,86084
idag.no,NO,86066
bernama.com,MY,86058
abc12.com,US,86035
brooklyneagle.com,US,86001
weirtondailytimes.com,US,85999
techweb.com.cn,CH,85992
newstomato.com,KS,85924
lopinionista.it,IT,85910
mi-lorenteggio.com,IT,85902
gulte.com,IN,85894
bandt.com.au,AS,85873
haberalkibrisli.net,TU,85841
wsbs.com,US,85839
arynews.tv,PK,85825
siete24.mx,MX,85808
sandiegored.com,MX,85805
boon.hu,HU,85758
ilkkapohjalainen.fi,FI,85758
lessentiel.lu,LU,85739
newarab.com,IS,85735
kptv.com,US,85727
h24info.ma,MO,85686
wfdd.org,US,85660
faribaultcountyregister.com,US,85651
cadenaser.com,SP,85644
havasunews.com,US,85630
tiempodesanjuan.com,AR,85630
news.at,AU,85628
telemundo51.com,US,85596
obiectivbr.ro,RO,85590
twtd.co.uk,UK,85563
borneobulletin.com.bn,US,85556
mannheimer-morgen.de,GM,85535
lhebdojournal.com,CA,85517
adnradio.cl,CI,85476
ieyenews.com,CJ,85427
sbnation.com,US,85412
y105music.com,US,85408
nsktv.ru,RS,85360
fixygen.ua,UP,85350
b100quadcities.com,US,85317
ktvh.com,US,85256
wmot.org,US,85252
northdenvernews.com,US,85230
heraldextra.com,US,85222
elpatagonico.com,AR,85180
diaridegirona.cat,SP,85163
analitica.com,VE,85113
radiotimisoara.ro,RO,85084
lankaweb.com,CE,85024
thurgauerzeitung.ch,SZ,84957
kxlh.com,US,84936
atlantablackstar.com,US,84914
annabaa.org,IZ,84855
beachconnection.net,US,84832
k618.cn,CH,84816
lecceprima.it,IT,84798
eldiadigital.es,SP,84765
notigape.com,MX,84722
bvz.at,AU,84707
tribtoday.com,US,84699
barilocheopina.com,AR,84628
heraldcourier.com,US,84605
hoy.com.py,PA,84580
herefordtimes.com,UK,84559
aimdigital.com.ar,AR,84541
dziennikbaltycki.pl,PL,84504
kxkx.com,US,84485
infpol.ru,RS,84473
bransontrilakesnews.com,US,84472
dnews.com,US,84456
britannica.com,US,84415
thenewdaily.com.au,AS,84399
oilprice.com,RS,84391
religionnews.com,US,84303
ami.mr,MR,84289
gazeta-shqip.com,AL,84258
portnet.gr,GR,84240
telemundo47.com,US,84199
maryvilleforum.com,US,84190
cpr.org,US,84171
bestmediainfo.com,IN,84167
lehighvalleylive.com,US,84165
ktsa.com,US,84097
wthitv.com,US,84070
diarioelnorte.com.ar,AR,83988
mopo.de,GM,83921
regiondigital.com,SP,83891
independentsentinel.com,US,83886
weatherforddemocrat.com,US,83867
corriereromagna.it,IT,83865
nvdaily.ru,RS,83857
alarab.com,IS,83826
infocielo.com,AR,83816
expreso.com.pe,PE,83796
gd.se,SW,83721
newzealandstar.com,CH,83701
jornalcruzeiro.com.br,BR,83644
riotimesonline.com,BR,83628
pbcommercial.com,US,83621
timesca.com,KZ,83581
ozap.com,FR,83543
rttnews.com,US,83533
eyeradio.org,OD,83531
taringa.net,RS,83514
maremmanews.it,IT,83423
kowb1290.com,US,83418
record-bee.com,US,83403
businesswire.com,US,83403
polity.org.za,SF,83391
eldiariony.com,US,83376
niagara-gazette.com,US,83332
dennikn.sk,RS,83328
theworldlink.com,US,83318
insideindianabusiness.com,US,83281
710wfnr.com,ID,83246
kabar.kg,KG,83177
azerbaijannews.net,AF,83101
flaglerlive.com,US,83087
nordjyske.dk,DA,83068
knoe.com,US,83038
astanatv.kz,KZ,83018
biznews.com,SF,82999
haberciniz.biz,TU,82980
shine.cn,CH,82920
pressreleasepoint.com,US,82873
wdbqam.com,US,82866
discoverairdrie.com,CA,82862
latintimes.com,US,82850
laliberte.ch,SZ,82732
prachatai.com,TH,82728
ziarulprahova.ro,RO,82724
beaumontenterprise.com,US,82699
senego.com,SG,82663
eonline.com,US,82581
muskokaregion.com,CA,82542
acadienouvelle.com,CA,82541
montereyherald.com,US,82532
blitzquotidiano.it,IT,82511
ravennanotizie.it,IT,82467
fox34.com,US,82449
cdapress.com,US,82383
waldnet.nl,NL,82367
milannews.it,IT,82367
varazdinske-vijesti.hr,HR,82291
hurriyetdailynews.com,TU,82250
tuwroclaw.com,PL,82249
ilpescara.it,IT,82248
pagesix.com,US,82164
thesierraleonetelegraph.com,SL,82162
menorca.info,SP,82143
insidehalton.com,CA,82140
medias24.com,MO,82134
recorder.com,US,82122
tellychakkar.com,IN,82103
wttf.com,US,82080
wmxv1015.com,ID,82072
israeltoday.co.il,IS,82047
myjournalcourier.com,US,82020
burkina24.com,UV,82002
aei.org,US,81944
toutelatele.com,FR,81926
rondoniaovivo.com,BR,81925
alyaoum24.com,MO,81887
lnr-dz.com,AG,81878
surenio.com.ar,AR,81872
centre-presse.fr,FR,81862
vreme.com,RI,81852
lechorepublicain.fr,FR,81845
elmostrador.cl,CI,81831
fox23.com,US,81821
anroca.com.ar,AR,81811
thegardenisland.com,US,81784
dissexpress.co.uk,UK,81727
dwtonline.com,NS,81708
heraldnet.com,US,81705
thenewsminute.com,IN,81665
diariosanrafael.com.ar,AR,81619
asianews.network,CH,81592
surinenglish.com,SP,81567
ildenaro.it,IT,81565
weeklyregistercall.com,US,81558
valeursactuelles.com,FR,81522
monitoruldevaslui.ro,RO,81514
tverlife.ru,RS,81504
sirajlive.com,IN,81474
parkrecord.com,US,81454
comunicati-stampa.net,IT,81440
tribune.gr,GR,81404
97x.com,US,81401
kplctv.com,US,81401
trikalanews.gr,GR,81401
meionews.com,BR,81400
reddeeradvocate.com,CA,81388
stuttgartdailyleader.com,US,81359
nt.am,AM,81358
wror.com,US,81336
afar.com,US,81318
naibaat.pk,PK,81290
skymetweather.com,IN,81226
cittadellaspezia.com,IT,81197
newsyemen.net,YM,81194
theindependent.co.zw,ZI,81176
lagaceta.com.ar,AR,81171
efe.com,US,81168
pomponik.pl,PL,81115
koha.net,KV,81079
waaytv.com,US,81043
lexpress.mu,MP,81026
elinformador.com.co,CO,81017
chandrikadaily.com,IN,80898
newscentermaine.com,US,80859
magazinsalajean.ro,RO,80828
heritagefl.com,IS,80823
joxfm.com,US,80809
thetrucker.com,US,80801
pts.org.tw,TW,80774
lematin.ma,MO,80749
myitmakhamediagroup.com,CH,80710
latercera.com,CI,80699
lesoir.be,BE,80642
gazzettadiparma.it,IT,80613
bartamanpatrika.com,IN,80610
hn.se,SW,80558
daijiworld.com,IN,80553
newser.com,US,80526
ragusanews.com,IT,80494
lensaindonesia.com,ID,80452
pravdasevera.ru,RS,80342
al-akhbar.com,IS,80332
voruta.lt,LH,80259
lansivayla.fi,FI,80187
ktvq.com,US,80176
netzwelt.de,GM,80170
portalodia.com,BR,80123
aktifhaber.com,TU,80116
drt915.gr,GR,80098
bnext.com.tw,TW,80081
mlbtraderumors.com,US,80070
elpilon.com.co,CO,80068
starweekly.com.au,AS,79991
v1019.com,US,79985
kttn.com,US,79971
pliroforiodotis.gr,GR,79939
centralasia.media,RS,79920
kpq.com,US,79901
styga.gr,GR,79877
wpr.org,US,79874
cachevalleydaily.com,US,79869
opb.org,US,79783
eater.com,US,79769
evening-kazan.ru,RS,79721
courrierdesbalkans.fr,RI,79692
novoeste.com,BR,79617
tabloidbintang.com,ID,79600
freebeacon.com,US,79600
kwqc.com,US,79554
doncasterfreepress.co.uk,UK,79548
kdrv.com,US,79512
geneamusings.com,US,79511
tvsette.net,IT,79468
gsp.ro,RO,79445
azdailysun.com,US,79415
cronachemaceratesi.it,IT,79407
yen.com.gh,GH,79340
mandiner.hu,RS,79332
plotek.pl,PL,79316
newstatesman.com,UK,79296
siliconindia.com,IN,79268
corumhakimiyet.net,TU,79265
radaronline.com,US,79237
rotowire.com,US,79225
cursdeguvernare.ro,RO,79185
vse42.ru,RS,79183
newjerseyhills.com,US,79179
proactiveinvestors.com.au,AS,79106
vnews.com,US,79013
voicetv.co.th,TH,79002
tvperu.gob.pe,PE,78959
wbrz.com,US,78907
elmalaeb.com,EG,78854
fenlandcitizen.co.uk,UK,78789
animenewsnetwork.com,JA,78759
hartfordcitynewstimes.com,US,78741
monzatoday.it,IT,78726
chp.com.ua,UP,78693
purepeople.com,FR,78646
mississippivalleypublishing.com,US,78637
arkansasbusiness.com,US,78597
turnto23.com,US,78592
shimotsuke.co.jp,JA,78591
terzobinario.it,IT,78543
wwd.com,US,78523
lerefletdulac.com,CA,78481
hitc.com,UK,78437
err.ee,EN,78434
tnbiz.cz,EZ,78425
courrierfrontenac.qc.ca,CA,78347
szabadsag.ro,RO,78317
saudigazette.com.sa,SA,78290
rtsh.al,AL,78265
goloskarpat.info,UP,78265
klix.ba,BK,78222
klkntv.com,US,78210
andigital.com.ar,AR,78179
thespun.com,US,78172
nigerianobservernews.com,NI,78097
investireoggi.it,IT,78097
editorialedomani.it,IT,78093
meta.ua,UP,78076
abc-7.com,US,78044
talouselama.fi,FI,78021
lavoixdusud.com,CA,77980
nationalinterest.org,RS,77979
midi-madagasikara.mg,MA,77933
havadiskibris.com,TU,77920
uralpolit.ru,RS,77908
boursier.com,US,77870
dnevnik.si,SI,77862
wwaytv3.com,US,77750
newstalk.com,EI,77628
offnews.bg,BU,77614
mainebiz.biz,US,77552
canalrcn.com,CO,77542
vandahaber.com,TU,77533
carrollspaper.com,US,77523
sahilonline.org,IN,77493
sierraleonetimes.com,IN,77483
14ymedio.com,CU,77478
primonumero.it,IT,77462
comicbook.com,US,77439
calciomercato.com,IT,77430
andishemoaser.ir,IR,77388
dvhn.nl,NL,77378
daily.com.ua,UP,77307
karatoa.com.bd,BG,77305
wiky.com,US,77295
hot969boston.com,US,77280
starlocalmedia.com,US,77122
wgrz.com,US,77112
garoweonline.com,SO,77087
theuknews.com,UK,77061
southpeacenews.com,CA,77033
moz.de,GM,77021
tameteora.gr,GR,77011
westcentralonline.com,CA,76971
terra.com.mx,MX,76946
avenues.tv,NP,76937
freenet.de,GM,76932
wbap.com,US,76918
heraldstaronline.com,US,76883
symboulos.gr,GR,76848
crooksandliars.com,US,76814
bawabatii.com,YM,76732
kul-alarab.com,IS,76708
wbbjtv.com,US,76700
westword.com,US,76682
trevisotoday.it,IT,76675
bzbasel.ch,IS,76669
kait8.com,US,76669
telemundoareadelabahia.com,US,76657
rtcg.me,RS,76653
villagesoup.com,US,76638
avesta.tj,TI,76599
q13fox.com,US,76557
jornaldocentro.pt,PO,76531
lequotidien-oran.com,AG,76529
unita.tv,IT,76500
al-sharq.com,QA,76483
kopsource.com,US,76479
monavista.ru,RS,76447
diariolasamericas.com,US,76425
ariananews.af,AF,76339
parbattanews.com,BG,76320
0223.com.ar,AR,76315
almanacnews.com,US,76300
corsematin.com,FR,76294
radonezh.ru,RS,76289
thejasnews.com,IN,76288
quotidianopiemontese.it,IT,76231
boothbayregister.com,US,76216
sfstation.com,US,76203
outoftownblog.com,RP,76185
noozhawk.com,US,76181
carolinacoastonline.com,US,76137
jornada.com.pe,PE,76122
maaseuduntulevaisuus.fi,FI,76116
lequipe.fr,FR,76107
ts.fi,FI,76101
sofoot.com,FR,76003
realestate.com.au,AS,75969
ligurianotizie.it,IT,75963
wcsx.com,US,75926
alaskapublic.org,US,75867
stereoboard.com,UK,75836
zr.ru,RS,75786
9and10news.com,US,75774
diariolaprovinciasj.com,AR,75770
pressnetwork.de,GM,75763
katc.com,US,75722
incomemagazine.ro,RO,75707
mauinews.com,US,75704
wiara.pl,PL,75648
newizv.ru,RS,75642
concordmonitor.com,US,75637
larazon.pe,PE,75636
j-cast.com,JA,75606
1310kfka.com,US,75601
e-radio.gr,GR,75579
lemauricien.com,MP,75573
al-binaa.com,IS,75552
aradon.ro,RO,75551
stardaily.com.cn,CH,75529
mcalesternews.com,US,75493
sova-center.ru,RS,75472
vikatan.com,IN,75469
fox1023.com,US,75443
economx.hu,HU,75421
eldia.com.do,US,75358
1470kyyw.com,US,75348
fpress.gr,GR,75332
ksnblocal4.com,US,75312
salemnews.com,US,75302
delmagyar.hu,HU,75301
tv2kosmopol.dk,DA,75292
azadliq.org,RS,75267
51.ca,CA,75240
theamericanconservative.com,US,75203
news.com.au,AS,75203
kremlin.ru,RS,75170
hoy.com.do,US,75117
kltv.com,US,75115
ktlo.com,US,75097
broomfieldenterprise.com,US,75059
gx94radio.com,CA,75033
trend-online.com,IT,75030
sovsekretno.ru,RS,75012
cities929.com,US,74981
expressdebanat.ro,RO,74935
trgmedia.it,IT,74899
gazettetimes.com,US,74868
wabx.net,US,74846
myanmarnews.net,IN,74843
bonde.com.br,BR,74787
flynews.gr,GR,74777
trains.com,US,74704
ground.news,US,74667
myplainview.com,US,74621
signalscv.com,US,74605
sacobserver.com,US,74594
wdef.com,US,74567
daily-sun.com,BG,74554
indaily.com.au,AS,74500
aspentimes.com,US,74443
mizzima.com,BM,74440
travelnostop.com,IT,74433
hot96.com,US,74389
vita.it,IT,74241
olbianotizie.it,IT,74210
wmgk.com,US,74196
ohtuleht.ee,RS,74164
rupor.info,UP,74150
tendanceouest.com,FR,74129
corriereirpinia.it,IT,74123
elexpres.com,MX,74097
kmaj1440.com,US,74094
topagrar.com,GM,74016
franceguyane.fr,UP,73961
javanews.al,AL,73950
szoljon.hu,HU,73884
therecord.com,CA,73871
forlitoday.it,IT,73841
morningstar.com,US,73816
glamsham.com,IN,73800
aixmi-news.gr,GR,73778
onedio.com,TU,73685
northeasttoday.in,IN,73664
news-press.com,US,73640
cnbeta.com,CH,73632
aceshowbiz.com,US,73597
tvrepublika.pl,PL,73585
radiolaprimerisima.com,NU,73562
freshplaza.com,US,73501
outsideonline.com,US,73484
chinadailyhk.com,CH,73412
jornadaonline.com,AR,73402
redepeabirus.com.br,BR,73396
poblanerias.com,MX,73265
mv-voice.com,US,73237
scnow.com,US,73219
restaurantnewsrelease.com,US,73153
koolam.com,US,73150
lokalkompass.de,GM,73096
costanachrichten.com,GM,73085
slobodnaevropa.mk,RS,73043
cs.com.cn,CH,73029
comingsoon.it,IT,73003
govtech.com,US,72990
lainformacion.com,SP,72972
vnewsbd.com,BG,72929
crowrivermedia.com,US,72902
kmjnow.com,US,72861
13abc.com,US,72812
cctv.com,CH,72765
londonlovesbusiness.com,UK,72745
gazzettadelsud.it,IT,72740
juznevesti.com,RI,72718
myleaderpaper.com,US,72660
informazionecorretta.com,IS,72660
sanews.gov.za,SF,72580
telesurtv.net,VE,72534
newtelegraphng.com,NI,72522
kemma.hu,HU,72498
parlamentario.com,AR,72467
westkentuckystar.com,US,72436
malawi24.com,MI,72391
odatv4.com,TU,72371
theintermountain.com,US,72370
myozarksonline.com,US,72300
987jack.com,US,72295
cittametropolitana.fi.it,IT,72292
wmfe.org,US,72238
metal.com,CH,72232
jornalnh.com.br,BR,72180
wflx.com,US,72158
sputniknews.vn,VM,72136
ria56.ru,RS,72122
outdoornews.com,US,72085
corvallisadvocate.com,US,71982
mtvuutiset.fi,FI,71972
douglas-budget.com,US,71941
tamilmurasu.com.sg,IN,71937
itongadol.com,IS,71917
nouvelobs.com,FR,71916
aztagdaily.com,AM,71905
heise.de,GM,71896
barbadostoday.bb,BB,71884
notretemps.com,FR,71881
jamaicantimes.com,US,71878
wabe.org,US,71841
sermitsiaq.ag,GL,71840
kamugundemi.com,TU,71832
cinemablend.com,US,71755
wzozfm.com,US,71715
themountainpress.com,US,71700
radiotamazuj.org,OD,71680
guncelgazete.com,TU,71674
weau.com,US,71610
abcbourse.com,FR,71608
wz-net.de,GM,71580
fortmcmurraytoday.com,CA,71534
ridgecrestca.com,US,71503
apiural.ru,RS,71502
nazioneindiana.com,IT,71471
eleco.com.ar,AR,71447
qatar-tribune.com,QA,71418
theweek.com,US,71409
postindependent.com,US,71399
pharmiweb.com,US,71386
getreading.co.uk,UK,71383
lechodemaskinonge.com,CA,71372
nuevaalcarria.com,UK,71361
kmaland.com,US,71351
macrobusiness.com.au,AS,71341
agrigentonotizie.it,IT,71339
brightonandhovenews.org,UK,71333
plumaslibres.com.mx,MX,71323
agon.gr,GR,71295
vox.com,US,71213
thesun.co.uk,UK,71182
themarker.com,IS,71113
foreignaffairs.co.nz,US,71107
eurocapital.gr,GR,71075
risalehaber.com,TU,71049
nachdenkseiten.de,GM,71032
tvnotas.com.mx,MX,71017
wienerzeitung.at,AU,71012
padovaoggi.it,IT,70969
sudantribune.net,SU,70966
kisalfold.hu,HU,70933
thescottishfarmer.co.uk,UK,70881
lexology.com,US,70875
parameter.sk,LO,70862
365.com.mk,MK,70849
boainformacao.com.br,BR,70785
akipress.com,KG,70737
restaurantnews.com,US,70712
rawstory.com,US,70695
energeticcity.ca,CA,70687
bnt.bg,BU,70600
northernirelandworld.com,UK,70551
tbnewswatch.com,CA,70486
laprensalara.com.ve,VE,70486
lusakatimes.com,ZA,70486
stratford-herald.com,UK,70464
polskatimes.pl,PL,70415
eastoregonian.com,US,70413
ammoland.com,US,70398
nbnews.com.ua,UP,70368
natureworldnews.com,US,70365
hogshaven.com,US,70333
lyoncapitale.fr,FR,70329
itnnews.lk,CE,70206
esquire.com,US,70162
dailyheraldtribune.com,CA,70123
wydaily.com,US,70116
vaol.hu,HU,70103
beol.hu,HU,70070
golocalprov.com,US,70064
patris.gr,GR,70059
facenews.ua,UP,70056
pamplinmedia.com,US,70041
hri.org,TU,69980
juarezhoy.com.mx,MX,69973
bt.dk,DA,69867
openpr.de,GM,69866
kw3.com,US,69856
ecoticias.com,SP,69852
almountakhab.com,MO,69825
asn24.ru,RS,69792
nowtoronto.com,CA,69778
tv2fyn.dk,DA,69754
whitecourtstar.com,CA,69748
lockportjournal.com,US,69607
chandpurtimes.com,BG,69595
gator995.com,US,69490
adalet.az,AJ,69458
idowa.de,GM,69438
rrdailyherald.com,US,69430
kerkida.net,CY,69428
wsmv.com,US,69428
hayat.ba,BK,69427
equitybulls.com,IN,69417
almarkazia.com,LE,69411
carolinajournal.com,US,69407
chip.de,GM,69382
moneylife.in,IN,69378
klif.com,US,69352
1230wjoi.com,CH,69342
telemundohouston.com,US,69305
paulickreport.com,US,69291
thailandblog.nl,TH,69273
1plus1.ua,UP,69264
eldiariodesonora.com.mx,MX,69232
leseco.ma,MO,69227
kwch.com,US,69219
salemnews.net,US,69218
akhbar-alkhaleej.com,BA,69215
koamnewsnow.com,US,69212
yambolnews.net,BU,69207
geotimes.ge,US,69199
syriahr.com,SY,69185
salzgitter-zeitung.de,GM,69180
tagblatt.ch,SZ,69159
urdupoint.com,PK,69159
dailythepatriot.com,PK,69131
alabamawx.com,US,69053
martinoticias.com,CU,69053
620ckrm.com,CA,69042
myanmarmuslim.net,VM,69024
gothamist.com,US,69015
gorod55.ru,RS,68986
atholdailynews.com,US,68954
pharostribune.com,US,68906
peiner-nachrichten.de,GM,68898
femmeactuelle.fr,FR,68885
atlantaleader.com,US,68885
naijanews.com,NI,68874
autoevolution.com,US,68871
njbiz.com,US,68856
fijisun.com.fj,FJ,68827
jomo-news.co.jp,JA,68822
die-glocke.de,GM,68792
stanradar.com,RS,68788
mumbrella.com.au,AS,68778
fotbolldirekt.se,SW,68772
therakyatpost.com,MY,68771
pudelek.pl,PL,68722
telemundodenver.com,US,68711
italiaoggi.it,IT,68706
gratefulweb.com,US,68690
tv2nord.dk,DA,68674
nrtoday.com,US,68668
vovgiaothong.vn,VM,68659
wradio.com.mx,MX,68652
afr.net,US,68642
ummid.com,IN,68562
baon.hu,HU,68527
blogdacidadania.com.br,BR,68522
legalinsurrection.com,US,68522
beefcentral.com,AS,68515
almasdaronline.com,YM,68475
rfidworld.com.cn,CH,68436
sonline.hu,HU,68415
elsiglodedurango.com.mx,MX,68399
heraldtribune.com,US,68376
helmstedter-nachrichten.de,GM,68353
tyzhden.ua,UP,68351
amur.info,RS,68344
publicradioeast.org,US,68340
piacenzasera.it,IT,68321
chinatradenews.com.cn,CH,68297
annahar.com,LE,68286
laprovinciaunicatv.it,IT,68283
dailypress.net,US,68272
altoonamirror.com,US,68248
voatiengviet.com,VM,68233
longisland.com,US,68221
tvsyd.dk,DA,68186
wolfsburger-nachrichten.de,GM,68165
naszdziennik.pl,PL,68144
thenewamerican.com,US,68101
wphm.net,US,68083
newcivilengineer.com,UK,68023
georgeherald.com,SF,68011
winsfordguardian.co.uk,UK,68005
perugia24.net,IT,67943
haberinadresi.com,TU,67935
wdbj7.com,US,67903
alhourriah.org,IS,67887
iberkshires.com,US,67887
zivotpo.sk,LO,67874
hazard-herald.com,US,67852
kp.md,MD,67848
congan.com.vn,VM,67814
963kklz.com,US,67785
sostav.ru,RS,67763
obrag.org,US,67755
sempionenews.it,IT,67739
b-port.com,RS,67707
thaipublica.org,TH,67703
azg.am,AM,67688
tokyo-np.co.jp,JA,67684
superiortelegram.com,US,67669
kuwaitnews.com,KU,67650
moldova-suverana.md,RS,67586
zugerzeitung.ch,SZ,67531
texty.org.ua,UP,67529
city-countyobserver.com,US,67455
dongascience.com,KS,67448
elbuho.pe,PE,67422
mtlblog.com,CA,67402
witn.com,US,67388
ilfaroonline.it,IT,67380
teammyrtlebeach.com,US,67370
oklahomastar.com,US,67329
libe.ma,MO,67324
thephuketnews.com,TH,67294
crainou.ro,RO,67281
orvietosi.it,IT,67276
fairviewpost.com,CA,67265
ikypros.com,GR,67245
china-embassy.gov.cn,CH,67232
munhwa.com,KS,67192
restaurantmagazine.com,US,67089
statesville.com,US,67087
radiochisinau.md,UP,67081
dailydemocrat.com,US,67066
republica.com,SP,67022
neworleanscitybusiness.com,US,67018
krone.at,AU,67018
landbote.ch,SZ,67013
vermilionstandard.com,CA,66974
mbnews.it,IT,66972
bolaindo.com,ID,66932
eldia.com.bo,BL,66887
simcoe.com,CA,66884
lospiffero.com,IT,66834
ekipnews.com,BU,66827
arkansasrazorbacks.com,US,66809
econotimes.com,KS,66795
sootoo.com,CH,66773
indiapost.com,IN,66772
gnnliberia.com,LI,66758
impress.co.jp,JA,66733
coldlakesun.com,CA,66709
televisa.com,MX,66681
unionradio.net,VE,66668
7newsbelize.com,BH,66664
lfpress.com,UK,66616
wsfa.com,US,66592
kolotv.com,US,66590
newca.com,CA,66571
bnn.lv,LG,66552
bloomberg.com,US,66490
ossolanews.it,IT,66482
kaloumpresse.com,GV,66480
dailyjournalonline.com,US,66473
informazione.it,IT,66450
magic983.com,US,66438
hn.cz,EZ,66433
tgvaldarno.net,CH,66421
indiantelevision.com,IN,66411
wruf.com,US,66399
wjbr.com,US,66392
farminglife.com,UK,66388
prrecordgazette.com,CA,66324
newsargus.com,US,66307
portageonline.com,CA,66287
fnweb.de,GM,66268
diariodigital.com.br,BR,66267
bleedingheartland.com,US,66266
jkg-portal.com.ua,UP,66262
jornalfolhadoestado.com,BR,66248
greenreport.it,IT,66232
fauquier.com,US,66231
lakegenevanews.net,US,66228
wafb.com,US,66213
segodnya.ua,UP,66212
wsaw.com,US,66133
ceara.gov.br,BR,66118
lockhaven.com,US,66100
1242.com,JA,66066
utahindependent.com,US,66063
cincoradio.com.mx,MX,66051
fultonsun.com,US,66017
vokrugsveta.ru,RS,66014
740thefan.com,US,65980
monitor.co.ug,UG,65977
china-briefing.com,CH,65970
washingtonian.com,US,65902
sputnik-georgia.ru,GG,65884
finet.hk,CH,65872
dublinpeople.com,EI,65859
radartegal.com,ID,65840
shannonside.ie,EI,65839
diariodocomercio.com.br,BR,65825
tageblatt.de,GM,65773
udinetoday.it,IT,65739
nepszava.hu,HU,65683
sherwoodparknews.com,CA,65677
propublica.org,US,65645
azattyk.org,RS,65637
tv2east.dk,DA,65629
ncregister.com,US,65591
barcablaugranes.com,SP,65585
ctmirror.org,US,65582
standard.net,US,65556
burntorangenation.com,US,65555
bramptonguardian.com,CA,65543
larep.fr,FR,65508
i95rock.com,US,65441
obwaldnerzeitung.ch,SZ,65438
mtpr.org,US,65434
morganton.com,US,65410
news-journalonline.com,US,65401
agweek.com,US,65396
teol.hu,HU,65382
clickpb.com.br,BR,65345
listverse.com,US,65343
juancole.com,IS,65321
a24.com.tr,TU,65310
seiska.fi,FI,65302
vos.com.cn,CH,65194
reporter.si,SI,65185
brazilsun.com,US,65174
arn.ps,IS,65164
canal-supporters.com,FR,65134
bollywoodhungama.com,IN,65123
ksisradio.com,US,65122
elevenwarriors.com,US,65108
naukawpolsce.pl,PL,65056
filmibeat.com,IN,65024
johnsoncitypress.com,US,65016
emiliaromagnanews24.it,IT,64993
thespec.com,CA,64984
jta.org,IS,64972
idonde.com,CO,64965
theeagle.com,US,64940
awfulannouncing.com,US,64910
agoravox.fr,FR,64885
naplesnews.com,US,64863
profitline.hu,HU,64801
alertadigital.com,SP,64767
artshub.com.au,AS,64733
huffingtonpost.co.uk,UK,64725
floridatrend.com,US,64717
limaohio.com,US,64697
connachttribune.ie,EI,64694
ittime.com.cn,CH,64653
etc.se,SW,64596
dagensps.se,SW,64578
mix957gr.com,US,64570
ttela.se,SW,64518
severpost.ru,RS,64494
sonoticias.com.br,BR,64487
yan.vn,VM,64475
suprabhaatham.com,IN,64470
pna.gov.ph,RP,64464
thenational.com.pg,PP,64462
elta.lt,LH,64449
punto.com.ph,RP,64447
gazzettadireggio.it,IT,64445
managingmadrid.com,SP,64433
alfa.mk,MK,64430
mybeachradio.com,US,64387
alphatv.gr,GR,64369
telemundolasvegas.com,US,64364
radiolasithi.gr,GR,64327
spectator.co.uk,UK,64262
talkingpointsmemo.com,US,64262
zerkalo.az,RS,64255
vsesmi.ru,RS,64213
lanoticia1.com,AR,64200
telemetro.com,PM,64196
novostey.com,UP,64178
cawalisse.com,MO,64160
wcjb.com,US,64144
tibet.net,CH,64137
purdueexponent.org,US,64119
polkio.com,US,64110
wtma.com,US,64110
observer-reporter.com,US,64063
nova.cz,EZ,64029
driving.ca,CA,64006
calciomercato.it,IT,64005
knopnews2.com,US,64002
khaosodenglish.com,TH,63996
lafm.com.co,CO,63994
spectator.org,US,63949
nikcenter.org,UP,63946
kurierwilenski.lt,LH,63936
tageblatt.lu,LU,63883
lebanon24.com,LE,63839
volksblatt.at,AU,63819
gamerant.com,JA,63806
noticiasdel6.com,AR,63769
cecildaily.com,US,63767
feol.hu,HU,63681
doisongphapluat.com.vn,VM,63678
jacksonville.com,US,63655
liberation.fr,FR,63647
fnarena.com,AS,63632
reporter.net,US,63621
lahora.com.ec,EC,63614
ekipa.mk,MK,63592
1039wvbo.com,US,63578
ravennatoday.it,IT,63576
izvestia.kiev.ua,UP,63574
defimedia.info,MP,63562
thegrocer.co.uk,UK,63535
castellinotizie.it,IT,63532
nevadaappeal.com,US,63531
hjnews.com,US,63528
dziennik.com,PL,63464
rep-am.com,US,63442
7days.ru,RS,63385
hertfordshiremercury.co.uk,UK,63335
newschannelnebraska.com,US,63330
afghanpaper.com,AF,63326
iodonna.it,IT,63324
wnewsj.com,US,63311
aljarida.com,KU,63297
sumutpos.co,ID,63278
sanangelolive.com,US,63276
virgule.lu,LU,63275
uchile.cl,CI,63231
effinghamdailynews.com,US,63196
americanpress.com,US,63195
miaminewtimes.com,US,63191
tnonline.com,US,63181
druzina.si,SI,63163
americanbanker.com,US,63101
elbotola.com,MO,63091
pressrepublican.com,US,63086
brownwoodnews.com,US,63085
ameblo.jp,JA,63078
fox8live.com,US,63058
wild941.com,US,63053
regiaodeleiria.pt,PO,63052
comillarkagoj.com,BG,63020
badenertagblatt.ch,IS,63010
oklahoman.com,US,63010
mayerthorpefreelancer.com,CA,63009
northkoreatimes.com,US,62967
eyeonannapolis.net,US,62966
hellenicnews.com,GR,62926
floridatoday.com,US,62926
gazetanord-vest.ro,RO,62911
sprucegroveexaminer.com,CA,62900
leducrep.com,CA,62887
tallahassee.com,US,62877
times-standard.com,US,62868
telemundo.com,US,62867
fox10tv.com,US,62856
latinpost.com,US,62754
sardanews.it,IT,62751
kentuckynewera.com,US,62749
miningjournal.net,US,62728
thelocal.no,NO,62659
nairametrics.com,NI,62618
wetaskiwintimes.com,CA,62613
omirante.pt,PO,62609
myaustinminnesota.com,US,62506
champion.com.ua,UP,62498
wkml.com,US,62484
444.hu,US,62462
devondispatch.ca,CA,62444
valleynewslive.com,US,62417
62.ua,UP,62412
northernirelandnews.com,IN,62366
wiscassetnewspaper.com,US,62343
winonadailynews.com,US,62336
wbez.org,US,62333
grenadachronicle.com,IS,62249
dailykesari.com,IN,62231
tf1info.fr,FR,62229
bratislavskenoviny.sk,LO,62217
manilastandard.net,RP,62203
k96fm.com,US,62201
dailyinterlake.com,US,62188
diariodecultura.com.ar,AR,62178
centrumpr.pl,PL,62145
pajhwok.com,AF,62139
state.gov,US,62130
kaaltv.com,US,62096
erbol.com.bo,BL,62076
fool.com.au,AS,62044
jacarandafm.com,SF,62036
fox969.com,US,62027
zhurnal.mk,MK,62010
timeout.com,UK,61990
wosu.org,US,61988
rollcall.com,US,61940
zavtra.com.ua,UP,61932
elobservador.com.uy,UY,61886
coolloud.org.tw,TW,61881
mladina.si,SI,61839
sharonherald.com,US,61830
wvpublic.org,US,61827
xpatloop.com,HU,61803
globalmedia.mx,MX,61788
jornaldenegocios.pt,PO,61780
wsrkfm.com,US,61743
live5news.com,US,61683
lequotidien.lu,LU,61671
globalpunjabtv.com,IN,61659
businessonline.it,IT,61604
vedomosti.md,MD,61596
wtxl.com,US,61588
rollingout.com,US,61581
communitynewspapergroup.com,US,61579
palermomania.it,IT,61551
bornholm.nu,DA,61529
jewishworldreview.com,US,61499
ngzt.ru,RS,61497
akhbaar.org,IZ,61492
lex18.com,US,61473
birminghamstar.com,US,61419
nikkan-gendai.com,JA,61411
ecuavisa.com,EC,61391
marasgundem.com.tr,TU,61306
paigham.tv,JA,61225
hickoryrecord.com,US,61215
fortsaskatchewanrecord.com,CA,61196
nation.com.pk,PK,61183
solothurnerzeitung.ch,IS,61161
sxrtv.com,CH,61126
elmercurio.com.mx,MX,61104
austinchronicle.com,US,61090
theskanner.com,US,61078
yovizag.com,IN,61075
etonline.com,US,61062
courier-journal.com,US,61046
nhipcaudautu.vn,VM,61037
thepressproject.gr,GR,61018
billboard.com.br,BR,61009
themainewire.com,US,61005
draytonvalleywesternreview.com,CA,60997
irishecho.com,EI,60993
thereporter.com,US,60993
beurs.nl,US,60948
wetter.de,GM,60935
prescottenews.com,US,60914
the-independent.com,US,60912
londonist.com,UK,60895
pulse.com.gh,GH,60895
ashleycountyledger.com,US,60891
dailyk2.com,PK,60875
veronasera.it,IT,60861
hispanidad.com,SP,60853
interris.it,IT,60850
gentedigital.es,SP,60829
trnews.it,IT,60785
gazzettadimodena.it,IT,60772
irrawaddy.com,BM,60766
consortiumnews.com,IS,60718
revistapuntodevista.com.mx,MX,60688
meioemensagem.com.br,BR,60681
sahilonline.net,IN,60650
spotlightnepal.com,NP,60641
commercialobserver.com,US,60638
guineenews.org,GV,60631
wenatcheeworld.com,US,60617
dalademokraten.se,SW,60610
polit.ru,RS,60592
circuitomt.com.br,BR,60587
noticierovenevision.net,VE,60563
y-mainichi.co.jp,JA,60552
techcabal.com,NI,60531
zjgrrb.com,CH,60516
grenchnertagblatt.ch,IS,60478
sinmordaza.com,AR,60476
live959.com,US,60472
wxb102.net,CH,60435
arizonadailyindependent.com,US,60411
elkosmos.gr,GR,60406
eleftheria.gr,GR,60402
hotpress.com,EI,60371
privatbankar.hu,RS,60370
obj.ca,CA,60359
letemps.ch,SZ,60349
gosc.pl,PL,60305
1280wnam.com,US,60297
islam-today.ru,RS,60288
sibdepo.ru,RS,60272
hidrocalidodigital.com,MX,60263
tanzanianewsreports.com,NI,60254
record.pt,PO,60250
telemundodallas.com,US,60232
guernicamag.com,US,60231
pressafrik.com,SG,60222
sharebazarnews.com,BG,60183
monitorulexpres.ro,RO,60173
vailmountaineer.com,ID,60171
guangming.com.my,MY,60101
kut.org,US,60077
afn.by,BO,60060
orient-news.net,SY,60053
jornaldoalgarve.pt,PO,60050
actmedia.eu,RO,60023
guidaviaggi.it,IT,59995
agronews.gr,GR,59986
iranpressnews.com,IR,59971
sacurrent.com,US,59932
nation.africa,KE,59887
plenglish.com,CU,59885
bigislandnow.com,US,59871
diaadia.com.pa,PM,59799
misr5.com,EG,59795
cn24tv.it,IT,59764
moultrieobserver.com,US,59743
urnerzeitung.ch,IS,59699
orizontespress.gr,GR,59686
fox13memphis.com,US,59651
24.ae,IS,59632
emirates247.com,AE,59604
enabbaladi.net,SY,59586
preberi.si,SI,59527
infowars.com,US,59524
horizonweekly.ca,AM,59494
sciencenet.cn,CH,59490
sicilianews24.it,IT,59478
lanuovaferrara.it,IT,59461
informamolise.com,IT,59455
gala.fr,FR,59440
107jamz.com,US,59430
theheraldghana.com,GH,59428
titansradio.com,US,59381
a42.ru,RS,59369
pnj.com,US,59325
tempostretto.it,IT,59310
northjersey.com,US,59279
comunicalo.it,IT,59274
worldatlas.com,US,59269
baocantho.com.vn,VM,59265
dakotanewsnow.com,US,59240
jungewelt.de,GM,59233
aachener-nachrichten.de,GM,59229
bama.hu,HU,59168
newyorker.com,US,59167
felvidek.ma,US,59148
irannewsupdate.com,IR,59122
taosnews.com,US,59081
the7eye.org.il,IS,59068
economist.com,US,59068
048.ua,UP,59060
980waav.com,US,59029
brasileiros.com.br,JA,59023
money.it,IT,59010
ynaija.com,NI,58997
valtellinanews.it,IT,58993
smithsonianmag.com,US,58985
pagosadailypost.com,US,58984
progorodnn.ru,RS,58970
fandompost.com,JA,58896
nenoticias.com.br,BR,58876
lnt.ma,MO,58874
cronicaviva.com.pe,PE,58851
kbnwnews.com,US,58834
opinione.it,IT,58811
noticiassin.com,US,58791
newburyportnews.com,US,58760
archinect.com,US,58749
kevesko.vn,VM,58727
capitalpress.com,US,58723
yorkregion.com,CA,58722
it-online.co.za,SF,58682
enca.com,SF,58678
gopusa.com,US,58670
kkoh.com,US,58668
moneyweb.co.za,SF,58658
indonesiatribune.com,TH,58638
abccolumbia.com,US,58596
worldcrunch.com,RS,58553
eurweb.com,US,58547
burgasnews.com,BU,58521
vdv-s.ru,RS,58505
oltnertagblatt.ch,IS,58503
alwatan.com,MU,58487
nsintesis.com,MX,58481
architectureanddesign.com.au,AS,58476
heol.hu,HU,58472
fxstreet.com,CH,58416
riviera24.it,IT,58402
primaonline.it,IT,58394
mfor.hu,HU,58360
coinweek.com,US,58359
rnanews.com,RW,58333
azpbs.org,US,58333
realites.com.tn,TS,58319
ntn24.com,VE,58318
foreignaffairs.com,US,58301
thedailytimes.com,US,58276
slguardian.org,CH,58232
redriverradio.org,US,58180
elsol.com.ar,AR,58177
rfj.ch,SZ,58166
tecnicadellascuola.it,IT,58158
tekniikkatalous.fi,FI,58152
hpj.com,US,58140
linfo.re,FR,58138
eltelegrafo.com.ec,EC,58132
comercioyjusticia.info,AR,58124
slashfilm.com,US,58098
kztv10.com,US,58068
svoboda.fm,UP,58042
hawaiipublicradio.org,US,58023
nxtv.cn,CH,58020
cuba.cu,CU,57964
kjlhradio.com,US,57962
franklinfavorite.com,US,57923
democracynow.org,IS,57919
wogx.com,US,57914
nafpaktianews.gr,GR,57869
yachtsandyachting.com,UK,57866
clarksvilleonline.com,US,57863
gizmodo.com,US,57848
artnet.com,US,57807
mthai.com,TH,57806
sen.com.au,AS,57783
senado.leg.br,BR,57722
szon.hu,HU,57717
tu.no,NO,57690
river967.com,US,57646
gazetakrakowska.pl,PL,57641
nhl.com,US,57626
niagarathisweek.com,CA,57624
theirishfield.ie,EI,57603
kurzy.cz,EZ,57559
ata.gov.al,AL,57558
nove.firenze.it,IT,57541
sibnovosti.ru,RS,57535
p23.com.ar,AR,57528
prolificnorth.co.uk,UK,57527
jhnewsandguide.com,US,57512
euractiv.com,RS,57488
zimbabwestar.com,IN,57482
telemundo40.com,US,57472
argaam.com,SA,57468
latarde.com.mx,MX,57443
asianjournal.com,US,57405
virakesari.lk,CE,57399
aftenbladet.no,NO,57397
limmattalerzeitung.ch,IS,57349
saglikaktuel.com,TU,57337
xanthitimes.gr,GR,57305
joyfreepress.com,IT,57278
wgowam.com,US,57273
wrp.org.uk,IS,57255
ksenam.com,US,57190
newsindiatimes.com,US,57156
mauinow.com,US,57138
nuclear-news.net,IS,57113
thelocal.dk,DA,57098
scallywagandvagabond.com,US,57091
diariodoamapa.com.br,BR,57089
fokus.mk,MK,57086
ng.kz,KZ,57069
coloradopolitics.com,US,57057
nacion.com,CS,57043
timesheraldonline.com,US,57011
newsmax.com,US,57003
manufacturing.net,US,56992
cassilandiajornal.com.br,BR,56989
newsradio1029.com,US,56981
arabianbusiness.com,SA,56980
yalibnan.com,IS,56928
saint-petersburg.ru,RS,56908
theledger.com,US,56870
crisana.ro,RO,56844
agriculture.com,US,56837
china-files.com,CH,56820
graiulsalajului.ro,RO,56817
metaforespress.gr,GR,56811
972mag.com,IS,56808
ibcworldnews.com,IN,56788
ticinonews.ch,SZ,56775
theirishworld.com,EI,56770
essence.com,US,56766
voaindonesia.com,ID,56762
newsnow.co.uk,US,56746
politiaromana.ro,RO,56732
lz.de,GM,56691
24smi.org,RS,56685
eptrail.com,US,56644
thereporterethiopia.com,ET,56600
nversia.ru,RS,56594
thejc.com,IS,56581
afro.com,US,56581
pauldavisoncrime.com,US,56570
850wftl.com,US,56561
webdo.tn,TS,56538
antenasatelor.ro,RO,56519
press.pl,PL,56517
diariodecanoas.com.br,BR,56497
binnenlandsbestuur.nl,NL,56496
globalist.it,IS,56449
morning-times.com,US,56428
baptistnews.com,US,56407
on3.com,US,56389
kansascity.com,US,56388
98rocks.fm,US,56386
guelphmercury.com,CA,56365
borsonline.hu,HU,56362
longbeachstar.com,IN,56346
iraqicp.com,IZ,56316
techxplore.com,US,56307
ta3.com,RS,56306
hrt.hr,HR,56306
greenevillesun.com,US,56303
kvor.com,US,56298
sirp.ee,EN,56293
sputniknews.lat,RS,56272
mcdowellnews.com,US,56256
okotoksonline.com,CA,56236
auto-swiat.pl,PL,56204
newschannel5.com,US,56172
proplanta.de,GM,56152
wmay.com,US,56144
rightspeak.net,UP,56117
amsterdamnews.com,US,56097
noviny.sk,LO,56087
jornalevolucao.com.br,BR,56075
northamptonchron.co.uk,UK,56068
portcitydaily.com,US,56018
thediplomat.ro,RO,56010
tvtonight.com.au,AS,55998
linkiesta.it,IT,55987
highlandradio.com,EI,55949
protocolo.com.mx,MX,55934
wwnytv.com,US,55912
ap.org,US,55896
lbcgroup.tv,LE,55895
studiob.rs,RI,55887
wardheernews.com,SO,55887
phunutoday.vn,VM,55844
rtn.ch,SZ,55841
diariocorreo.com.ec,EC,55826
alligator.org,US,55816
wuwm.com,US,55753
srilankamirror.com,CE,55743
dohanews.co,QA,55733
doorblog.jp,JA,55722
krajskelisty.cz,EZ,55704
wtvq.com,US,55697
almayadeen.net,IS,55673
beritaharian.sg,SN,55673
codiceinformativo.com,MX,55665
itbusinessnet.com,US,55657
oanow.com,US,55639
tvklan.al,AL,55630
arlnow.com,US,55603
wibc.com,US,55526
welingelichtekringen.nl,NL,55507
primerafuente.com.ar,AR,55479
thedailymeal.com,US,55476
timesdaily.com,US,55463
maritime-executive.com,US,55461
retailtimes.co.uk,UK,55447
irasciblemusings.com,US,55444
slashgear.com,US,55441
ign.com,US,55433
independent.com,US,55432
kosovarja-ks.com,KV,55376
ccma.cat,SP,55370
shorelinemedia.net,US,55344
chad.co.uk,UK,55310
primeiraedicao.com.br,BR,55309
lopinion.fr,FR,55300
fitsnews.com,US,55300
haberajans.net,TU,55297
diariofutrono.cl,CI,55273
voetbalprimeur.nl,NL,55269
techradar.com,UK,55233
sverigesradio.se,SW,55223
commercial-news.com,US,55217
hojemacau.com.mo,MC,55180
kicks99.com,US,55177
wkyt.com,US,55170
b105country.com,US,55155
sledcom.ru,RS,55119
folketidende.dk,DA,55097
thezimbabwean.co,ZI,55094
statecollege.com,US,55025
challenges.fr,FR,55011
diariodaregiao.com.br,BR,55009
volksfreund.de,GM,55002
scrippsnews.com,US,54974
kapanlagi.com,ID,54946
wz.de,GM,54940
tinmoi.vn,VM,54924
abriendobrecha.tv,HO,54874
lansingcitypulse.com,US,54846
sbctv.gr,GR,54843
medpagetoday.com,US,54827
aufeminin.com,FR,54785
candgnews.com,US,54745
wrexham.com,UK,54736
protv.md,RS,54704
shueisha.co.jp,JA,54703
espressonews.gr,GR,54696
autonews.ru,RS,54692
maravipost.com,MI,54672
harrogateadvertiser.co.uk,UK,54663
oogtv.nl,NL,54651
wislawjournal.com,US,54648
diariopaillaco.cl,CI,54637
livedoor.com,JA,54636
aripaev.ee,EN,54635
thenigerianvoice.com,NI,54626
seoghoer.dk,DA,54614
rutland-times.co.uk,UK,54559
kmvt.com,US,54542
mediterranews.org,IT,54507
timesreview.com,US,54479
peruinforma.com,PE,54474
lc.nl,NL,54426
orthodoxostypos.gr,GR,54411
cbn.com,US,54400
indiawest.com,IN,54391
gainesville.com,US,54370
estrategiasdeinversion.com,SP,54369
youralaskalink.com,US,54324
tcpalm.com,US,54279
macaudailytimes.com.mo,CH,54265
thesuburban.com,CA,54247
hcn.org,US,54221
huskeradio.com,US,54219
hot975fm.com,US,54202
laprovinciadicomo.it,IT,54189
encyclopediavirginia.org,US,54177
jornalpequeno.com.br,BR,54175
1033wvyb.com,US,54165
bilkulonline.com,IN,54130
cerclefinance.com,US,54125
ibj.com,US,54096
ejpress.org,IS,54079
firenzepost.it,IT,54076
ilcittadinomb.it,IT,54067
ohridnews.com,MK,54046
engineeringnews.co.za,SF,54019
wyofile.com,US,53992
londonmercury.com,US,53989
wctv.tv,US,53986
kezi.com,US,53977
freiewelt.net,GM,53947
kafanews.com,UP,53934
serqqapisi.az,AJ,53917
almakos.com,MK,53890
paultan.org,MY,53884
lanereport.com,US,53870
quibrescia.it,IT,53855
canalrural.com.br,BR,53821
tillamookheadlightherald.com,US,53789
qgazette.com,US,53785
noticel.com,US,53780
enimerosi.com,GR,53763
radyonatin.com,RP,53745
snl24.com,SF,53720
zerozero.pt,PO,53720
theturtleislandnews.com,CA,53715
atlantico.net,SP,53697
hudsonvalley360.com,US,53678
omroepbrabant.nl,NL,53656
rr.pt,PO,53652
morningstaronline.co.uk,UK,53623
ekapija.com,RI,53615
governorswindenergycoalition.org,US,53607
civilbeat.org,US,53605
vozdeamerica.com,US,53514
thepaper.gr,GR,53506
news-journal.com,US,53496
dallasobserver.com,US,53484
amren.com,US,53470
tdh.gov.tm,TX,53441
peninsulaclarion.com,US,53408
hiawathaworldonline.com,US,53401
variety1065.com,VM,53384
bluemountaineagle.com,US,53369
myq105.com,US,53316
lto.de,GM,53308
woub.org,US,53296
anbariloche.com.ar,AR,53289
ogo.ua,UP,53283
press-citizen.com,US,53279
barrons.com,US,53270
ivg.it,IT,53260
lavieeco.com,MO,53259
wkbw.com,US,53235
idahostatesman.com,US,53231
trieucontim.com,VM,53225
wigantoday.net,UK,53223
ain.ua,UP,53213
malaysiakini.com,MY,53211
huskerstoday.com,US,53199
planet.fr,FR,53191
kixs.com,US,53187
haberay.com.tr,TU,53142
aksalser.com,GM,53140
finance-commerce.com,US,53120
njherald.com,US,53096
90min.com,SP,53088
pokernews.com,US,53084
nba.com,US,53054
finanzen.ch,GM,53048
abajournal.com,US,53033
ifanr.com,CH,53033
isenp.co.jp,JA,53019
dv.is,IC,52988
readmedia.com,US,52976
madamasr.com,EG,52965
mustaqila.com,IZ,52958
gondola.hu,HU,52894
lequotidien.sn,SG,52871
kugn.com,US,52871
wilx.com,US,52867
lr-online.de,GM,52860
gmanetwork.com,RP,52848
infor.pl,PL,52819
informatia-zilei.ro,RO,52809
wlox.com,US,52692
watermarkonline.com,US,52654
elsiglo.com.pa,PM,52625
radioradicale.it,IT,52623
insideottawavalley.com,CA,52602
ekabu.ru,RS,52584
mbtmag.com,US,52583
sundaynews.co.zw,ZI,52578
faceofmalawi.com,MI,52560
palestineherald.com,US,52559
radioiowa.com,US,52525
zsz.ch,SZ,52497
dagblog.com,US,52495
iloveqatar.net,QA,52490
liberal.com.mx,MX,52466
estrelladigital.es,SP,52428
ajanskonya.net,TU,52389
chch.com,CA,52382
semissourian.com,US,52355
laleggepertutti.it,IT,52352
avantionline.it,IT,52333
newsone.com,US,52295
hd983.com,US,52277
fwi.co.uk,UK,52272
aerzteblatt.de,GM,52263
infooggi.it,IT,52250
traveldailynews.gr,GR,52249
gobankingrates.com,US,52242
moto.pl,PL,52238
mysuncoast.com,US,52229
411mania.com,US,52216
lesoleil.sn,SG,52208
desteptarea.ro,RO,52167
wtok.com,US,52157
canariasnoticias.es,SP,52145
knbr.com,US,52095
yourdemocracy.net.au,RS,52079
euractiv.ro,RO,52076
topagrar.pl,PL,51980
cairoscene.com,EG,51966
walb.com,US,51961
divany.hu,HU,51955
elcaribe.com.do,US,51954
arezzonotizie.it,IT,51929
corr.it,IT,51928
diariolaguino.cl,CI,51854
mentalfloss.com,US,51845
canadianinquirer.net,RP,51840
inforegion.pe,PE,51822
proactiveinvestors.com,US,51815
magicbricks.com,IN,51768
bnews.bg,BU,51757
portsmouth.co.uk,UK,51752
star977.com,US,51722
nystateofpolitics.com,US,51721
baogiaothong.vn,VM,51716
eladelantado.com,SP,51689
derbyshiretimes.co.uk,UK,51678
uppermichiganssource.com,US,51660
tamperelainen.fi,FI,51601
gouv.bj,BN,51570
alwihdainfo.com,CD,51565
presseschleuder.com,GM,51564
southernliving.com,US,51540
theprint.in,IN,51520
lamanchelibre.fr,FR,51514
businessfacilities.com,US,51491
heraldgoa.in,IN,51488
bigrigs.com.au,AS,51487
metrovaartha.com,IN,51477
sydostran.se,SW,51470
bedfordtoday.co.uk,UK,51441
ilriformista.it,IT,51437
thephinsider.com,US,51392
chicagocrusader.com,US,51375
duncanbanner.com,US,51368
elnacional.com.do,US,51350
thetibetpost.com,CH,51347
kallxo.com,KV,51344
pugliain.net,IT,51330
viata-medicala.ro,RO,51319
praza.gal,SP,51280
westfaironline.com,US,51273
whsv.com,US,51214
lompocrecord.com,US,51212
icilome.com,TO,51209
fangraphs.com,US,51207
leveil.fr,FR,51206
enewscourier.com,US,51193
capitalethiopia.com,ET,51185
lifestyle-a2z.com,US,51182
startupcafe.ro,RO,51170
adirondackdailyenterprise.com,US,51158
tropicanafm.com,CO,51157
lebanonfiles.com,LE,51139
ziuanews.ro,RO,51136
pleasantonweekly.com,US,51136
elpais.cr,RS,51132
24horas.cl,CI,51120
starcommunity.com.au,AS,51115
anoticiadovale.com,BR,51112
positanonews.it,IT,51109
london-now.co.uk,UK,51089
rochdaleonline.co.uk,UK,50991
federalregister.gov,US,50979
wmtv15news.com,US,50957
telerama.fr,FR,50943
insidelacrosse.com,US,50913
vicenzatoday.it,IT,50897
ilgiornaledelmolise.it,IT,50886
wlfi.com,US,50841
mercopress.com,AR,50835
thebeijinger.com,CH,50830
destinationksa.com,SA,50828
periodicocontacto.com,MX,50820
lequebecexpress.com,CA,50810
rsn.net.au,AS,50806
4lomza.pl,PL,50793
dominicantoday.com,DR,50780
thedailycitizen.com,US,50774
leadersnet.at,AU,50769
peterboroughtoday.co.uk,UK,50759
lasiritide.it,IT,50755
post-journal.com,US,50742
zuonline.ch,SZ,50726
klove.com,US,50706
durhamregion.com,CA,50704
knac.com,US,50702
leiphone.com,CH,50699
nwfdailynews.com,US,50693
isthmus.com,US,50690
hyperallergic.com,US,50680
glasgowworld.com,UK,50672
inc42.com,IN,50671
radio-lehovo.gr,GR,50653
hola.com,US,50648
elsoldenayarit.mx,MX,50645
duol.hu,HU,50580
cambridgetimes.ca,CA,50576
kecofm.com,US,50544
autocarindia.com,IN,50535
wistv.com,US,50500
orientxxi.info,IS,50499
letraslibres.com,MX,50470
ddinews.gov.in,IN,50465
rcreader.com,US,50445
futbolred.com,CO,50439
monstersandcritics.com,US,50429
breizh-info.com,FR,50427
friulioggi.it,IT,50400
nzgeo.com,NZ,50377
pinasfm.com,CH,50372
pressenterpriseonline.com,US,50362
dangcongsan.vn,VM,50360
withinnigeria.com,NI,50325
a8se.com,BR,50296
wdhafm.com,US,50273
agos.com.tr,TU,50253
gettysburgtimes.com,US,50242
azonline.de,GM,50232
vimatisko.gr,GR,50225
primorski.eu,SI,50197
kfyrtv.com,US,50196
ipc.digital,JA,50194
supertalk.fm,US,50190
channel5belize.com,BH,50167
infosalus.com,SP,50108
chvnradio.com,CA,50098
sweetwaternow.com,US,50051
sunny943.com,US,50021
genk.vn,VM,49992
tecmundo.com.br,BR,49972
quo.mx,MX,49969
foxy99.com,US,49937
t13.cl,CI,49882
thefacts.com,US,49859
evropaelire.org,RS,49858
cadn.com.vn,VM,49814
sfist.com,US,49802
diarioelargentino.com.ar,AR,49783
nnz-online.de,GM,49781
elfaradio.com,SP,49747
whatsnew2day.com,US,49725
wdam.com,US,49721
solomonstarnews.com,BP,49700
balls.ie,EI,49684
ncronline.org,US,49636
qns.com,US,49625
titusvilleherald.com,US,49573
nuevaya.com.ni,NU,49572
progorod76.ru,RS,49560
marconews.com,US,49530
4investors.de,GM,49529
columbiamissourian.com,US,49528
dissidentvoice.org,IS,49526
memri.org,IS,49523
marshallindependent.com,US,49504
thereflector.com,US,49503
sofrep.com,RS,49502
thepoint.gm,GA,49501
hup.hu,RS,49490
uniondemocrat.com,US,49479
americanfreepress.net,US,49442
wahoo-ashland-waverly.com,US,49421
ukiahdailyjournal.com,US,49396
apfdigital.com.ar,AR,49393
zonanortevision.com.ar,AR,49315
thewhiskeywash.com,US,49295
ilcittadinoonline.it,IT,49294
fuw.ch,SZ,49289
appeal-democrat.com,US,49289
ksla.com,US,49286
thetab.com,UK,49285
tellerreport.com,CH,49279
estense.com,IT,49273
greanvillepost.com,RS,49224
47news.jp,JA,49207
kashmirtimes.com,IN,49167
boerse-express.com,GM,49162
freemalaysiatoday.com,MY,49162
areadevelopment.com,US,49161
chalkbeat.org,US,49130
grist.org,US,49123
thecherrycreeknews.com,US,49096
stol.it,IT,49090
manchesterjournal.com,US,49063
seher.no,NO,49062
dakaractu.com,SG,49036
arise.tv,NI,49033
notisistema.com,MX,49032
medimagazin.com.tr,TU,48991
nidwaldnerzeitung.ch,IS,48950
banjalukain.com,BK,48946
greenme.it,IT,48927
kresy.pl,UP,48922
rtl.nl,NL,48912
howstuffworks.com,US,48872
cool987fm.com,US,48849
kosmoslarissa.gr,GR,48836
thedailynewsonline.com,US,48828
firstalert4.com,US,48828
wdr.de,GM,48789
railwayage.com,US,48767
harrisondaily.com,US,48748
descifrado.com,VE,48719
sputniknews.africa,RS,48716
thunertagblatt.ch,SZ,48681
ksal.com,US,48651
sundaymail.co.zw,ZI,48638
juneauempire.com,US,48630
kar-online.com,IR,48628
lavoixdunord.fr,FR,48624
spotandweb.it,IT,48602
alaska-native-news.com,US,48600
ukrainianjournal.com,UP,48598
ciudadania-express.com,MX,48593
politicaldog101.com,US,48586
argentinastar.com,US,48583
militarytimes.com,US,48582
thefutoncritic.com,US,48580
qz.com,US,48547
berneroberlaender.ch,SZ,48540
gabonactu.com,GB,48490
gruporadioguaymas.com,MX,48484
canadafreepress.com,US,48478
sail-world.com,AS,48470
profil.at,AU,48452
chietitoday.it,IT,48444
catholicnewsagency.com,US,48434
radiodalsan.com,SO,48421
ctpublic.org,US,48416
canaltech.com.br,BR,48395
homernews.com,US,48385
ellibertario.com,AR,48372
dawnofthedawg.com,US,48349
techstory.in,IN,48331
ofuxico.com.br,BR,48325
sowetanlive.co.za,SF,48317
mexiconewsdaily.com,MX,48294
thailandnews.net,CH,48292
lavozdemichoacan.com.mx,MX,48257
sungazette.com,US,48253
runsky.com,CH,48251
ricmais.com.br,BR,48251
057.ua,UP,48240
kamloopsbcnow.com,CA,48218
superjob.ru,RS,48211
sanjeevnitoday.com,IN,48200
nu.nl,NL,48199
salamtoronto.ca,CA,48197
t-g.com,US,48170
carbuzz.com,US,48157
torinotoday.it,IT,48155
iranahayer.com,FR,48151
placenorthwest.co.uk,UK,48108
elmercurio.com.ec,EC,48079
traveldailynews.com,US,48077
discoverestevan.com,CA,48069
cathstan.org,US,48066
all-in.de,GM,48043
t21.com.mx,MX,48039
ocala.com,US,48032
publimetro.com.mx,MX,48028
nyheter24.se,SW,47993
raialyoum.com,IS,47978
inforegion.com.ar,AR,47948
napolitoday.it,IT,47869
thebulletin.be,BE,47853
engage.it,IT,47837
digitalspy.com,UK,47809
wvlkam.com,US,47794
perspectivasur.com,AR,47780
kjct8.com,US,47721
onthewater.com,US,47716
greenbaypressgazette.com,US,47716
spoletonline.com,IT,47711
siliconrepublic.com,EI,47703
032.ua,UP,47697
dni.ru,RS,47671
hbl.fi,FI,47653
bolnews.com,PK,47645
lametino.it,IT,47626
editorandpublisher.com,US,47623
blt.se,SW,47622
classic107.com,CA,47608
infotag.md,MD,47607
heraldandnews.com,US,47603
culture.ru,RS,47581
iyigunler.net,TU,47579
marylandreporter.com,US,47562
lgbtqnation.com,US,47550
kktv.com,US,47504
webtekno.com,TU,47463
wdel.com,US,47442
verbaende.com,GM,47429
fox5vegas.com,US,47419
bizjournals.com,US,47415
stars-actu.fr,FR,47405
tmz.com,US,47386
houstonpress.com,US,47378
ljworld.com,US,47346
cardu.com.tw,TW,47314
action-nationale.qc.ca,CA,47302
mondialisation.ca,IS,47292
ksro.com,US,47282
app.com,US,47279
sonapresse.com,GB,47267
arrowheadpride.com,US,47265
jalopnik.com,US,47256
lostcoastoutpost.com,US,47250
akronnewsreporter.com,US,47228
business-review.eu,RO,47216
gundemvan.com,TU,47215
tyden.cz,EZ,47214
theworldfolio.com,JA,47178
kalabakacity.gr,GR,47178
lavozdelanzarote.com,SP,47178
mentelocale.it,IT,47176
elmen.pe,PE,47158
bnd.com,US,47140
postcrescent.com,US,47128
gorod.lv,LG,47084
poynter.org,US,47082
aldianews.com,US,47081
haberyazar.com,TU,47080
samaratoday.ru,RS,47057
nyheder.dk,DA,47056
space.com,US,47054
huaral.pe,PE,47019
5tjt.com,IS,47016
thebeatofthecapital.com,US,47014
alweeam.com.sa,SA,47014
thefencepost.com,US,47010
kumudam.com,IN,46999
traveldailynews.asia,CH,46988
briefingwire.com,US,46986
jamaica-star.com,JM,46980
crikey.com.au,AS,46978
capetalk.co.za,SF,46946
elle.fr,FR,46932
bnr.nl,RS,46922
alalam.ir,IS,46921
agrinews-pubs.com,US,46907
mvariety.com,US,46895
237online.com,CM,46892
5280.com,US,46886
mekomit.co.il,IS,46882
studiotamani.org,ML,46837
wgnsradio.com,US,46820
cesenatoday.it,IT,46801
cmu.ac.th,TH,46789
landbrugnet.dk,DA,46779
diariocritico.com,SP,46750
cfr.org,US,46743
doanhnhansaigon.vn,VM,46685
newsobserver.com,US,46681
dubaicityguide.com,AE,46679
finews.ch,SZ,46673
wfyi.org,US,46666
floppingaces.net,US,46659
phoenixnewtimes.com,US,46635
baystreet.ca,CA,46632
noinotizie.it,IT,46590
dailynews.lk,CE,46570
news12.com,US,46561
bjd.com.cn,CH,46552
ilquotidianodellazio.it,IT,46546
ojaivalleynews.com,US,46523
arrobajuarez.com,US,46483
nevadanewsandviews.com,US,46482
portel.pl,PL,46449
zdnet.com,JA,46447
q1057.com,US,46441
heraldmailmedia.com,US,46440
parkiet.com,PL,46419
banglamirrornews.com,BG,46417
grandrapidsmn.com,US,46392
almomento.net,US,46380
yomiuri.co.jp,JA,46333
schema-root.org,US,46327
morel.si,SI,46320
lecconotizie.com,IT,46316
fokus.ba,BK,46310
eldjoumhouria.dz,AG,46284
newsnationnow.com,US,46274
westseattleblog.com,US,46238
kwcdcountry.com,US,46215
her.ie,EI,46212
speedcafe.com,AS,46208
stettlerindependent.com,CA,46183
autopro.com.vn,VM,46147
claimsjournal.com,US,46144
beursduivel.be,US,46112
deon.pl,PL,46111
ecr.co.za,SF,46108
nv.am,AM,46104
ayna.az,RS,46103
unionrecorder.com,US,46103
muskogeephoenix.com,US,46071
wbtv.com,US,46070
techcrunch.com,US,46066
delawareonline.com,US,46030
bladna.nl,MO,46018
northantstelegraph.co.uk,UK,46017
new-today.co,EG,46009
ahdath.info,MO,45999
jtm.com.mo,MC,45998
thecitizen.in,IN,45996
longislandpress.com,US,45983
lapoliticaonline.com,AR,45978
sandiegomagazine.com,US,45974
mperspektiva.ru,RS,45968
vademec.ru,RS,45967
americanisraelite.com,IS,45958
elolfato.com,CO,45952
ecuadorenvivo.com,EC,45950
citywatchla.com,US,45947
milehighreport.com,US,45947
chicagobusiness.com,US,45909
agrarheute.com,GM,45886
ilpiacenza.it,IT,45882
adaderana.lk,CE,45882
politikexpress.de,GM,45872
radionacional.com.pe,PE,45861
key4biz.it,IT,45855
elvenezolanonews.com,VE,45820
pc.co.il,IS,45807
marianne.net,FR,45784
anspress.com,AJ,45758
ogrenet.lv,LG,45753
nova.ie,EI,45743
justsecurity.org,US,45722
eldiariodelfindelmundo.com,AR,45717
algerie-focus.com,AG,45684
rozanaspokesman.com,IN,45676
bedfordgazette.com,US,45658
closermag.fr,FR,45651
kristianstadsbladet.se,SW,45615
lexo.al,AL,45613
historia.ro,RO,45593
noticiabrasil.net.br,RS,45580
northumberlandgazette.co.uk,UK,45560
robbreport.com,US,45529
occidente.co,CO,45528
bigblueview.com,US,45507
claytodayonline.com,US,45491
travelbizmonitor.com,IN,45491
ems1.com,US,45474
radardemedia.ro,RO,45457
newschannel10.com,US,45456
india-briefing.com,IN,45450
sentinelsource.com,US,45424
blackamericaweb.com,US,45419
asianews.it,CH,45408
gazetademaramures.ro,RO,45364
newsmakers.pk,PK,45363
newbusinessethiopia.com,ET,45348
abcnews.al,AL,45324
1010wcsi.com,US,45302
933thedrive.com,US,45275
irishamerica.com,EI,45274
e-works.net.cn,CH,45264
hartfordbusiness.com,US,45258
miamidiario.com,US,45199
brooklynvegan.com,US,45194
klubradio.hu,HU,45186
moderntokyotimes.com,JA,45184
kaspi.az,AJ,45173
independentnews.com,US,45166
chapelboro.com,US,45160
dailyrecord.com,US,45154
thenewsguard.com,US,45141
alsat.mk,MK,45133
ynet.com,CH,45128
yorkshireeveningpost.co.uk,UK,45122
eesti.ca,RS,45119
vtcng.com,US,45086
firerescue1.com,US,45084
telma.com.mk,MK,45071
angonoticias.com,AO,45050
petronoticias.com.br,BR,45025
vrt.be,BE,44977
bristol247.com,UK,44974
history-a2z.com,US,44974
thehollywoodgossip.com,US,44973
rtlnieuws.nl,NL,44965
havanatimes.org,CU,44959
deraktionaer.de,GM,44950
thescarboroughnews.co.uk,UK,44940
brokernews.com.au,AS,44904
pluska.sk,LO,44890
daily-journal.com,US,44862
hirtv.hu,HU,44837
binnews.com,US,44837
dinamina.lk,CE,44834
northafricapost.com,MO,44822
nationthailand.com,TH,44813
altarezianews.it,IT,44811
rfi.ro,RO,44786
ngaynay.vn,VM,44784
causeur.fr,FR,44780
whitehouse.gov,US,44778
gulfcoastmedia.com,US,44760
varsity.co.uk,UK,44758
foxcarolina.com,US,44754
dailycal.org,US,44746
997wtn.com,US,44746
quicosenza.it,IT,44744
echo-online.de,GM,44733
phillymag.com,US,44697
ncaa.com,US,44681
vivienna.it,IT,44678
fcupdate.nl,NL,44656
archdaily.com,CH,44618
haipo.co.il,IS,44612
dailycitizen.news,US,44609
sheboyganpress.com,US,44593
torontovka.com,CA,44572
freitag.de,GM,44565
squarefoot.com.hk,HK,44545
evarazdin.hr,HR,44532
amestrib.com,US,44496
riviera-maya-news.com,MX,44479
bevnet.com,US,44473
barandbench.com,IN,44472
jbhe.com,US,44469
rewmi.com,SG,44469
tsln.com,US,44461
antimafiaduemila.com,IT,44459
thebostonpilot.com,US,44448
virginislandsnewsonline.com,VQ,44427
voltairenet.org,RS,44418
portugalglobal.pt,PO,44351
firenzetoday.it,IT,44349
kavpolit.com,UP,44344
pealinn.ee,EN,44316
adnews.com.au,AS,44310
vanityfair.com,US,44285
minprom.ua,UP,44277
oricon.co.jp,JA,44270
itemlive.com,US,44264
infoban.com.ar,AR,44221
davisenterprise.com,US,44201
wbjournal.com,US,44168
deshonnati.com,IN,44129
htrnews.com,US,44117
allocine.fr,FR,44076
dealstreetasia.com,CH,44020
nczas.info,PL,44005
italiachiamaitalia.it,IT,44000
ma.hu,HU,43992
plusinfo.mk,MK,43991
ilprimatonazionale.it,IT,43991
vmnews.ru,RS,43989
bz-berlin.de,GM,43985
lepetitjournal.com,FR,43938
cnnchile.com,CI,43932
womanandhome.com,UK,43929
lep.co.uk,UK,43929
historiek.net,NL,43922
contacto.lu,LU,43906
northumberlandnews.com,CA,43905
buffalobulletin.com,US,43895
piatafinanciara.ro,RO,43886
wbko.com,US,43885
eagletimes.com,US,43883
tribuna.ro,RO,43866
classy100.com,US,43853
theroot.com,US,43838
nairobiwire.com,KE,43833
predominantlyorange.com,US,43815
3szek.ro,RO,43807
wnem.com,US,43776
yabiladi.ma,MO,43755
heraldstandard.com,US,43753
ketchikandailynews.com,US,43721
delaware.gov,US,43718
viknaodessa.od.ua,UP,43706
newsherald.com,US,43702
diarioepoca.com,AR,43697
washingtoninformer.com,US,43682
hendersondispatch.com,US,43661
newsitem.com,US,43630
dailyridge.com,US,43628
thetyee.ca,CA,43618
baritoday.it,IT,43598
emporiagazette.com,US,43595
decider.com,US,43577
citizen.digital,KE,43572
palestine-studies.org,IS,43556
haitiantimes.com,HA,43553
limburger.nl,NL,43547
hollywoodlife.com,US,43537
thestar.co.uk,UK,43500
arabstoday.net,IS,43491
noise11.com,AS,43482
abcnews.com,US,43477
iraqinews.com,IS,43469
theifp.ca,CA,43444
belmarket.by,BO,43390
samoaobserver.ws,WS,43389
umbrianotizieweb.it,IT,43377
isra.com,IS,43375
alrai.com,JO,43366
themarysue.com,US,43339
businesspost.ie,EI,43331
paperjam.lu,LU,43319
miamitimesonline.com,US,43296
aljoumhouria.com,LE,43293
hehechengde.cn,CH,43268
america-retail.com,CO,43267
supertalk1270.com,US,43234
postnewsgroup.com,US,43183
bartlesvilleradio.com,US,43178
reflex.cz,EZ,43159
westerwoldeactueel.nl,NL,43143
hiphopdx.com,US,43087
dailypost.vu,NH,43061
vtc.vn,VM,43047
planet-radio.gr,GR,43015
uproxx.com,US,43013
artnews.com,US,43006
dailycommercial.com,US,43001
imolaoggi.it,IT,43000
lajollalight.com,US,42999
me.gov.ua,UP,42996
cheshi.com,CH,42985
communityimpact.com,US,42948
nuevodia.com.ve,VE,42929
idsnews.com,US,42922
limerickpost.ie,EI,42897
rb.ru,RS,42882
df.cl,CI,42869
rigzone.com,US,42866
aqlame.com,MR,42854
makorrishon.co.il,IS,42851
maximaonline.com.ar,AR,42848
horseedmedia.net,SO,42838
vizionplus.tv,AL,42760
vlasti.net,UP,42744
diarioarmenia.org.ar,AM,42742
365info.kz,KZ,42739
omakchronicle.com,US,42735
stoxos.gr,GR,42732
infowire.pl,PL,42717
thehayride.com,US,42684
la7.it,IT,42676
saga-s.co.jp,JA,42661
gn-online.de,GM,42656
computerweekly.com,UK,42628
malawivoice.com,MI,42621
valtioneuvosto.fi,FI,42575
whatech.com,US,42559
informe21.com,VE,42558
montrosepress.com,US,42553
bleedcubbieblue.com,US,42538
mundoejecutivo.com.mx,MX,42518
arbetarbladet.se,SW,42507
webradio.hu,HU,42472
sulinformacao.pt,PO,42469
annasronline.com,AG,42452
journalreview.com,US,42446
turizmguncel.com,TU,42434
resegoneonline.it,IT,42425
budapesttimes.hu,HU,42422
caughtoffside.com,SP,42408
tazabek.kg,KG,42366
nsk.se,SW,42316
nymag.com,US,42298
luzernerzeitung.ch,IS,42288
amandala.com.bz,BH,42268
wjrz.com,US,42266
maghrebemergent.com,AG,42263
dallasvoice.com,US,42248
advocateanddemocrat.com,US,42248
seasideradio.co.uk,UK,42247
persoenlich.com,SZ,42245
qatarliving.com,QA,42240
mytashkent.uz,UZ,42235
metronieuws.nl,NL,42223
riverbender.com,US,42220
eaworldview.com,UP,42208
promptmedia.ro,RO,42200
times.am,AM,42192
dialessandria.it,IT,42188
atvtoday.co.uk,UK,42185
zaholovok.com.ua,UP,42180
murrayledger.com,US,42171
journalinquirer.com,US,42160
telemundopr.com,US,42153
lagrandeobserver.com,US,42140
swishappeal.com,US,42139
cts.com.tw,TW,42137
denizhaber.com,TU,42127
jornaldamidia.com.br,BR,42124
cornnation.com,US,42115
tercerainformacion.es,SP,42114
safa.ps,IS,42098
beniciaindependent.com,US,42067
saopaulo.sp.gov.br,BR,42060
yeah1.com,VM,42058
pembinavalleyonline.com,CA,42036
12onyourside.com,US,42031
puntobiz.com.ar,AR,42016
cicero.de,GM,41991
gulftoday.ae,AE,41989
orangeville.com,CA,41956
politicalwire.com,US,41955
mycentraljersey.com,US,41952
Baodautu.vn,VM,41944
24-ore.com,AL,41942
newsbreak.dk,DA,41934
oswegocountytoday.com,US,41891
techno-science.net,FR,41874
tuttonapoli.net,IT,41846
dsvc.com.br,BR,41842
countrylife.co.uk,UK,41834
psu.edu,US,41833
lcsun-news.com,US,41786
sarayanews.com,IS,41784
burnleyexpress.net,UK,41742
canarias24horas.com,SP,41728
abplive.com,IN,41718
aamulehti.fi,FI,41711
elsoldemargarita.com.ve,VE,41707
travelling.gr,GR,41705
motorionline.com,IT,41673
worldnews.net.ph,CH,41653
asbarez.com,AM,41634
manaonline.gov.mw,MI,41629
publishersweekly.com,US,41623
fox21online.com,US,41621
wiesbadener-kurier.de,GM,41600
forskning.no,NO,41581
wattsupwiththat.com,US,41575
focusdailynews.com,US,41566
comexdobrasil.com,BR,41564
investiraucameroun.com,CM,41547
newsbreak.com,US,41547
airdrietoday.com,CA,41533
cataniatoday.it,IT,41490
pennrecord.com,US,41483
hotaugusta.com,US,41459
standaard.be,BE,41444
jcnnewswire.com,CH,41396
blackpoolgazette.co.uk,UK,41394
chronicle.com,US,41373
shanghaiist.com,CH,41356
seacoastonline.com,US,41338
pinstripealley.com,US,41329
webtretho.com,VM,41327
wisconsinrapidstribune.com,US,41327
983thecoast.com,US,41311
metropolisjapan.com,JA,41304
fool.co.uk,UK,41302
alresalah.ps,IS,41297
1049thebeat.com,US,41283
112groningen.nl,NL,41277
newsinamerica.com,GT,41248
gazzettadellaspezia.com,IT,41239
surinametimes.com,NS,41215
dbusiness.com,US,41211
wsaz.com,US,41209
melty.fr,FR,41198
sheridanmedia.com,US,41161
iltamtam.it,IT,41153
199it.com,CH,41150
bosnjaci.net,BK,41146
warsawvoice.pl,PL,41119
newsroompanama.com,PM,41109
fratmat.info,IV,41109
nature.com,US,41099
bellanaija.com,NI,41098
wlsam.com,US,41075
dailymontanan.com,US,41071
hicbc.com,JA,41065
kawowo.com,UG,41041
mittelhessen.de,GM,41039
baoxaydung.vn,VM,41021
bragatv.pt,PO,40999
caon.ro,RO,40997
maineantiquedigest.com,US,40992
teatronaturale.it,IT,40982
irishsun.com,US,40979
intoscana.it,IT,40963
honestreporting.com,IS,40961
021.rs,RI,40961
alarab.qa,QA,40960
kuer.org,US,40949
finance.si,SI,40947
curier.ro,RO,40939
fdlreporter.com,US,40914
sheknows.com,US,40872
wweek.com,US,40863
tamilguardian.com,CE,40838
artiestennieuws.nl,NL,40830
juedische-allgemeine.de,IS,40802
wfnc640am.com,US,40793
iowacapitaldispatch.com,US,40788
silverandblackpride.com,US,40777
dailydot.com,US,40768
bizwest.com,US,40713
eurekalert.org,US,40708
lavozdecataratas.com,AR,40696
harringayonline.com,UK,40683
kffhealthnews.org,US,40674
ejewishphilanthropy.com,IS,40671
dolenjskilist.si,SI,40662
independantexpress.com,IN,40648
raxanreeb.com,SO,40643
camera.org,IS,40638
clarechampion.ie,EI,40635
kjrh.com,US,40633
allgemeine-zeitung.de,GM,40632
regionalni.com,HR,40628
ktre.com,US,40622
eltelegrafo.com,UY,40613
online-news.it,IT,40597
unen.mn,MG,40581
kvrr.com,US,40572
wallowa.com,US,40572
bankerandtradesman.com,US,40518
goerie.com,US,40518
amqueretaro.com,MX,40502
babalublog.com,CU,40496
gulfbusiness.com,AE,40492
yubanet.com,US,40488
zadarskilist.hr,HR,40485
ghorbanews.com,EG,40468
coastaldigest.com,IN,40459
tradingsat.com,US,40439
citynewsokc.com,US,40423
ohrid1.com,MK,40416
fukuishimbun.co.jp,JA,40407
biospectrumindia.com,IN,40388
illinoistimes.com,US,40387
carnewschina.com,CH,40383
rueconomics.ru,RS,40380
steinbachonline.com,CA,40354
carscoops.com,US,40346
ofm.co.za,SF,40341
weltwoche.ch,GM,40337
790wpic.com,US,40329
diariodosudoeste.com.br,BR,40323
insurancebusinessmag.com,US,40319
mailtribune.com,US,40313
heart.co.uk,UK,40292
hartvannederland.nl,NL,40289
asbeiras.pt,PO,40285
cruisehive.com,US,40284
architectsjournal.co.uk,UK,40272
twasul.info,SA,40269
cosmopolitan.com,UK,40267
tvkoha.tv,MK,40267
journalexpress.ca,CA,40253
alhurra.com,IS,40247
sonara.net,IS,40246
edsource.org,US,40222
bnn-news.com,LG,40212
jamestown.org,RS,40209
nationalgeographic.com,US,40196
syuniacyerkir.am,AM,40151
blogs.com,MZ,40140
twinsdaily.com,US,40128
ecoportal.net,MX,40127
vgr.by,BO,40092
turan.az,AJ,40088
stevenspointjournal.com,US,40085
coulisses-tv.fr,FR,40069
naturalgasintel.com,US,40049
kbur.com,US,40048
alterpresse.org,HA,40032
financiarul.ro,RO,40030
staugustine.com,US,40026
azcapitoltimes.com,US,40019
bolognatoday.it,IT,40015
starnieuws.com,NS,40013
washingtonblade.com,US,40006
indiancooperative.com,IN,39990
smdp.com,US,39989
romseyadvertiser.co.uk,UK,39982
diarioelargentino.com,AR,39975
apa.at,AU,39966
terradaily.com,US,39951
ktik.com,US,39939
espansionetv.it,IT,39937
eldiario.com.ar,AR,39924
burnham-on-sea.com,UK,39913
portlandmercury.com,US,39892
liguriaoggi.it,IT,39892
vanityfair.it,IT,39882
usinenouvelle.com,FR,39881
thenorthwestern.com,US,39879
bamahammer.com,US,39872
portalanalitika.me,MJ,39857
mtexpress.com,US,39857
clickgratis.com.br,BR,39856
kiow.com,US,39856
anba.com.br,BR,39838
inman.com,US,39831
jonathanturley.org,US,39823
expert.org.ua,UP,39821
atlanticcouncil.org,RS,39807
bmmagazine.co.uk,UK,39807
theleader.info,SP,39800
realitytea.com,US,39785
campaignbrief.com,AS,39768
housingwire.com,US,39747
nashvillescene.com,US,39737
banburyguardian.co.uk,UK,39711
motherjones.com,US,39698
chanute.com,US,39692
ttgitalia.com,IT,39682
easttexasradio.com,US,39681
verianet.gr,GR,39680
alghad.com,IS,39679
fresnobee.com,US,39679
chinadigitaltimes.net,CH,39673
702.co.za,SF,39650
waterkant.net,NS,39649
pagina24.com.mx,MX,39647
marshfieldnewsherald.com,US,39631
newsinenglish.no,NO,39619
herald-zeitung.com,US,39598
nevadabusiness.com,US,39589
asiatoday.co.kr,KS,39586
navytimes.com,US,39582
emea.gr,GR,39575
bocanewsnow.com,US,39562
mojznew.com,EG,39561
xornalgalicia.com,SP,39551
vl.no,NO,39519
zacatecasonline.com.mx,MX,39512
atitudinea.ro,RO,39511
pastemagazine.com,US,39495
wmnf.org,US,39493
iranintl.com,IR,39469
riadagestan.ru,RS,39453
xakac.info,RS,39447
larepublica.ec,EC,39444
z93jamz.com,US,39404
crescent-news.com,US,39403
noordhollandsdagblad.nl,NL,39397
gala.de,GM,39395
24matins.fr,FR,39378
myspiritfm.com,US,39375
kqvt.com,US,39374
newschannel6now.com,US,39372
voiceofsandiego.org,US,39359
americamagazine.org,US,39355
elgrafico.com.ar,AR,39348
canadianmanufacturing.com,CA,39348
echo.net.au,AS,39347
luccaindiretta.it,IT,39331
el-mexicano.com.mx,MX,39328
wkar.org,US,39318
orvietonews.it,IT,39317
glasamerike.net,RS,39303
insidethehall.com,US,39300
bote.ch,SZ,39297
worksopguardian.co.uk,UK,39271
wgxa.tv,US,39255
michigandaily.com,US,39248
newsbug.info,US,39219
fmbolivia.com.bo,BL,39197
weltfussball.at,GM,39190
webpronews.com,US,39171
msdrna.com,EG,39157
salernonotizie.it,IT,39156
aginfo.net,US,39155
wndu.com,US,39152
wausaudailyherald.com,US,39141
kuenselonline.com,BT,39140
xataka.com,SP,39138
gazeta.kg,KG,39126
jhnews.com.cn,CH,39123
szatmar.ro,RO,39116
corkindependent.com,EI,39079
thetablet.org,US,39072
kosovapress.com,KV,39062
indianweekender.co.nz,NZ,39057
ziardambovita.ro,RO,39051
halifaxcourier.co.uk,UK,39045
averyjournal.com,US,39038
sdjewishworld.com,US,39035
3dnews.ru,RS,39026
bb.lv,RS,38998
shiftdelete.net,TU,38976
northbaynipissing.com,CA,38943
ntv.co.ug,UG,38935
nhandan.vn,VM,38918
kkco11news.com,US,38897
trak.in,IN,38891
manfredonianews.it,IT,38882
hometownstation.com,US,38865
modenatoday.it,IT,38856
krro.com,US,38849
brixtonbuzz.com,UK,38831
pedestrian.tv,AS,38809
931coast.com,US,38790
redpepper.co.ug,UG,38781
tbnweekly.com,US,38780
theislamicmonthly.com,US,38726
hir.ma,HU,38725
elperiodic.com,VE,38721
bohuslaningen.se,SW,38719
zonanortediario.com.ar,AR,38718
medianama.com,IN,38710
wtoc.com,US,38674
niederlausitz-aktuell.de,GM,38669
statesmanjournal.com,US,38660
tide1009.com,US,38651
rts.ch,SZ,38641
cullmantimes.com,US,38637
cityweekly.net,US,38624
woodwardnews.net,US,38620
parentherald.com,US,38618
whiplash.net,BR,38599
brf.be,BE,38581
ntnews.com.au,AS,38565
healio.com,US,38563
techtimes.com,US,38558
carnegieendowment.org,RS,38523
alhaya.ps,IS,38509
air-journal.fr,FR,38508
opinion.al,AL,38504
borsagundem.com,TU,38489
buerstaedter-zeitung.de,GM,38488
sevillaactualidad.com,SP,38482
redressonline.com,IS,38475
news.gov.hk,HK,38470
oprogressonet.com,BR,38464
ampress.ro,RO,38452
careerindia.com,IN,38451
szdushi.com.cn,CH,38439
sanmarcosrecord.com,US,38436
tribunafeirense.com.br,BR,38431
playbill.com,US,38401
kono1011.com,US,38400
veneziatoday.it,IT,38399
europapress.tv,SP,38369
vajma.info,US,38364
ceskatelevize.cz,EZ,38356
bstok.pl,PL,38334
westernmassnews.com,US,38326
thyblackman.com,US,38319
emdep.vn,VM,38317
desertsun.com,US,38305
indiewire.com,US,38304
noticiaslatam.lat,RS,38296
yenibalkan.com,TU,38258
borsamatik.com.tr,TU,38232
today.ng,NI,38230
oregional.com.br,BR,38228
ew.com,US,38212
eldebate.com.ar,AR,38204
yorkdispatch.com,US,38201
femina.hu,HU,38184
casino.org,US,38170
mavsmoneyball.com,US,38158
orlandoweekly.com,US,38157
nyugatijelen.com,RO,38149
thepinknews.com,UK,38142
knoxnews.com,US,38139
midiario.com,PM,38079
diariohoy.net,AR,38070
americanbazaaronline.com,US,38061
theparisnews.com,US,38007
theeastafrican.co.ke,KE,37982
lampertheimer-zeitung.de,GM,37971
cyprusnews.eu,GR,37967
abovethelaw.com,US,37963
akhbarlibya24.net,LY,37952
idahocapitalsun.com,US,37931
telegrafonline.ro,RO,37927
infogyor.hu,HU,37919
wantedinrome.com,IT,37888
inlandnewstoday.com,US,37865
coinnews.net,US,37860
commercialappeal.com,US,37823
wcbi.com,US,37795
elblag24.pl,PL,37777
servindi.org,PE,37752
zehabesha.com,ET,37750
atlantamagazine.com,US,37746
wxxv25.com,US,37738
valorlocal.com.ar,AR,37725
myedmondsnews.com,US,37711
nuevatribuna.es,SP,37698
nujournal.com,US,37697
shasha.ps,IS,37688
willitsnews.com,US,37673
themercury.com.au,AS,37671
unsertirol24.com,IT,37650
westernweekender.com.au,AS,37647
senado.gob.ar,AR,37646
yourthurrock.com,UK,37646
lakenewsonline.com,US,37645
thebatavian.com,US,37629
ibtimes.com.au,IS,37625
b985.com,US,37617
lestimes.com,LT,37613
tribuneledgernews.com,US,37607
thewalrus.ca,CA,37589
thestranger.com,US,37582
wegotthiscovered.com,US,37581
saturdayblitz.com,US,37579
canaln.pe,PE,37567
menara.ma,MO,37564
harpersbazaar.com,US,37563
politplatschquatsch.com,GM,37545
inews.co.uk,UK,37525
producer.com,CA,37523
capital.de,GM,37499
articolo21.org,IT,37490
kiplinger.com,US,37481
reachfm.ca,CA,37480
bucksherald.co.uk,UK,37480
swvatoday.com,US,37470
money.bg,BU,37454
bawabatii.net,YM,37443
redditchstandard.co.uk,UK,37424
leccotoday.it,IT,37407
proficinema.com,RS,37371
chicagodefender.com,US,37366
radiokerry.ie,EI,37362
ujszo.com,UP,37356
virginiabusiness.com,US,37327
thevoiceslu.com,ST,37307
insidermedia.com,UK,37283
acnnewswire.com,CH,37281
voiceonline.com,CA,37275
emissourian.com,US,37274
pianetagenoa1893.net,IT,37228
bostonmagazine.com,US,37216
929theticket.com,US,37215
medium.com,US,37213
dailynewshungary.com,HU,37210
soglos.com,UK,37194
springnews.co.th,TH,37193
horseandhound.co.uk,UK,37185
tvblog.it,IT,37183
traveldailymedia.com,IN,37170
malang-post.com,ID,37122
hkej.com,HK,37100
lmfm.ie,EI,37086
itweb.co.za,SF,37071
radiogamma.gr,GR,37064
offtackleempire.com,US,37053
guardian.co.tt,TD,37052
zapernik.com,BU,37048
waka.com,US,37037
expansion.mx,MX,37036
warwickshireworld.com,UK,37022
peninsuladailynews.com,US,36928
zhasalash.kz,KZ,36920
siamevent.com,TH,36896
cdispatch.com,US,36893
thechurchnews.com,US,36887
ajot.com,US,36872
op.se,SW,36866
srbija.gov.rs,RI,36865
naver.com,KS,36861
tv5monde.com,FR,36859
topspeed.com,US,36845
routard.com,FR,36832
brigitte.de,GM,36828
wmdt.com,US,36828
wgan.com,US,36826
elpueblodeceuta.es,SP,36826
brightsideofthesun.com,US,36818
lewistownsentinel.com,US,36816
punjabijagran.com,IN,36813
nbc24.com,US,36806
dainikamadershomoy.com,BG,36778
swatantraawaz.com,IN,36775
wapa.pe,PE,36768
nyteknik.se,SW,36738
karelia.ru,RS,36737
q107.com,CA,36725
charlestoncitypaper.com,US,36686
theintercept.com,US,36672
tribuna.md,MD,36665
fox42kptm.com,US,36663
rgj.com,US,36652
barlavento.pt,PO,36640
sanin-chuo.co.jp,JA,36638
newswiretoday.com,US,36619
underdogdynasty.com,US,36588
betakit.com,CA,36577
missoulacurrent.com,US,36569
fanoinforma.it,IT,36556
bnionline.net,BM,36556
wksu.org,US,36550
sudantribune.com,SU,36550
globalissues.org,IS,36531
swiowanewssource.com,US,36530
fijilive.com,FJ,36529
axios.com,US,36529
2lt.com.au,AS,36521
maspormas.com,MX,36516
eagledayton.com,US,36514
armytimes.com,US,36503
recordeuropa.com,PO,36501
forbesindia.com,IN,36479
quadcitiesdaily.com,US,36465
lancasterfarming.com,US,36439
utilitydive.com,US,36436
foxweather.com,US,36436
elretratodehoy.com.ar,AR,36425
skrastas.lt,LH,36414
romesentinel.com,US,36346
redwatch.org.au,AS,36344
gizchina.com,CH,36341
zonazealots.com,US,36338
1350kman.com,US,36336
radikal.com.tr,TU,36307
meetingstoday.com,US,36300
mr-7.ru,RS,36297
seneweb.com,SG,36297
minotdailynews.com,US,36294
dan.co.me,MJ,36285
everything2.com,US,36283
hits973.com,US,36281
heavy.com,US,36265
travelextra.ie,EI,36258
parmatoday.it,IT,36255
leamingtonobserver.co.uk,UK,36252
diariocambio.com.uy,UY,36233
radiopolar.com,CI,36177
cankaoxiaoxi.com,CH,36171
epoznan.pl,PL,36163
digitimes.com.tw,TW,36161
islandpacket.com,US,36149
lutontoday.co.uk,UK,36126
newsler.ru,RS,36117
romait.it,IT,36113
observer.com,US,36111
wallstreetitalia.com,IT,36103
scientificamerican.com,US,36084
1073theeagle.com,US,36083
mainepublic.org,US,36068
vietnam-briefing.com,VM,36024
dailynewsegypt.com,EG,36021
riknews.com.cy,CY,35998
kinhdoanhnet.vn,VM,35993
newswithviews.com,US,35949
themountainmail.com,US,35945
allkpop.com,KS,35944
sheepcentral.com,AS,35935
scottishconstructionnow.com,UK,35908
farminguk.com,UK,35902
lantidiplomatico.it,IS,35883
republic-online.com,US,35873
netgazete.com,TU,35863
24sata.info,BK,35841
bzb.ro,US,35838
businessgreen.com,UK,35832
bonnercountydailybee.com,US,35798
contabeis.com.br,BR,35797
krqe.com,US,35783
siouxlandnews.com,US,35767
torquenews.com,US,35764
bubblear.com,US,35761
notisclepr5c-la.com,VE,35759
abc.az,AJ,35759
vulture.com,US,35758
hucknalldispatch.co.uk,UK,35748
tasteofcountry.com,US,35733
minnlawyer.com,US,35725
opednews.com,US,35721
eaglesanantonio.com,US,35708
datacenterdynamics.com,US,35693
stwnewspress.com,US,35687
businessrecord.com,US,35669
koreabridge.net,KS,35640
fltimes.com,US,35636
opleht.ee,EN,35632
baltictimes.com,LG,35627
wape.com,US,35625
clareherald.com,EI,35624
wakefieldexpress.co.uk,UK,35620
businesspeople.it,IT,35617
wtvy.com,US,35603
kreschatic.kiev.ua,UP,35601
mayottehebdo.com,MF,35599
1prime.biz,RS,35593
novella2000.it,IT,35576
nehandaradio.com,ZI,35539
mothership.sg,SN,35527
rufox.ru,RS,35514
pleinevie.fr,FR,35471
newslaundry.com,IN,35464
vogel.de,GM,35462
vovworld.vn,VM,35460
moonofalabama.org,RS,35454
screendaily.com,UK,35447
galwaybayfm.ie,EI,35438
portalnovosti.com,HR,35438
lanouvelletribune.info,RS,35414
boston25news.com,US,35412
chescotimes.com,US,35393
finanzasdigital.com,VE,35388
eostroleka.pl,PL,35370
lichfieldlive.co.uk,UK,35359
epikaira.gr,GR,35352
cgtn.com,CH,35348
smnewsnet.com,US,35327
itwire.com,AS,35321
sdpb.org,US,35309
sloveniatimes.com,SI,35300
clarksvillenow.com,US,35295
wjbc.com,US,35291
mantecabulletin.com,US,35287
kabc.com,US,35266
lafranceagricole.fr,FR,35255
unionvilletimes.com,US,35247
fftimes.com,CA,35235
christianitytoday.com,US,35226
kaosenlared.net,SP,35198
wtvm.com,US,35186
sanjuan8.com,AR,35180
theadanews.com,US,35165
wdsm710.com,US,35159
kingdomfm.co.uk,UK,35140
technical.ly,US,35107
masdark.com,EG,35106
depechedekabylie.com,AG,35074
radiotimes.com,UK,35072
kp.kz,KZ,35062
standardbredcanada.ca,US,35045
ilfogliettone.it,IT,35036
nowjakarta.co.id,ID,35010
radioagricultura.cl,CI,35009
e-know.ca,CA,35006
calcionews24.com,IT,35000
unomasuno.com.mx,MX,34995
dbsjeyaraj.com,CE,34976
uark.edu,US,34974
metrotimes.com,US,34962
capital.ua,UP,34956
obantimes.co.uk,UK,34955
agri-pulse.com,US,34945
drapersonline.com,UK,34941
constructionnews.co.uk,UK,34935
bet.com,US,34896
runnersworld.com,US,34877
teletica.com,US,34871
dotnews.com,US,34870
cjonline.com,US,34865
dailycardinal.com,US,34829
j-town.net,JA,34823
frifagbevegelse.no,NO,34816
tasnimnews.com,IR,34813
wowo.com,US,34812
gazzettamatin.com,IT,34805
le.ee,EN,34804
star-telegram.com,US,34801
euractiv.pl,PL,34799
haberkita.com,TU,34779
gatestoneinstitute.org,IS,34777
radiox.co.uk,UK,34761
hoteliernews.com.br,BR,34746
ocj.com,US,34735
amarillo.com,US,34734
tg24.info,IT,34727
netsdaily.com,US,34717
thedailyworld.com,US,34691
nikkeibp.co.jp,JA,34673
crainsdetroit.com,US,34659
bellunopress.it,IT,34658
newschief.com,US,34654
ina-online.net,MK,34652
waff.com,US,34636
shakhty.su,RS,34619
rtvusk.ba,BK,34615
penncapital-star.com,US,34589
wiredprnews.com,US,34584
cracked.com,US,34580
belegger.nl,US,34577
jornal24horas.com.br,BR,34575
xinmin.cn,CH,34559
lincolnshireworld.com,UK,34550
diariojunio.com.ar,AR,34538
sr.de,GM,34530
speedweek.com,GM,34528
jewishinsider.com,IS,34518
sardarabad.com.ar,AM,34516
victorygirlsblog.com,US,34512
sidneydailynews.com,US,34482
afaqs.com,IN,34471
lasentinel.net,US,34468
thedp.com,US,34464
kiwaradio.com,US,34455
koimoi.com,US,34440
fourfourtwo.com,UK,34434
addiyar.com,LE,34424
hccommunityjournal.com,US,34412
madridiario.es,SP,34404
ingushetia.ru,RS,34383
israel21c.org,IS,34339
lbpost.com,US,34335
aujourdhui.ma,MO,34334
salta.gob.ar,AR,34333
Nigerdiaspora.net,NG,34325
wickedlocal.com,US,34324
y100fm.com,US,34321
vesuviolive.it,IT,34321
brnow.org,US,34310
lailluminator.com,US,34281
tahoedailytribune.com,US,34271
zofingertagblatt.ch,SZ,34253
wpxnradio.com,US,34251
ilikepuglia.it,IT,34244
moneyvox.fr,FR,34231
himara.gr,AL,34229
actuniger.com,NG,34228
tuttoc.com,IT,34197
scottishhousingnews.com,UK,34181
providencejournal.com,US,34175
alayam.com,BA,34134
infonews.co.nz,NZ,34130
pr.com,US,34126
pronto.com.ar,AR,34123
ttnworldwide.com,SA,34120
airforcetimes.com,US,34106
cochranetimes.com,CA,34104
thecrimson.com,US,34103
wionews.com,IN,34094
mignews.com.ua,UP,34092
yozgatajans.net,TU,34083
terninrete.it,IT,34080
bhpioneer.com,US,34038
profi-forex.org,RS,34005
hot105fm.com,US,33991
airdrieecho.com,CA,33987
proficinema.ru,RS,33986
eltemps.cat,SP,33982
ksnt.com,US,33971
gov.ky,CJ,33953
xalimasn.com,SG,33935
francesoir.fr,FR,33932
zentralplus.ch,SZ,33932
leccenews24.it,IT,33924
bsnews.it,IT,33923
antenna.gr,GR,33923
k923orlando.com,US,33896
neoiagones.gr,GR,33876
eahelqesa.com,EG,33875
portlandtribune.com,US,33872
goldderby.com,US,33840
ladiscussione.com,IT,33838
satakunnankansa.fi,FI,33831
tecnoandroid.it,IT,33795
citybeat.com,US,33754
farodiroma.it,IT,33731
southbendtribune.com,US,33730
mwcconnection.com,US,33715
pernambuco.com,BR,33708
kansasreflector.com,US,33701
army.mil,US,33699
caymannewsservice.com,CJ,33691
arabfinance.com,EG,33679
theekkathir.in,IN,33672
cagliaripad.it,IT,33653
newsnowgr.com,GR,33652
dailymail.com,UK,33645
silverbirdtv.com,NI,33622
cookislandsnews.com,CW,33608
townandcountrymag.com,US,33605
courrierinternational.com,US,33600
highrivertimes.com,CA,33575
nuovaresistenza.org,IS,33574
dosja.al,AL,33570
peru-retail.com,PE,33568
nepalitimes.com,NP,33567
focusfm.gr,GR,33563
kciiradio.com,US,33542
monitorfg.ro,RO,33536
olloo.mn,MG,33512
suprobhat.com,BG,33501
banderasnews.com,MX,33499
prnoticias.com,SP,33484
nd-aktuell.de,GM,33484
sfera.fm,RS,33470
addisstandard.com,ET,33468
lamag.com,US,33465
thecourierexpress.com,US,33445
thecragandcanyon.ca,CA,33442
mindanews.com,RP,33437
fifetoday.co.uk,UK,33420
bollywoodtadka.in,IN,33399
berkeley.edu,US,33399
gaeliclife.com,EI,33398
adndigital.com.py,PA,33382
diodeo.com,KS,33350
xanthinews.gr,GR,33349
karpatalja.ma,UP,33345
mix965tulsa.com,US,33325
typos.com.cy,CY,33324
themag.co.uk,UK,33323
flyingmag.com,US,33280
abnnewswire.net,AS,33279
cointelegraph.com,US,33270
news-expressky.com,US,33270
joblo.com,US,33264
sachalayatan.com,BG,33252
ligazakon.net,UP,33242
haberufku.com,TU,33242
informing.ru,RS,33237
dhakacourier.com.bd,BG,33232
helsinkitimes.fi,FI,33226
ir.lv,LG,33225
riggosrag.com,US,33186
carasycaretas.com.uy,UY,33182
cphpost.dk,DA,33181
lajmpress.org,KV,33170
capjournal.com,US,33157
wyborcza.pl,UP,33150
kissrocks.com,US,33148
rismedia.com,US,33144
manager-magazin.de,GM,33137
aljazeerah.info,IS,33133
meridionews.it,IT,33132
bizportal.co.il,IS,33127
glavnoe.ua,UP,33115
mymagic949.com,US,33109
newsregister.com,US,33097
masslawyersweekly.com,US,33083
sharecast.com,UK,33076
landgrantholyland.com,US,33063
97xonline.com,US,33061
mediamax.am,AM,33051
in-cumbria.com,UK,33048
kkyx.com,US,33011
nationalmemo.com,US,33010
wlrfm.com,EI,33006
deaandeelhouder.nl,US,33004
marxist.com,RS,32997
emporda.info,SP,32982
nezavisne.com,RB,32978
defenceweb.co.za,SF,32977
055firenze.it,IT,32969
1015vibe.com,US,32966
groundup.org.za,SF,32963
overdriveonline.com,US,32963
sis.gov.eg,EG,32958
kobi5.com,US,32950
bleedinggreennation.com,US,32947
dailybulldog.com,US,32936
courierjournal.net,US,32923
spnfa.ir,IR,32914
earthquakenewstoday.com,US,32902
enr.com,US,32881
currentargus.com,US,32870
comingsoon.net,US,32865
actionnews5.com,US,32853
wisconsinagconnection.com,US,32847
magic1021.com,US,32837
harvard.edu,US,32833
msnoticias.com.br,BR,32819
joe.ie,EI,32809
star945.com,US,32807
midwestradio.ie,EI,32800
gardenandgun.com,US,32795
building.co.uk,UK,32789
elcorreodeburgos.com,SP,32766
energias-renovables.com,SP,32725
knsiradio.com,US,32724
laprensalatina.com,UP,32719
fla.de,GM,32702
gs.by,BO,32689
economynext.com,CE,32689
waateanews.com,NZ,32687
wnax.com,US,32684
marinecorpstimes.com,US,32667
outdoorlife.com,US,32666
salzburg24.at,AU,32665
hebtv.com,CH,32661
richmondbizsense.com,US,32658
haarlemsdagblad.nl,NL,32649
dailyyonder.com,US,32645
tetovasot.com,MK,32622
observatorcultural.ro,RO,32615
ninersnation.com,US,32614
compromat.ru,RS,32608
oskynews.org,US,32580
wrestlinginc.com,US,32565
ajansspor.com,TU,32555
wifr.com,US,32545
brobible.com,US,32544
iexaminer.org,US,32535
infocampo.com.ar,AR,32529
buenosairesherald.com,AR,32526
uapress.info,UP,32521
cpapracticeadvisor.com,US,32506
wmbfnews.com,US,32495
dailyadvocate.com,US,32485
campeaoprovincias.pt,PO,32485
veteranstoday.com,UP,32484
osw.waw.pl,RS,32483
clicanoo.re,FR,32452
justiceinfo.net,UP,32439
kaok.com,US,32418
themiamihurricane.com,US,32417
shetnews.co.uk,UK,32403
moultonadvertiser.com,US,32386
nashvillepost.com,US,32384
formula.hu,US,32344
queer.de,GM,32324
nationaltribune.com.au,AS,32324
northdevongazette.co.uk,UK,32313
1290wlby.com,US,32312
decaturish.com,US,32311
stlamerican.com,US,32303
easyreadernews.com,US,32299
mashable.com,US,32287
sanluishoy.com.mx,MX,32282
ny.gov,US,32271
voici.fr,FR,32266
leconomiste.com,MO,32264
risingkashmir.com,IN,32260
diarioeyipantla.com,MX,32242
thecabin.net,US,32212
publinews.gt,GT,32200
bulatlat.com,RP,32196
fairfaxtimes.com,US,32194
stakeholders.com.pe,PE,32191
wmtram.com,US,32187
nationalparkstraveler.org,US,32178
wfmd.com,US,32170
salernotoday.it,IT,32169
agroinformacion.com,SP,32158
newhavenindependent.org,US,32151
aplateia.com.br,BR,32140
infodefensa.com,SP,32135
lamarledger.com,US,32135
fatimanews.com.br,BR,32115
stratfordobserver.co.uk,UK,32105
mediapost.com,US,32097
captivasanibel.com,US,32092
colombogazette.com,CE,32075
donbalon.com,SP,32070
kxii.com,US,32064
tnnthailand.com,TH,32059
chattooga1180.com,US,32048
mihomepaper.com,US,32039
buxtonadvertiser.co.uk,UK,32038
ithome.com.tw,TW,32034
dewsburyreporter.co.uk,UK,32033
lauterbacher-anzeiger.de,GM,32030
laprovinciadivarese.it,IT,32030
enlineadirecta.info,MX,32025
wncy.com,US,32015
borsen.dk,DA,32007
gozo.news,MT,31997
bergamonews.it,IT,31996
rockmnation.com,US,31985
sandiegoreader.com,US,31960
kudika.ro,RO,31952
kotatv.com,US,31937
mediaset.it,IT,31930
volynpost.com,UP,31925
insideevs.com,US,31920
libn.com,US,31919
orizzontescuola.it,IT,31911
cincyjungle.com,US,31907
crhoy.com,CS,31902
mundolusiada.com.br,PO,31894
otempo.com.br,BR,31892
nbanews.net,IZ,31889
rollbamaroll.com,US,31868
hasatoday.com,SA,31860
journalismpakistan.com,PK,31857
powerorlando.com,US,31852
99jamzmiami.com,US,31839
globalvoices.org,RS,31805
topwirenews.com,RS,31796
moneytalksnews.com,US,31794
sunderlandecho.com,UK,31773
spotrac.com,US,31765
stabiachannel.it,IT,31758
egyptianstreets.com,EG,31754
massispost.com,AM,31752
analisidifesa.it,UP,31751
diagonales.com,AR,31751
pressetext.com,AU,31749
congly.com.vn,VM,31738
7thspace.com,HK,31731
hpherald.com,US,31720
pakistanpressfoundation.org,PK,31715
bluewin.ch,SZ,31689
sofiaglobe.com,BU,31681
nanopress.it,IT,31680
kilgorenewsherald.com,US,31680
tvnewscheck.com,US,31668
realestatebusiness.com.au,AS,31654
ohiocapitaljournal.com,US,31641
kinhtedothi.vn,VM,31631
ngocentre.org.vn,VM,31620
gazetainfokus.com,KV,31618
1023thebullfm.com,US,31606
eldiariodelarepublica.com,AR,31602
hirunews.lk,CE,31596
portugaldigital.com.br,PO,31569
paraibatotal.com.br,BR,31563
usalaxmagazine.com,US,31551
interest.co.nz,NZ,31549
arede.info,BR,31545
prensafutbol.cl,CI,31542
zimeye.net,ZI,31540
landbrugsavisen.dk,DA,31531
smartcompany.com.au,AS,31520
gcaptain.com,US,31507
elpasotimes.com,US,31501
elsalvador.com,ES,31499
biggleswadetoday.co.uk,UK,31492
faxweb.al,AL,31489
recordcourier.com,US,31488
moya-planeta.ru,RS,31479
cyzowoman.com,JA,31473
piunotizie.it,IT,31460
yourdemocracy.net,RS,31460
pulsmedycyny.pl,PL,31449
manager.bg,BU,31439
hits1053sanantonio.com,US,31421
hannity.com,US,31418
econostrum.info,FR,31409
marinelink.com,US,31403
skift.com,US,31401
chiamamicitta.it,IT,31398
maurice-info.mu,MP,31396
brooklynpaper.com,US,31391
umn.edu,US,31383
fiocruz.br,BR,31382
businessdailynetwork.com,US,31375
investopedia.com,US,31368
oakridger.com,US,31365
bmj.com,UK,31359
zdf.de,RS,31358
evianews.com,GR,31338
stara.fi,FI,31326
wisbar.org,US,31307
exclaim.ca,CA,31279
law360.com,US,31274
blastingnews.com,IT,31269
98cool.ca,CA,31262
clare.fm,EI,31260
starobserver.com.au,AS,31257
leightonbuzzardonline.co.uk,UK,31255
nowgrenada.com,GJ,31252
ifamagazine.com,UK,31250
interfax.az,AJ,31248
lubbockonline.com,US,31241
dailynorthwestern.com,US,31239
mirrorspectator.com,AM,31234
thevikingage.com,US,31219
tabletmag.com,US,31217
itc.ua,UP,31202
discovermagazine.com,US,31193
multifamilybiz.com,US,31191
harboroughmail.co.uk,UK,31170
notife.com,AR,31162
richmondfreepress.com,US,31160
lgcplus.com,UK,31151
marketing-chine.com,CH,31147
1688.com.au,AS,31131
cincinnatimagazine.com,US,31125
hipersuper.pt,PO,31115
toulouse7.com,FR,31114
investmentexecutive.com,CA,31077
turmush.kg,KG,31076
californiahealthline.org,US,31063
malatyagercek.com,TU,31061
transfermarkt.at,GM,31059
suedostschweiz.ch,SZ,31036
namibiansun.com,WA,31022
wfxl.com,US,30994
africa-newsroom.com,SF,30991
cnstock.com,CH,30987
cosmosmagazine.com,AS,30986
bizjournal.it,IT,30980
voice-online.co.uk,UK,30966
slovo.kg,KG,30956
lequotidien.re,IS,30954
visionmp.com,IN,30951
salajeanul.ro,RO,30932
fudan.edu.cn,CH,30931
ftnnews.com,US,30917
daventryexpress.co.uk,UK,30893
trapanioggi.it,IT,30892
havredailynews.com,US,30883
phayul.com,CH,30867
tabula.ge,RS,30851
canishoopus.com,US,30849
burlingtoncountytimes.com,US,30835
ghettoradio.co.ke,KE,30833
huskers.com,US,30800
originalfm.com,UK,30771
lifehacker.ru,RS,30762
directorstalkinterviews.com,UK,30751
goal.com,SP,30741
htxt.co.za,SF,30720
businessinsider.in,IN,30710
saharasamay.com,IN,30706
liderendeportes.com,VE,30700
ewrestlingnews.com,US,30692
abakan-news.ru,RS,30688
miled.com,MX,30685
agrarszektor.hu,HU,30684
masrawy.com,EG,30683
planetizen.com,US,30677
toponline.ch,SZ,30671
ertopen.com,GR,30670
perezhilton.com,US,30670
shippingtribune.com,IN,30654
92q.com,US,30624
melfortjournal.com,CA,30616
universal.org,BR,30611
www.gov.za,SF,30602
fokus.se,SW,30599
spacedaily.com,US,30598
rusprav.tv,RS,30595
nepalnews.com,NP,30572
rtvdrenthe.nl,NL,30567
wftw.com,US,30565
mospravda.ru,RS,30559
pakistanlink.org,PK,30549
lancasterguardian.co.uk,UK,30541
ocbj.com,US,30541
gearjunkie.com,US,30531
cavalierdaily.com,US,30518
theverge.com,US,30498
senate.gov.ph,RP,30484
heraldpalladium.com,US,30476
ijr.com,US,30464
delmartimes.net,US,30453
main-spitze.de,GM,30450
dose.ca,CA,30449
dailyastorian.com,US,30445
missionlocal.org,US,30438
virginislandsdailynews.com,US,30434
reportur.com,MX,30432
lacuarta.com,CI,30431
andina.pe,PE,30424
meobserver.org,EG,30422
keyc.com,US,30395
nexotur.com,SP,30388
theautochannel.com,US,30383
vocm.com,CA,30381
nipawinjournal.com,CA,30360
henricocitizen.com,US,30357
justthenews.com,US,30346
malaysiandigest.com,US,30344
omelete.com.br,BR,30341
lasiciliaweb.it,IT,30334
kentuckytoday.com,US,30330
falkirkherald.co.uk,UK,30299
14news.com,US,30299
joe.co.uk,UK,30298
coloradosun.com,US,30296
nasa.gov,US,30287
ispreview.co.uk,UK,30287
ctnewsjunkie.com,US,30282
voiceofvienna.org,PK,30247
texasobserver.org,US,30247
pugliapress.org,IT,30235
y94.com,US,30232
accountingtoday.com,US,30208
undertheradar.co.nz,NZ,30208
seguonews.it,IT,30194
watania.net,IS,30172
kcrw.com,US,30165
lamarseillaise.fr,FR,30158
vcstar.com,US,30136
forum-msk.org,RS,30124
messengernews.net,US,30107
telepolis.pl,PL,30103
jakartaglobe.id,ID,30102
heraldbanner.com,US,30101
mesec.cz,EZ,30095
sherg.az,AM,30085
k99online.com,US,30079
ventasbalss.lv,LG,30077
303magazine.com,US,30063
wdtv.com,US,30060
mfa.gov.by,BO,30056
bendsource.com,US,30042
gnnhd.tv,PK,30039
1033theeagle.com,US,30038
wjcw.com,US,30037
rfdtv.com,US,30036
quadrant.org.au,AS,30033
northfortmyersneighbor.com,US,30031
tuscaloosanews.com,US,30029
ijmuidercourant.nl,NL,30020
gtreview.com,UK,30011
pcij.org,RP,30005
pacocol.org,CO,30000
herald-citizen.com,US,29992
nhbr.com,US,29980
waterwaysjournal.net,US,29977
laprimapagina.it,IT,29975
ebn.co.kr,KS,29962
wahpetondailynews.com,US,29960
dailynorseman.com,US,29951
spanishvida.com,SP,29945
norrteljetidning.se,SW,29944
canadianunderwriter.ca,CA,29936
nexos.com.mx,MX,29935
themaneland.com,US,29917
rjb.ch,SZ,29902
knoxradio.com,US,29899
forwardpress.in,IN,29890
macommune.info,FR,29890
capenews.net,US,29885
sudanjem.com,JA,29872
sdbj.com,US,29847
3cat.cat,SP,29844
joqr.co.jp,JA,29838
dbalears.cat,SP,29837
newbernsj.com,US,29834
tippmidwestradio.com,EI,29830
alvinhopatriota.com.br,BR,29816
muslimnews.co.uk,IS,29816
mtv.com.lb,LE,29814
campusreform.org,US,29806
beckersasc.com,US,29802
harnesslink.com,US,29802
metalbulletin.ru,RS,29793
thegoodlifefrance.com,FR,29761
hotelnewsresource.com,US,29727
extratime.com,EI,29724
barometern.se,SW,29717
recordnet.com,US,29695
ustfccca.org,US,29691
redebrasilatual.com.br,BR,29689
noitv.it,IT,29677
koaci.com,IV,29677
city-journal.org,US,29676
thehawkeye.com,US,29676
labusinessjournal.com,US,29671
ongakusenkasha.co.jp,JA,29652
iraq-businessnews.com,IZ,29644
houstoniamag.com,US,29642
0372.ua,UP,29629
dailystar.com.lb,IS,29627
kodiakdailymirror.com,US,29618
tv21.tv,MK,29587
digitaltrends.com,US,29576
rasmussenreports.com,US,29572
cherokeephoenix.org,US,29563
dailytimes.com,US,29542
geographicus.com,US,29533
nazret.com,US,29528
sienafree.it,IT,29525
jcnet.com.br,BR,29520
mbauniverse.com,IN,29517
lnc.nc,NC,29508
kirksvilledailyexpress.com,US,29488
polski.fm,US,29446
investmentwatchblog.com,US,29438
saltenposten.no,NO,29432
total-croatia-news.com,HR,29426
donbass.ua,UP,29418
nextcity.org,US,29417
monitorimmobiliare.it,IT,29401
fukuoka-now.com,JA,29389
imperiapost.it,IT,29388
politics.co.uk,UK,29366
diez.hn,HO,29362
newsy.com,US,29329
straight.com,CA,29321
thespiritsbusiness.com,UK,29312
versii.com,UP,29311
wowktv.com,US,29301
ba.no,NO,29299
kamuajans.com,TU,29292
jornalagora.com.br,BR,29284
am-online.com,UK,29270
catanzaroinforma.it,IT,29251
rtl.hu,HU,29243
capitolhillblue.com,US,29241
kwsn.com,US,29233
numerama.com,FR,29211
2paragraphs.com,US,29197
elciudadano.com,MX,29176
mininggazette.com,US,29175
pagosasun.com,US,29173
uaport.net,UP,29164
yourobserver.com,US,29158
tv-tokyo.co.jp,JA,29153
vallartaopina.net,MX,29142
punto-informatico.it,IT,29142
obiectivtulcea.ro,RO,29133
peoplesreview.com.np,NP,29127
portadelaidefc.com.au,AS,29110
cantonrep.com,US,29108
searchlight.vc,VC,29088
nmpoliticalreport.com,US,29084
argusleader.com,US,29082
melillahoy.es,SP,29076
thesource.com,US,29076
mediagol.it,IT,29067
jornaleconomico.pt,PO,29062
apn.ru,RS,29050
city-sentinel.com,US,29049
datviet.com,VM,29043
anconatoday.it,IT,29035
elcomercial.com.ar,AR,29033
soyacincau.com,MY,29023
ziuaveche.ro,RO,29016
svoboda.org.ua,UP,29006
statesboroherald.com,US,29005
laughingplace.com,US,29005
latina-press.com,BR,28990
metropolisweb.it,IT,28982
meaww.com,US,28955
jowhar.com,IS,28954
wmal.com,US,28952
mfa.gov.lv,LG,28949
wbng.com,US,28947
dailyguidenetwork.com,GH,28933
myprincegeorgenow.com,CA,28933
foggiatoday.it,IT,28930
ipress.hr,HR,28913
akhbarelyoum.dz,AG,28900
chrisd.ca,CA,28874
jacksonvilleprogress.com,US,28852
smp.se,SW,28828
sestopotere.com,IT,28826
retesei.com,IT,28810
thesangaiexpress.com,IN,28809
impulsobaires.com.ar,AR,28804
wealthofgeeks.com,US,28799
sagat.no,NO,28782
wrganews.com,US,28770
jornalnanet.com.br,BR,28754
thejewishstar.com,IS,28748
leccesette.it,IT,28713
arte.it,IT,28712
miltonkeynes.co.uk,UK,28699
paginasiete.bo,BL,28686
luxurytravelmagazine.com,US,28679
mainemirror.com,US,28654
sequimgazette.com,US,28651
hemeltoday.co.uk,UK,28650
travelweekly.com,US,28644
mississauga.com,CA,28641
smokymountainnews.com,US,28633
tiftongazette.com,US,28632
thurstontalk.com,US,28630
taizhou.com.cn,CH,28623
robesonian.com,US,28618
bctv.org,US,28616
whitecountycitizen.com,US,28616
hlbrdaily.com.cn,CH,28608
misanec.ru,RS,28598
shuud.mn,MG,28593
0629.com.ua,UP,28585
bigissue.com,UK,28584
mallorcadiario.com,SP,28581
mynews13.com,US,28576
larepublica.es,RS,28576
maroc.ma,MO,28575
libremercado.com,SP,28572
katcountry989.com,US,28550
lesoftonline.net,CF,28544
el-observador.com,US,28538
dailypostathenian.com,US,28532
phinphanatic.com,US,28528
dv.ee,EN,28528
cnbcafrica.com,SF,28516
powelltribune.com,US,28515
theboot.com,US,28512
donanimhaber.com,TU,28511
29news.com,US,28510
pisatoday.it,IT,28508
365jia.cn,CH,28501
uky.edu,US,28495
courierpostonline.com,US,28473
correiodominho.pt,PO,28472
almajd.net,IS,28432
theroanokestar.com,US,28431
harrogate-news.co.uk,UK,28424
trm.md,MD,28414
lauthentic.info,MR,28412
domradio.de,GM,28389
delgazette.com,US,28383
dezeen.com,UK,28381
womansworld.com,US,28369
links.org.au,RS,28364
timeout.jp,JA,28362
tvn.pl,PL,28361
inpavposad.ru,RS,28338
sej.org,US,28328
dnevnik.ba,HR,28319
puntonoticias.com,AR,28318
visaooeste.com.br,BR,28312
rnbo.gov.ua,UP,28307
rejournals.com,US,28274
afn.net,US,28266
jcmagazine.com,PE,28261
cancilleria.gov.co,CO,28259
hartlepoolmail.co.uk,UK,28256
dn.kz,RS,28250
police1.com,US,28246
froggyweb.com,US,28246
mideast-times.com,AS,28242
arbejderen.dk,DA,28228
jdnews.com,US,28221
oldham-chronicle.co.uk,UK,28218
indianapolisrecorder.com,US,28215
theedinburghreporter.co.uk,UK,28212
time-samara.ru,RS,28208
realitytvworld.com,US,28207
nebraskapublicmedia.org,US,28205
kuwaittimes.com,KU,28197
columbiabasinherald.com,US,28197
nationnews.com,BB,28192
restaurantonline.co.uk,UK,28188
atlantadailyworld.com,US,28187
sedaliademocrat.com,US,28167
elrancaguino.cl,AR,28155
calcionapoli24.it,IT,28151
300polityka.pl,PL,28147
gcn.net.br,BR,28140
ojo.pe,PE,28140
brudirect.com,CH,28137
ninernoise.com,US,28137
ilovebobfm.com,US,28137
tempo.com.ph,RP,28135
businessday.co.za,SF,28124
inforos.com,RS,28107
annistonstar.com,US,28103
minuto30.com,CO,28089
wect.com,US,28089
laola1.at,AU,28080
flcourier.com,US,28073
mdislander.com,US,28072
independentaustralia.net,AS,28070
bloodyelbow.com,US,28062
progressiverailroading.com,US,28055
guinee7.com,GV,28044
oceanfm.ie,EI,28035
fermanaghherald.com,UK,28019
anred.org,AR,28014
tehelka.com,IN,28004
hapakenya.com,KE,27988
blooloop.com,US,27986
dn.no,NO,27979
koreatimesus.com,KS,27976
dnyuz.com,US,27971
rtl.hr,HR,27966
eltrecetv.com.ar,AR,27955
bdonline.co.uk,UK,27948
kivitv.com,US,27947
rstreet.org,US,27942
manicapost.co.zw,ZI,27941
diarioleiria.pt,PO,27924
bromsgrovestandard.co.uk,UK,27920
gippslandtimes.com.au,AS,27916
wjhg.com,PM,27916
khabaronline.ir,IR,27896
northcoastcitizen.com,US,27892
sheppnews.com.au,AS,27884
ucanews.com,IN,27867
tamindir.com,TU,27860
nogomania.com,SI,27856
medianet.at,AU,27835
urfa.com,TU,27831
clarionledger.com,US,27808
xhby.net,CH,27808
history.com,US,27808
falter.at,AU,27807
avondhupress.ie,EI,27807
autoweek.com,US,27795
negocios.com,RS,27771
wptf.com,US,27761
theedgemarkets.com,MY,27749
tvmania.ro,RO,27731
coloradonewsline.com,US,27722
glas-koncila.hr,HR,27707
hannaherald.com,CA,27700
ucla.edu,US,27700
tvkosmos.gr,GR,27698
sourcenm.com,US,27697
ringblad.no,NO,27696
965bobfm.com,US,27658
popsugar.com,US,27642
nwasianweekly.com,US,27638
mishpacha.com,IS,27637
spidersweb.pl,PL,27628
avozdaserra.com.br,BR,27624
quotidianodiragusa.it,IT,27618
bundesliga.com,GM,27612
camara.leg.br,BR,27596
lawofficer.com,US,27594
tomsguide.com,US,27587
mawbima.lk,CE,27561
indiancountrytoday.com,US,27551
lahainanews.com,US,27551
tb.no,NO,27551
goss.ie,EI,27537
makedonskosonce.com,MK,27534
smartpropertyinvestment.com.au,AS,27529
galiciaconfidencial.com,SP,27525
anf-news.com,TU,27520
typepad.com,US,27519
primapress.it,IT,27506
filodimos.gr,GR,27479
rbnett.no,NO,27477
syrianobserver.com,SY,27468
honolulumagazine.com,US,27463
metropolitan.si,SI,27456
insidehighered.com,US,27450
pinchercreekecho.com,CA,27432
cuneocronaca.it,IT,27413
prin.gr,GR,27412
bt.se,SW,27410
commonperu.com,PE,27410
iwf.org,US,27405
vulcanadvocate.com,CA,27403
71sangbad.com,BG,27403
gre4ka.info,UP,27389
lebanondebate.com,LE,27384
historynewsnetwork.org,US,27382
tv4.se,SW,27377
cityandstateny.com,US,27362
tk.no,NO,27358
oireachtas.ie,EI,27349
101theeagle.com,US,27348
backpacker.com,US,27343
effinghamradio.com,US,27341
mvtimes.com,US,27341
bayshorebroadcasting.ca,CA,27339
vccircle.com,IN,27331
streetsblog.org,US,27317
thelandryhat.com,US,27298
elle.com,US,27295
mymagicgr.com,US,27293
amin.org,IS,27290
thepostathens.com,US,27283
jewishnews.net.au,JA,27275
wnyt.com,US,27274
constructiondive.com,US,27261
tapchicongsan.org.vn,VM,27257
bu.edu,US,27251
lawandcrime.com,US,27247
motorcyclenews.com,UK,27230
terrorism-info.org.il,IS,27184
thesalemnewsonline.com,US,27182
rushlane.com,IN,27163
greenriverstar.com,US,27160
daily-tribune.com,US,27158
invdes.com.mx,MX,27158
dagensjuridik.se,SW,27156
marketplace.org,US,27154
humanevents.com,US,27151
veronaeconomia.it,IT,27140
keloland.com,US,27128
heraldweekly.com,US,27120
icsf.net,IN,27103
healthleadersmedia.com,US,27088
thedailyjournal.com,US,27087
matangitonga.to,TN,27086
gisborneherald.co.nz,NZ,27080
walkermn.com,US,27069
liveinsurancenews.com,US,27068
thedrinksbusiness.com,UK,27053
1055thedove.com,US,27038
quintenews.com,CA,27036
fmprc.gov.cn,CH,27032
latinamericanpost.com,US,27026
triesteprima.it,IT,27017
mansfieldnewsjournal.com,US,26998
jambase.com,US,26995
businessincameroon.com,CM,26994
agoravox.it,IT,26990
eldinamo.cl,CI,26986
nationalturk.com,TU,26976
mebpersonel.com,TU,26972
ajmc.com,US,26968
advancedbiofuelsusa.info,US,26962
alcalorpolitico.com,MX,26959
autohaus.de,GM,26944
nrn.com,US,26930
sacbee.com,US,26921
aurora-israel.co.il,IS,26919
yesweekly.com,US,26915
boersen-zeitung.de,GM,26896
moneymarketing.co.uk,UK,26896
otaboanense.com.br,BR,26895
defensenews.com,US,26890
alfahir.hu,HU,26888
arizona.edu,US,26888
yellowscene.com,US,26877
therwandan.com,RW,26869
galluraoggi.it,IT,26868
vvdailypress.com,US,26858
trentotoday.it,IT,26844
francetoday.com,FR,26843
nowyny.eu,UP,26842
bkreader.com,US,26839
redattoresociale.it,IT,26835
standard-democrat.com,US,26823
theartnewspaper.com,US,26804
ua-reporter.com,UP,26795
kvir.ru,RS,26784
banburycake.co.uk,UK,26755
it168.com,CH,26742
knews.kg,KG,26740
donnamoderna.com,IT,26732
k-tipos.gr,GR,26731
mediamatters.org,US,26730
caledoncitizen.com,CA,26730
onthewight.com,UK,26726
now.com,HK,26720
brindisireport.it,IT,26714
imn.iq,IZ,26699
superdepor.com.ar,AR,26693
hudsonriverblue.com,US,26690
coastfm.co.uk,UK,26687
karennews.org,BM,26686
jayski.com,US,26680
themalaysianinsight.com,MY,26678
valleybreeze.com,US,26672
behindthesteelcurtain.com,US,26654
bakercityherald.com,US,26653
planetaosasco.com,BR,26646
diariocoimbra.pt,PO,26632
odnako.org,IT,26620
wirx.com,US,26617
abruzzo24ore.tv,IT,26593
pasoroblesdailynews.com,US,26591
vibe.com,US,26590
radiotelevisionmarti.com,CU,26584
niyitabiti.net,NI,26582
allaboutthejersey.com,US,26577
ilcaffe.tv,IT,26565
syriadirect.org,SY,26561
lespresso.it,IT,26552
ilgiunco.net,IT,26548
krytykapolityczna.pl,PL,26539
nsemnews.co,EG,26523
xn--y9aia2dlywse.xn--y9a3aq,AM,26510
joins.com,KS,26507
wired868.com,TD,26495
nantonnews.com,CA,26494
jalisco.gob.mx,MX,26479
sdsm.org.mk,MK,26472
film-news.co.uk,US,26449
computerworld.dk,DA,26445
kylauudis.ee,EN,26423
ert.gr,GR,26423
antiguaobserver.com,AC,26419
publicceo.com,US,26415
farmanddairy.com,US,26414
mei.edu,IS,26409
jornalnoticias.co.mz,MZ,26380
zwrot.cz,PL,26379
marcaliportal.hu,HU,26379
leaders.com.tn,TS,26352
pachamamaradio.org,PE,26347
libertyballers.com,US,26325
senat.cz,EZ,26316
egitimajansi.com,TU,26314
abc6.com,US,26314
eltiempolatino.com,US,26303
udakuspecially.com,TZ,26295
x1071.com,US,26290
stylecaster.com,US,26270
timesenterprise.com,US,26269
kalb.com,US,26262
famigliacristiana.it,IT,26260
agorams.com.br,BR,26243
itmedia.co.jp,JA,26240
artfixdaily.com,US,26238
nationalmortgagenews.com,US,26231
neweasterneurope.eu,RS,26223
kmmo.com,US,26215
myeasternshoremd.com,US,26213
newnigerianpolitics.com,NI,26207
gbtribune.com,US,26189
le-pays.fr,FR,26172
topmercato.com,FR,26170
usgs.gov,US,26165
dca.gob.gt,GT,26155
canalcapital.gov.co,CO,26153
correodelsur.com,BL,26152
yukon-news.com,CA,26147
applevalleynewsnow.com,US,26134
washingtonjewishweek.com,IS,26133
vlada.mk,MK,26118
thedenverchannel.com,US,26112
journalducameroun.com,CM,26112
georgiatoday.ge,US,26110
newsukraine.com.ua,UP,26101
nflspinzone.com,US,26094
mintpressnews.com,IS,26089
beat102103.com,EI,26087
noticiasdenavarra.com,SP,26085
travel2next.com,US,26084
ku.edu,US,26074
tagblatt.de,GM,26059
action24.gr,GR,26058
classicrock1051.com,US,26051
2x2.su,RS,26047
ghanafa.org,GH,26039
grossetonotizie.com,IT,26036
cagesideseats.com,US,25997
presspublications.com,US,25989
1370wfea.com,US,25987
kuathletics.com,US,25985
kathpress.at,AU,25984
rotherhamadvertiser.co.uk,UK,25969
derryjournal.com,UK,25968
my9nj.com,US,25954
kolesa.ru,RS,25943
southeastradio.ie,EI,25932
bicom.org.uk,IS,25928
caledonenterprise.com,CA,25928
gatorcountry.com,US,25919
dailyreporter.com,US,25912
loudountimes.com,US,25901
sbr.com.sg,SN,25898
jeuneafrique.com,FR,25898
gsmarena.com,CH,25891
gulflive.com,US,25890
wateronline.com,US,25886
businessden.com,US,25886
frontiersman.com,US,25874
habergazete.com,TU,25872
breakingdefense.com,US,25860
qsrmagazine.com,US,25860
pagalguy.com,IN,25860
pressgazette.co.uk,UK,25856
skivefolkeblad.dk,DA,25853
italiasera.it,IT,25850
pina.com.fj,FJ,25849
vervetimes.com,US,25836
whatsupnewp.com,US,25831
yale.edu,US,25830
mongabay.com,BR,25824
heraldtimesonline.com,US,25823
evartha.in,IN,25823
torotimes.com,US,25810
energy-pedia.com,UK,25797
strugalajm.com,MK,25792
wdet.org,US,25779
ilmonferrato.it,IT,25777
extra.ie,EI,25769
kachwanya.com,KE,25738
leftfootforward.org,UK,25737
thebeatdfw.com,US,25736
bumm.sk,LO,25730
newsdigest.ng,NI,25730
femalefirst.co.uk,US,25730
boingboing.net,US,25721
australianaviation.com.au,AS,25712
agenciaorbita.org,PE,25709
billedbladet.dk,DA,25706
jweekly.com,US,25696
ellsworthamerican.com,US,25694
publika.md,MD,25690
politicsweb.co.za,SF,25684
travelawaits.com,US,25677
viewngr.com,SP,25672
theregister.com,US,25649
insightnews.com,US,25627
ferra.ru,RS,25613
morningadvertiser.co.uk,UK,25613
wyandottedaily.com,US,25601
dmcityview.com,US,25594
alamogordonews.com,US,25591
chosun.com,KS,25586
epw.in,IN,25581
campaignindia.in,IN,25570
viomundo.com.br,BR,25545
monacolife.net,MN,25543
miningweekly.com,SF,25527
recordonline.com,US,25525
sputniknewsbrasil.com.br,RS,25517
tigerrag.com,US,25506
dziennikzwiazkowy.com,US,25489
realtid.se,SW,25472
connectionivoirienne.net,IV,25470
sorrisi.com,IT,25465
baptiststandard.com,US,25464
forexlive.com,CH,25446
usni.org,US,25443
nordlittoral.fr,FR,25441
lohud.com,US,25441
newsdakota.com,US,25440
greenleft.org.au,AS,25430
arbetaren.se,SW,25423
latestbdnews.com,BG,25414
vpoint.jp,JA,25413
thecaribbeancamera.com,CA,25409
silutesnaujienos.lt,LH,25405
kfiz.com,US,25386
atlasinfo.fr,MO,25385
fwweekly.com,US,25372
denikreferendum.cz,EZ,25370
paraguay.com,PA,25369
novaratoday.it,IT,25363
thesun.ie,EI,25357
listenupyall.com,US,25355
radioink.com,US,25354
defenseone.com,US,25344
saharamedias.net,MR,25343
lofotposten.no,NO,25337
koze.com,US,25334
nwt.se,SW,25331
marktspiegel.de,GM,25325
bbj.hu,HU,25325
inlander.com,US,25325
wfiwradio.com,US,25318
bradva.bg,BU,25290
onmilwaukee.com,US,25286
onegreenplanet.org,US,25283
dayton.com,US,25277
nairaland.com,NI,25269
fortuneturkey.com,TU,25268
alaraby.co.uk,IS,25262
archpaper.com,US,25261
mil.gov.ua,UP,25254
nzdoctor.co.nz,NZ,25251
washingtonmonthly.com,US,25246
valuewalk.com,US,25246
ndh.vn,VM,25226
spotlightreport.net,AS,25225
el19digital.com,NU,25220
kinejun.com,JA,25215
iwacu-burundi.org,BY,25204
kuam.com,GQ,25196
politicsnigeria.com,NI,25195
djc.com,US,25193
sciencedaily.com,US,25170
meltontimes.co.uk,UK,25161
rewind943.com,US,25159
magyarhirlap.hu,UP,25154
skiddle.com,UK,25151
hetq.am,AM,25137
stheadline.com,HK,25126
liberta.it,IT,25122
finans.dk,DA,25114
livesaildie.com,AS,25113
transylvaniatimes.com,US,25105
clevescene.com,US,25104
oregoncapitalchronicle.com,US,25100
ncspin.com,US,25095
igberetvnews.com,NI,25091
loudwire.com,US,25090
allhiphop.com,US,25089
hannover-entdecken.de,GM,25080
suomenkuvalehti.fi,FI,25067
gazetaoltului.ro,RO,25057
tohkaishimpo.com,JA,25045
thelantern.com,US,25041
marieclaire.com,US,25024
meforum.org,IS,25019
lavocedelnordest.eu,IT,25017
wfit.org,US,25008
abchoy.com.ar,AR,25005
dailytidings.com,US,24997
npinvestor.dk,DA,24997
trtspor.com.tr,TU,24984
wisconsinexaminer.com,US,24982
klin.com,US,24955
alaskabeacon.com,US,24951
vorumaateataja.ee,EN,24939
qchron.com,US,24908
live95fm.ie,EI,24906
jm-madeira.pt,PO,24888
telemundoatlanta.com,US,24880
massachusettsnewswire.com,US,24880
kyivindependent.com,UP,24865
nclawyersweekly.com,US,24865
klack.de,GM,24854
sputniknewsbr.com.br,UP,24848
editie.ro,RO,24847
womenshealthmag.com,US,24844
eastvalleytribune.com,US,24837
thepinetree.net,US,24835
alternatives-economiques.fr,FR,24825
westernwheel.ca,CA,24825
nevadacurrent.com,US,24823
ilgiornaledellazio.it,IT,24812
rabble.ca,CA,24812
agrotypos.gr,GR,24804
kickoff.com,SF,24776
murfreesboropost.com,US,24773
citizen.on.ca,CA,24769
theinvestor.vn,VM,24754
teltarif.de,GM,24750
paducahsun.com,US,24747
diariodechimbote.com,PE,24747
econ.bg,BU,24742
vdare.com,US,24728
seychellesnewsagency.com,SE,24727
apotheke-adhoc.de,GM,24711
hokkaido-np.co.jp,JA,24707
gdp.ch,SZ,24701
marieclaire.fr,FR,24687
italia-news.it,IT,24686
euroweeklynews.com,SP,24680
redandblack.com,US,24677
thecork.ie,EI,24677
invezz.com,US,24676
bangladeshinfo.com,BG,24663
rp-online.de,GM,24658
insider.com,US,24654
directoalpaladar.com,SP,24628
ricochet.com,US,24625
telemax.com.mx,MX,24600
contrepoints.org,FR,24599
araratonline.com,AM,24585
sflcn.com,US,24580
moneyweek.com,UK,24573
journaldunet.com,FR,24568
larouchepub.com,US,24566
russianmachineneverbreaks.com,US,24560
stornowaygazette.co.uk,UK,24557
regeringen.se,SW,24545
ecoaltomolise.net,IT,24541
columbiadailyherald.com,US,24538
k105.com,US,24531
socialistworker.co.uk,IS,24529
shreveporttimes.com,US,24519
poundingtherock.com,US,24510
commonsnews.org,US,24493
hudsoncountyview.com,US,24475
senado.gov.co,CO,24449
bethesdamagazine.com,US,24439
setexasrecord.com,US,24432
kassioun.org,SY,24422
truebluela.com,US,24419
courier-tribune.com,US,24417
gabonews.com,GB,24412
pupia.tv,IT,24410
notiziegeopolitiche.net,UP,24409
privataaffarer.se,SW,24399
thehealthsite.com,IN,24396
rivals.com,US,24391
hypebeast.com,US,24383
jose947.com,US,24382
3ajlnews.com,CH,24367
inmaricopa.com,US,24363
efeagro.com,SP,24359
yourtango.com,US,24355
ipna.ir,IR,24354
newsoboz.org,UP,24350
jaysjournal.com,CA,24330
pilkanozna.pl,PL,24324
pakistankakhudahafiz.com,PK,24304
virginiamercury.com,US,24301
fbcnews.com.fj,FJ,24298
outerbanksvoice.com,US,24298
eestikirik.ee,EN,24296
onenewspage.com,US,24295
timesleader.net,US,24289
news-leader.com,US,24288
aseaofblue.com,US,24287
testudotimes.com,US,24255
rafu.com,US,24254
finanza.com,IT,24241
ultimateclassicrock.com,US,24239
oakdaleleader.com,US,24231
thedestinlog.com,US,24217
numberone.com.tr,TU,24212
wrtv.com,US,24209
akronoticias.com,MX,24193
totalpackers.com,US,24190
mountvernonnews.com,US,24189
motthegioi.vn,VM,24184
dewereldmorgen.be,IS,24182
ciudad.com.ar,AR,24178
apsnypress.info,RS,24177
680kfeq.com,US,24176
cataniaoggi.it,IT,24172
iraqyoon.net,IZ,24165
fleetworld.co.uk,UK,24161
popularmechanics.com,US,24154
nbc12.com,US,24149
vecernikpv.cz,EZ,24132
journalpatriot.com,US,24131
helpconsumatori.it,IT,24125
siracusanews.it,IT,24123
kion546.com,US,24121
ildiscorso.it,IT,24114
shropshirelive.com,UK,24111
trend.at,AU,24105
finanzaonline.com,IT,24104
formulapassion.it,IT,24103
wtbdfm.com,US,24100
thespectrum.com,US,24095
cardchronicle.com,US,24089
dv-gazeta.info,UP,24086
muz-tv.ru,RS,24060
st.nu,SW,24059
lapagina.com.sv,ES,24050
cgkhabar.com,IN,24046
livornopress.it,IT,24046
infos.fr,UP,24043
newtownbee.com,US,24042
continental.com.ar,AR,24036
palukiznin.pl,PL,24034
bellevision.com,IN,24023
livescience.com,US,24019
newsdzezimbabwe.co.uk,ZI,24007
the-dispatch.com,US,24005
luxtimes.lu,LU,24005
rollingstone.com.br,BR,24003
dakotawarcollege.com,US,23990
guiamuriae.com.br,BR,23985
news4teachers.de,GM,23985
news5cleveland.com,US,23978
historia.org.pl,PL,23976
tourismuspresse.at,AU,23971
ja.se,SW,23970
laextra.mx,MX,23967
manduriaoggi.it,IT,23956
koxe.com,US,23954
thechampaignroom.com,US,23954
energycentral.com,US,23942
ragtrader.com.au,AS,23937
techtudo.com.br,BR,23936
danspapers.com,US,23936
resilience.org,US,23936
cineuropa.org,FR,23933
rspm.ru,RS,23932
wbkb11.com,US,23927
venezuelastar.com,US,23909
onwardstate.com,US,23908
report-k.de,GM,23900
intouchweekly.com,US,23893
revista-ferma.ro,RO,23891
kdminer.com,US,23884
larvf.com,FR,23877
unica.ro,RO,23872
theiet.org,UK,23869
radiosenisecentrale.it,IT,23862
nbr.co.nz,NZ,23858
on24.com.ar,AR,23856
floridaphoenix.com,US,23846
uticaod.com,US,23840
wired.it,IT,23838
tozsdeforum.hu,HU,23835
hometownfocus.us,US,23818
rds.ca,CA,23806
soutalomma.com,EG,23789
thisisanfield.com,UK,23782
burundi-agnews.org,BY,23772
lettera43.it,IT,23761
gothess.gr,GR,23760
northcoastjournal.com,US,23757
biztimes.com,US,23752
elmundo.com.bo,BL,23752
thetimesnews.com,US,23750
matadornetwork.com,US,23737
iex.nl,US,23737
dailybruin.com,US,23717
traveller.com.au,AS,23717
timesofearth.com,IS,23713
ecomedia.co.kr,KS,23709
journaldugeek.com,FR,23692
bentelevision.com,NI,23683
controradio.it,IT,23670
lragir.am,AJ,23664
milawyersweekly.com,US,23657
printweek.in,IN,23652
theproducenews.com,US,23651
svd.se,SW,23644
vglobale.it,IT,23642
idahobusinessreview.com,US,23640
palmbeachdailynews.com,US,23617
myqcountry.com,US,23610
sj-r.com,US,23608
dallascowboys.com,US,23604
bucyrustelegraphforum.com,US,23604
charhdikala.com,IN,23603
city.kharkov.ua,UP,23593
todotexcoco.com,MX,23590
f-b.no,NO,23587
myrtlebeachonline.com,US,23581
exchangerates.org.uk,UK,23578
gov.md,MD,23574
msk.ru,RS,23549
floridanewswire.com,US,23545
agrodigital.com,SP,23530
conwaydailysun.com,US,23518
arsenal.com,UK,23514
wmicentral.com,US,23514
stlpublicradio.org,US,23509
curentul.info,RO,23507
namdalsavisa.no,NO,23484
sundiatapost.com,NI,23457
znsbahamas.com,BF,23450
manitobacooperator.ca,CA,23447
thinakaran.lk,CE,23445
govexec.com,US,23435
miningmx.com,SF,23434
caller.com,US,23431
mtshastanews.com,US,23420
shieldsgazette.com,UK,23419
lapd.com,US,23413
techgriff.com,CH,23411
sharemanthan.in,IN,23409
windowstorussia.com,RS,23408
poduzetnistvo.org,HR,23401
agrigentotv.it,IT,23398
telesintese.com.br,BR,23393
voazimbabwe.com,UP,23384
104news.it,IT,23361
alhadath.ps,IS,23359
lehighacrescitizen.com,US,23358
latinatoday.it,IT,23354
verafiles.org,RP,23339
altaakhipress.com,IZ,23325
tachles.ch,IS,23322
myrecordjournal.com,US,23317
cilentonotizie.it,IT,23316
vip.de,GM,23313
umbriaecultura.it,IT,23313
coronadonewsca.com,US,23306
lenpravda.ru,RS,23297
piterburger.ru,RS,23289
presse-citron.net,FR,23284
tri-cityherald.com,US,23262
topics.or.jp,JA,23260
carexpo.ru,RS,23245
thelincolnite.co.uk,UK,23241
rosinvest.com,RS,23233
parmadaily.it,IT,23225
alittihad.ae,AE,23221
mobilesyrup.com,CA,23196
qianhuaweb.com,CH,23193
africa.com,SF,23191
venturesafrica.com,NI,23178
radioem.pl,PL,23168
kultura.hu,HU,23161
mpnews.com.au,AS,23150
diariojunin.com,AR,23150
indiainfoline.com,IN,23143
missouriindependent.com,US,23143
bgr.in,IN,23142
zelenograd.ru,RS,23142
hospitalityireland.com,EI,23129
diarioaveiro.pt,PO,23126
jaxdailyrecord.com,US,23122
2plus2.ua,UP,23115
chathamstartribune.com,US,23105
clevelandbanner.com,US,23100
freedom970.com,US,23099
radiojamaicanewsonline.com,JM,23081
windfm.com,US,23080
savannahnow.com,US,23070
wrestlingnewssource.com,US,23069
an.no,NO,23068
reggionline.com,IT,23063
oxygen.com,US,23052
floydct.com,US,23050
tvovermind.com,US,23047
engeplus.com.br,BR,23043
dnj.com,US,23040
politicspa.com,US,23024
novagente.pt,PO,23015
fillmorecountyjournal.com,US,23008
ktvl.com,US,23007
yaledailynews.com,US,22998
greenvilleonline.com,US,22996
firstalert7.com,US,22995
lifehacker.com.au,AS,22991
montgomeryadvertiser.com,US,22987
prowrestling.net,US,22985
tiscali.cz,EZ,22983
ilmartino.it,IT,22982
confirmado.net,EC,22970
harvardmagazine.com,US,22969
wvrecord.com,US,22968
lupa.cz,EZ,22964
diarioregistrado.com,AR,22961
nnn.co.jp,JA,22960
gruposulnews.com.br,BR,22960
aktuale.mk,MK,22957
gloucestershirelive.co.uk,UK,22944
biologicaldiversity.org,US,22925
eurochicago.com,BU,22913
insideedition.com,US,22910
dtinews.vn,VM,22907
asfera.info,RS,22900
greenwichfreepress.com,US,22899
sailingscuttlebutt.com,US,22893
agi.it,IT,22888
pressenza.com,US,22884
theadvertiser.com,US,22880
covasnamedia.ro,RO,22877
courierpress.com,US,22870
ashepostandtimes.com,US,22852
chronicletimes.com,US,22847
longwarjournal.org,IS,22837
thenationalherald.com,US,22837
lecalame.info,MR,22835
rrobserver.com,US,22832
slate.fr,FR,22826
fidelityhouse.eu,IT,22815
hoy.com.ni,US,22815
tvgrapevine.com,US,22809
footwearnews.com,US,22805
eleconomico.es,SP,22779
coinupdate.com,US,22778
easy931miami.com,US,22774
nporadio1.nl,NL,22773
droitwichstandard.co.uk,UK,22737
autoblog.com,US,22727
b24.am,RS,22722
gadgetsmagazine.com.ph,RP,22714
sfbaytimes.com,US,22703
powermag.com,US,22697
mix979fm.com,US,22691
jewishtimes.com,IS,22686
traveltrendstoday.in,IN,22685
milwaukeecourieronline.com,US,22681
kchanews.com,US,22679
chickashanews.com,US,22664
radiohamburg.de,GM,22664
shabait.com,ER,22657
latina.pe,PE,22655
wakingthered.com,CA,22655
hetkontakt.nl,NL,22654
femina.in,IN,22651
wrmea.org,IS,22649
twentefm.nl,NL,22635
ledgertranscript.com,US,22625
estrieplus.com,CA,22623
carbonbrief.org,CH,22619
algarvenoticias.com,PO,22617
securitylab.ru,RS,22616
kniakrls.com,US,22615
developpez.com,US,22607
legrandsoir.info,IS,22605
kpopstarz.com,KS,22598
akhbarksa.com,EG,22595
renews.biz,UK,22588
coincommunity.com,US,22579
dailycampus.com,US,22576
energylivenews.com,UK,22571
montereycountyweekly.com,US,22570
kdramastars.com,KS,22569
popsci.com,US,22561
zueriost.ch,SZ,22549
suffolknews.co.uk,UK,22548
laparadadigital.com,MX,22546
popcrush.com,US,22541
aoinform.com,UP,22528
diariopopular.com.br,BR,22524
thestatehousefile.com,US,22515
cbnews.fr,FR,22508
isplus.com,KS,22505
iafrica.com,SF,22504
oficinadanet.com.br,BR,22500
travelmole.com,US,22496
reporternews.com,US,22493
neindia.com,IN,22492
noticiasdelacalle.com.ar,AR,22488
the-journal.com,US,22485
eldiario.com.co,CO,22480
thestarpress.com,US,22478
cronica.com.ec,EC,22477
verticalmag.com,US,22469
claremoreprogress.com,US,22461
houstonherald.com,US,22459
canyon-news.com,US,22446
rassd.com,IS,22439
shinmai.co.jp,JA,22438
elmercuriodigital.net,SP,22430
open.online,IT,22419
sayidaty.net,SA,22419
mortgagestrategy.co.uk,UK,22412
premiere.fr,FR,22390
journalmetro.com,CA,22390
citizen-times.com,US,22388
newstalk1030.com,US,22379
atribunamt.com.br,BR,22377
fremover.no,NO,22359
urbanacitizen.com,US,22357
lansingstatejournal.com,US,22344
citoyens.com,FR,22340
royalcentral.co.uk,UK,22337
washingtonhispanic.com,US,22328
albasrah.net,IS,22325
elcomercio.pe,PE,22324
potomaclocal.com,US,22301
wealthmanagement.com,US,22297
angelusnews.com,US,22289
daily-stuff.com,US,22287
lobodilattice.com,IT,22284
liherald.com,US,22269
tampafp.com,US,22245
dailyorange.com,US,22244
scorebooklive.com,US,22236
943jackfm.com,US,22233
tv3.ee,EN,22227
thesouthernreporter.co.uk,UK,22219
advisor.ca,CA,22211
vlt.se,SW,22194
oggi.it,IT,22192
taunus-nachrichten.de,GM,22179
bloody-disgusting.com,US,22168
cronica.com.ar,AR,22166
spectrumnews1.com,US,22165
connectionnewspapers.com,US,22165
zonews.gr,GR,22159
algheroeco.com,IT,22156
canadianlawyermag.com,CA,22154
insidetheiggles.com,US,22149
libertas.sm,SM,22149
fcnp.com,US,22144
wisfarmer.com,US,22137
vegnews.com,US,22135
stereogum.com,US,22124
caradisiac.com,FR,22121
surysur.net,US,22114
mortgagesolutions.co.uk,UK,22108
tippfm.com,EI,22104
indiaspend.com,IN,22102
cowboysindians.com,US,22101
ekonomiaonline.com,KV,22099
stupiddope.com,US,22097
tmj4.com,US,22092
stateofreform.com,US,22083
wtap.com,US,22081
latgaleslaiks.lv,LG,22080
theprowersjournal.com,US,22075
scdaily.com,US,22069
hudsonreporter.com,US,22063
mysailing.com.au,AS,22063
saturdayeveningpost.com,US,22059
t3n.de,GM,22048
montanafreepress.org,US,22039
rondoniadireta.com,BR,22036
ont.by,BO,22032
shekulli.com.al,AL,22031
indianagazette.com,US,22020
thenevadaindependent.com,US,22019
kaaoszine.fi,FI,22014
wrestlezone.com,US,22005
lahaine.org,RS,22000
wielerflits.nl,FR,22000
afisha.ru,RS,21994
mysteriousuniverse.org,US,21970
houmatoday.com,US,21964
vdi-nachrichten.com,GM,21963
whopam.com,US,21959
onlyinyourstate.com,US,21954
plaintalk.net,US,21946
kool98.com,US,21932
vinoge.com,GG,21916
gadsdentimes.com,US,21914
bravotv.com,US,21912
journaltahalil.com,MR,21903
augsburger-allgemeine.de,GM,21902
dailyknicks.com,US,21901
ildolomiti.it,IT,21893
wagmtv.com,US,21892
demerarawaves.com,GY,21891
nursingtimes.net,UK,21885
kke.gr,GR,21876
statuspress.com.ua,UP,21865
corrierecomunicazioni.it,IT,21863
wtaj.com,US,21859
ltz.se,SW,21852
mlsmultiplex.com,US,21839
svinews.com,US,21838
twocircles.net,IN,21838
thepeoplesperson.com,SP,21836
fortworthbusiness.com,US,21835
northernvirginiamag.com,US,21826
honisoit.com,AS,21825
metrodailyng.com,NI,21807
pardubickenovinky.cz,EZ,21802
vorwaerts.de,GM,21782
elora.gr,GR,21780
clicfolha.com.br,BR,21776
wgntv.com,US,21765
coastalpoint.com,US,21754
kmit.com,US,21750
gbmwolverine.com,US,21746
swapacd.com,US,21741
esquerda.net,PO,21740
newstalkflorida.com,US,21728
kath.net,GM,21724
thecitizen.com,US,21718
ultimenotizieflash.com,IT,21714
aarp.org,US,21707
thefranklinnewspost.com,US,21697
ubr.ua,UP,21694
eveningtribune.com,US,21686
unm.edu,US,21673
saltlakemagazine.com,US,21654
theleafchronicle.com,US,21643
vice.com,US,21634
cardinalnews.org,US,21622
lowvelder.co.za,SF,21614
cityrumors.it,IT,21600
sandesh.com,IN,21597
hartenergy.com,US,21593
reporterbrasil.org.br,BR,21585
aciprensa.com,MX,21583
molisenews24.it,IT,21573
cronica.com.py,PA,21566
kompas.id,ID,21556
crainscleveland.com,US,21555
medexpress.pl,PL,21552
undertheradarmag.com,US,21551
kbft.org,US,21547
insiderzim.com,ZI,21543
bold.dk,DA,21539
woman.ru,RS,21533
supermarketnews.com,US,21528
filmfare.com,IN,21525
tv2bornholm.dk,DA,21520
doctorsonly.co.il,IS,21519
parsonssun.com,US,21518
hermistonherald.com,US,21518
golobos.com,US,21516
cltampa.com,US,21512
uwdawgpound.com,US,21512
mensxp.com,IN,21510
fieldandstream.com,US,21508
iagua.es,SP,21503
ichannela.com,KS,21493
maroc-hebdo.press.ma,MO,21477
redding.com,US,21472
labourlist.org,UK,21463
halfwheel.com,US,21458
lawgazette.co.uk,UK,21449
washingtoninstitute.org,IS,21444
myneworleans.com,US,21443
registerherald.com,US,21433
sputnik.af,RS,21430
timeoutdubai.com,AE,21425
elnorte.com,MX,21414
punjabipost.ca,IN,21412
deutsche-wirtschafts-nachrichten.de,GM,21401
inewsguyana.com,GY,21394
inddist.com,US,21388
4semanas.com,AR,21375
argusobserver.com,US,21368
ecori.org,US,21351
wek.ru,RS,21348
habarileo.co.tz,TZ,21333
visaliatimesdelta.com,US,21318
glavportal.com,RS,21313
hi.no,NO,21312
allgov.com,US,21310
eitb.eus,SP,21306
ra.am,AM,21292
ksfr.org,US,21290
workers.org,US,21289
novinar.bg,BU,21287
thebaffler.com,US,21257
setal.net,SG,21251
ismatimes.com,IN,21247
gazeta-pravda.ru,RS,21245
travelmarketreport.com,US,21242
siskiyoudaily.com,US,21241
newsofbahrain.com,BA,21237
denvergazette.com,US,21204
ohiostatebuckeyes.com,US,21197
ipowerrichmond.com,US,21196
worldtribune.com,US,21185
westofthei.com,US,21181
wingsmagazine.com,CA,21179
weeklycitizen.com,US,21176
ksiazka.net.pl,PL,21157
morh.hr,HR,21156
tvcnews.tv,NI,21154
everyeye.it,IT,21146
numberfire.com,US,21143
hotsr.com,US,21135
hrreporter.com,CA,21124
beaufortcountynow.com,US,21121
agris.cz,EZ,21105
miamistudent.net,US,21092
president.gov.ua,UP,21086
prospect.org,US,21083
prunderground.com,US,21079
gizbot.com,IN,21062
hobbyconsolas.com,SP,21057
cbr.com,US,21054
italoamericano.org,IT,21042
moabtimes.com,US,21034
editorinleaf.com,CA,21029
indyweek.com,US,21008
mareeg.com,SO,21006
investors.com,US,20999
f4wonline.com,US,20993
kleinreport.ch,SZ,20992
metroweekly.com,US,20983
troymedia.com,CA,20980
stanforddaily.com,US,20960
myuscountry.com,US,20959
badgerofhonor.com,US,20937
woodallscm.com,US,20936
metro.pr,US,20921
realitateamedia.ro,RO,20914
mohavedailynews.com,US,20913
secondwavemedia.com,US,20906
bankrate.com,US,20900
info.elblag.pl,PL,20896
autoblog.nl,NL,20889
radioeins.de,GM,20888
coastalnewstoday.com,US,20885
horseraceinsider.com,US,20877
kwxx.com,US,20877
turlockjournal.com,US,20875
archyde.com,US,20874
giga.de,GM,20867
oilandgas360.com,US,20860
baltimorepostexaminer.com,US,20858
outinperth.com,AS,20836
tv2ostjylland.dk,DA,20826
newhamburgindependent.ca,CA,20821
elpinguino.com,CI,20808
euractiv.fr,UP,20802
thexradio.com,US,20784
kswo.com,US,20780
azmirror.com,US,20769
tviweb.it,IT,20767
manmonthly.com.au,AS,20766
kbc.co.ke,KE,20765
aica.org,AR,20753
poconet.com.br,BR,20750
agenda.ge,US,20744
milanoweekend.it,IT,20741
investorplace.com,US,20734
tell.ng,NI,20730
grazia.it,IT,20729
cheatsheet.com,US,20723
advertiser.ie,EI,20721
dankennedy.net,US,20716
tucsonweekly.com,US,20707
nagano-np.co.jp,JA,20685
wonkette.com,US,20680
portsmouth-dailytimes.com,US,20675
olomouckenovinky.cz,RS,20673
misionescuatro.com,AR,20671
dailyemerald.com,US,20644
madisonrecord.com,US,20641
reforma.com,MX,20625
intitr.net,IR,20613
toffeeweb.com,UK,20608
saigondautu.com.vn,VM,20588
edge.ca,CA,20580
mult-kor.hu,HU,20573
plzenskenovinky.cz,RS,20568
watchingamerica.com,US,20565
mylondon.news,UK,20563
libero.it,IT,20563
moravskoslezskenovinky.cz,RS,20556
mymovies.it,IT,20545
zch.ro,RO,20543
diariamenteneuquen.com.ar,AR,20542
thechronicleonline.com,US,20537
apanews.net,MO,20535
truenorthreports.com,US,20531
californianewswire.com,US,20529
venezuelanalysis.com,VE,20529
antorchadeportiva.com,GT,20523
nbc4i.com,US,20522
telam.com.ar,AR,20518
expert.com.ua,UP,20511
ckxsfm.com,CA,20504
timesgazette.com,US,20499
gamesradar.com,US,20494
cambrian-news.co.uk,UK,20493
athensmessenger.com,US,20491
jewishbusinessnews.com,IS,20472
atv.hu,HU,20463
sport-express.ru,RS,20460
rusplt.ru,RS,20457
vesti.uz,RS,20453
steamboatpilot.com,US,20441
newidea.com.au,AS,20436
arenafan.com,US,20426
elorbe.com,MX,20423
finansavisen.no,NO,20420
spiked-online.com,UK,20415
omroepzeeland.nl,NL,20414
oklahomawatch.org,US,20413
themediaonline.co.za,SF,20410
enviweb.cz,EZ,20403
belizehub.com,BH,20401
gainesvilleregister.com,US,20401
timesreporter.com,US,20391
simpleflying.com,US,20388
bosoxinjection.com,US,20376
uschamber.com,US,20372
kusi.com,US,20361
devonlive.com,UK,20356
kysdc.com,US,20350
lebanon-express.com,US,20348
kphrfm.com,US,20346
diariolaregion.com,PE,20345
minnesotareformer.com,US,20343
pressconnects.com,US,20340
sluggerotoole.com,UK,20339
theskinny.co.uk,UK,20335
tamu.edu,US,20315
8300.com.ar,MX,20313
dailyutahchronicle.com,US,20313
thecollegefix.com,US,20302
investmentnews.com,US,20299
letsrecycle.com,UK,20297
rasmeinews.com,ID,20293
michiganadvance.com,US,20289
nordlys.no,NO,20281
presstur.com,PO,20275
nmtv.cn,CH,20267
mix100lubbock.com,US,20259
theurbandaily.com,US,20248
statenews.com,US,20238
newtimesslo.com,US,20212
tvm.mk,MK,20212
ellugareno.com,CU,20205
subrayado.com.uy,UY,20204
justblogbaby.com,US,20204
haber.dk,TU,20195
thetowntalk.com,US,20194
thenewsstar.com,US,20190
borderwatch.com.au,AS,20182
theolympian.com,US,20182
conseiller.ca,CA,20174
ilcittadino.it,IT,20158
androidheadlines.com,CH,20156
roadsafety.co.za,SF,20153
masnoticias.net,MX,20152
csrwire.com,US,20146
deadlinedetroit.com,US,20130
casertanews.it,IT,20129
bowl.com,US,20128
correiodecorumba.com.br,BR,20127
cpa.org.au,AS,20122
dagensmedicin.se,SW,20121
lowkickmma.com,US,20118
wgac.com,US,20116
azdesertswarm.com,US,20104
blazersedge.com,US,20102
1630kcjj.com,US,20087
clubic.com,FR,20079
futura-sciences.com,FR,20074
newsway.kr,KS,20062
statehouse.go.ug,UG,20057
jewishchronicle.org,US,20056
fmiblog.com,US,20052
nknews.org,KN,20018
ejecutivos.es,SP,20012
kadikoygazetesi.com,TU,20009
denver7.com,US,20006
3wv.com,US,20000
wired.com,US,19999
times-gazette.com,US,19990
andorradifusio.ad,AN,19988
voce.com.ve,IT,19988
krock.com.au,AS,19984
weathernationtv.com,US,19982
wvax.com,US,19974
kmov.com,US,19968
journalisten.se,SW,19959
telanon.info,TP,19957
marinelog.com,US,19956
craigdailypress.com,US,19951
bulgariagazette.com,BU,19942
diarionorte.com,AR,19941
cjr.org,US,19939
eco-business.com,CH,19930
depor.com,PE,19930
thenews-messenger.com,US,19927
jambands.com,US,19917
wbco.com,US,19916
nineoclock.ro,RO,19914
trendencias.com,SP,19914
keskipohjanmaa.fi,FI,19908
diariocolatino.com,ES,19903
jewishcurrents.org,IS,19900
paradurumu.com,TU,19899
wrjn.com,US,19896
pharmazeutische-zeitung.de,GM,19894
oudaily.com,US,19892
marcellusdrilling.com,US,19889
etemaaddaily.com,IN,19883
csindy.com,US,19882
calabriareportage.it,IT,19876
wqel.com,US,19863
pdxmonthly.com,US,19861
irpinianews.it,IT,19861
heraldmalaysia.com,IS,19854
vpm.org,US,19853
thecostaricanews.com,CS,19850
pimenta.blog.br,BR,19844
963xke.com,US,19839
genteditalia.org,IT,19830
fm104.ie,EI,19826
mountaineagle.com,US,19819
the-leader.com,US,19812
1049theedge.com,US,19798
ensenada.net,MX,19792
warwickonline.com,US,19789
edie.net,UK,19779
hpcwire.com,US,19773
eduline.hu,HU,19770
finance-investissement.com,CA,19769
na.se,SW,19762
chortle.co.uk,UK,19752
internazionale.it,IS,19746
zodiakmalawi.com,MI,19743
eprice.com.tw,TW,19730
letsrun.com,US,19713
rostos.pt,PO,19705
medyaloji.net,TU,19704
keraleeyammasika.com,IN,19693
southphillyreview.com,US,19685
c21media.net,UK,19684
lankabusinessonline.com,CE,19683
elperiodico.com.do,US,19681
kclr96fm.com,EI,19677
afternoonvoice.com,IN,19675
vogue.com,US,19674
sundayworld.co.za,SF,19670
tehachapinews.com,US,19661
companion.ua,UP,19653
alzaytouna.net,IS,19636
blacklistednews.com,US,19635
ugandandiasporanews.com,UG,19632
afrik-foot.com,MO,19620
missourinet.com,US,19618
road.cc,UK,19618
siliconchip.com.au,AS,19617
coast931.com,US,19614
argyllshireadvertiser.co.uk,UK,19614
skynewsarabia.com,IS,19613
kamloopsthisweek.com,CA,19610
whiznews.com,US,19609
rock101.com,CA,19608
mediaguru.cz,EZ,19608
mymajic933.com,US,19606
wjtv.com,US,19602
km.ru,RS,19602
telepolis.de,GM,19599
927thevan.com,US,19598
gmauthority.com,US,19592
jim.fr,FR,19589
foodpoisoningbulletin.com,US,19588
diarioeldia.cl,CI,19586
financialstandard.com.au,AS,19581
tip-online.at,AU,19571
ecfr.eu,RS,19567
epokaere.com,KV,19567
750thegame.com,US,19559
canindia.com,IN,19557
aliran.com,MY,19556
lapalabradelcaribe.com,MX,19554
cfox.com,CA,19542
from-ua.com,UP,19541
wgow.com,US,19532
negaheiraniannews.ir,IR,19531
omroepflevoland.nl,NL,19524
baystatebanner.com,US,19509
journal-topics.com,US,19507
billoreilly.com,US,19507
theonlinecitizen.com,SN,19501
pcmag.com,US,19499
nv-online.info,BO,19495
themunicheye.com,GM,19493
stat.fi,FI,19491
thecounty.me,US,19489
wiznation.com,US,19482
educationtimes.com,IN,19474
lovefm.com,BH,19466
hollandsentinel.com,US,19464
dawindycity.com,US,19463
kgnu.org,US,19458
1037qcountry.com,US,19454
mpnnow.com,US,19450
defpen.com,US,19448
leidschdagblad.nl,NL,19442
foodmanufacture.co.uk,UK,19441
samsunhaber.tc,US,19441
eureporter.co,RS,19435
kioscomayor.com,MX,19431
nczas.com,PL,19424
lakelandtimes.com,US,19420
iowastatedaily.com,US,19404
redrocknews.com,US,19391
panampost.com,VE,19384
poughkeepsiejournal.com,US,19383
jhu.edu,US,19378
dailyamerican.com,US,19377
fauquiernow.com,US,19369
labass.net,MO,19360
moneymanagement.com.au,AS,19359
canalantigua.tv,GT,19357
buckys5thquarter.com,US,19347
powerboise.com,US,19330
e-flux.com,US,19324
northescambia.com,US,19320
wapa.tv,US,19317
burlingtonfreepress.com,US,19316
constructionequipmentguide.com,US,19316
empisteutiko.gr,GR,19315
marketswired.com,US,19314
tvline.com,US,19312
ticotimes.net,CS,19310
q102.ie,EI,19307
investordaily.com.au,AS,19302
anexartitos.gr,GR,19297
dm.com.br,BR,19297
menshealth.com,US,19292
ithacajournal.com,US,19288
portclintonnewsherald.com,US,19282
ttrweekly.com,TH,19276
diarionorte.com.uy,UY,19275
confidencial.digital,NU,19273
fhtimes.com,US,19266
rimonthly.com,US,19263
kafe.com,US,19253
times-herald.com,US,19247
eastbayri.com,US,19244
koratdaily.com,TH,19242
lovinmalta.com,MT,19238
quamiekta.com,IN,19237
rivieraoggi.it,IT,19235
klem1410.com,US,19218
mundodehoy.com,MX,19217
journalauto.com,FR,19216
thestreet.com,US,19212
theplainsman.com,US,19209
ecologistasenaccion.org,SP,19201
dazeddigital.com,UK,19192
s-kon.ru,RS,19177
amica.it,IT,19172
the-sun.com,US,19171
ena.et,ET,19161
distribucionactualidad.com,SP,19160
wzid.com,US,19158
sidneyherald.com,US,19154
euractiv.es,SP,19149
son.tv,TU,19143
henleystandard.co.uk,UK,19136
timeshighereducation.com,UK,19135
alipac.us,US,19135
campbeltowncourier.co.uk,UK,19126
briefly.co.za,SF,19115
lenouvelliste.com,HA,19113
toscana-notizie.it,IT,19112
televisual.com,UK,19108
tvone.tv,US,19102
wdez.com,US,19101
universityherald.com,US,19101
queerty.com,US,19101
kfor.com,US,19097
mdb.pt,PO,19093
flevopost.nl,NL,19091
foodmag.com.au,AS,19084
chanarcillo.cl,CI,19080
t-a.no,NO,19069
alessioporcu.it,IT,19066
tudocelular.com,BR,19063
thefifthestate.com.au,AS,19034
banker.ua,UP,19028
literock973.com,US,19028
therecordlive.com,US,19023
starnewsonline.com,US,19017
azsnakepit.com,US,19004
montesclaros.com,BR,19003
netzwoche.ch,SZ,18998
wnypapers.com,US,18997
scienceblogs.com,US,18989
freedom929.com,US,18985
northplattebulletin.com,US,18980
relix.com,US,18978
dublinlive.ie,EI,18971
delmarvanow.com,US,18959
lankaenews.com,CE,18959
computerra.ru,RS,18951
postperu.com,PE,18948
if.com.au,AS,18930
radiotoday.com.au,AS,18929
noticiasbancarias.com,SP,18923
warontherocks.com,US,18919
wwlp.com,US,18914
zigwheels.com,IN,18909
khon2.com,US,18908
ecolounge.hu,HU,18904
kenoraonline.com,CA,18901
schweizerbauer.ch,SZ,18876
insightcrime.org,MX,18873
vstrg.info,RS,18857
regiao-sul.pt,PO,18852
sitnews.us,US,18849
ansamed.info,IT,18845
laprensaaustral.cl,CI,18844
wilsoncountynews.com,US,18835
peninsulardigital.com,MX,18835
lifeandstylemag.com,US,18820
lobotero.com,US,18815
informador.com.mx,MX,18810
sbonline.net,HR,18795
sabado.pt,PO,18794
theyucatantimes.com,MX,18791
smallwarsjournal.com,US,18785
balidiscovery.com,ID,18784
gooieneemlander.nl,NL,18780
bioon.com,CH,18775
benarnews.org,CH,18772
mcnews.com.au,AS,18763
pineisland-eagle.com,US,18748
torontolife.com,CA,18748
alt.dk,DA,18745
groruddalen.no,NO,18740
kochinews.co.jp,JA,18739
dailycomet.com,US,18739
bunte.de,GM,18739
radiopanama.com.pa,PM,18731
revengeofthebirds.com,US,18728
expert.bg,BU,18714
poncacitynews.com,US,18703
himtimes.com,IN,18694
vf.is,IC,18681
reporterre.net,FR,18679
workersliberty.org,IS,18659
hightimes.com,US,18659
cornwalllive.com,UK,18647
wkbn.com,US,18643
thepiratescove.us,US,18640
ifinnmark.no,NO,18638
kampanje.com,NO,18638
elpotosi.net,BL,18633
bucksinsider.com,US,18632
crn.com.au,AS,18632
europa.eu,UP,18625
mondafrique.com,FR,18624
goupstate.com,US,18620
560cfos.ca,CA,18615
al-ain.com,IR,18611
ckgsb.edu.cn,CH,18597
bioprepwatch.com,GM,18591
vanderbilthustler.com,US,18586
pecsiujsag.hu,HU,18583
dublincity.ie,EI,18580
anbaaonline.com,LE,18576
tvhappy.ro,TU,18576
siracusaoggi.it,IT,18572
renewamerica.com,US,18563
dneprovec.by,BO,18561
ia-centr.ru,RS,18557
connuestroperu.com,PE,18547
46medya.com,TU,18546
jacksonsun.com,US,18545
imss.gob.mx,MX,18543
londontheatre1.com,UK,18531
chinaaid.org,CH,18526
superesportes.com.br,BR,18525
sounderatheart.com,US,18519
lagrangenews.com,US,18514
wciom.ru,RS,18512
petoskeynews.com,US,18508
bulletsforever.com,US,18505
finalcall.com,US,18501
politicanews.it,IT,18489
nebraskaexaminer.com,US,18473
thecalifornian.com,US,18473
rainews.it,IT,18469
manga-news.com,JA,18460
purplerow.com,US,18459
koin.com,US,18449
parade.com,US,18448
pymnts.com,US,18448
baritalianews.it,IT,18447
actualitati-arad.ro,RO,18443
outsidethebeltway.com,US,18443
klll.com,US,18440
farmprogress.com,US,18434
ruidosonews.com,US,18431
brownfieldagnews.com,US,18429
lecconews.news,IT,18425
ahwatukee.com,US,18419
cinecitta.com,IT,18418
latele.ch,SZ,18416
maryland.gov,US,18411
lexpressiondz.com,AG,18396
ncpolicywatch.org,US,18396
wlds.com,US,18390
presspubs.com,US,18389
geenstijl.nl,NL,18388
svenskafans.com,SW,18385
hudsonstarobserver.com,US,18384
the-daily-record.com,US,18378
ganggreennation.com,US,18374
arstechnica.com,US,18370
mebhocam.com,TU,18359
telegram.com,US,18358
canadianminingjournal.com,CA,18355
cubbiescrib.com,US,18353
bizreport.com,US,18350
gic.nl,NL,18348
eagle1005.com,US,18348
gd.no,NO,18347
gamingtoday.com,US,18346
courrierlaval.com,CA,18341
towleroad.com,US,18339
bondebladet.no,NO,18339
dailyworld.com,US,18337
thefox1049.com,US,18334
nextshark.com,US,18333
oa.no,NO,18333
1059themountain.com,US,18330
frant.me,RS,18329
burlington-record.com,US,18327
theengineer.co.uk,UK,18313
giornalesiracusa.com,IT,18311
antonyloewenstein.com,IS,18305
programme-television.org,FR,18302
midmajormadness.com,US,18300
telix.pl,PL,18292
hrw.org,IS,18291
unsere-zeit.de,GM,18291
greatfallstribune.com,US,18288
landbou.com,SF,18277
monroenews.com,US,18273
thevwindependent.com,US,18270
county10.com,US,18270
stargazette.com,US,18266
shekicks.net,UK,18265
orangeobserver.com,US,18257
tnp.no,NO,18243
thebulletin.org,US,18236
calciomagazine.net,IT,18233
bear953.com,US,18233
breakingbelizenews.com,BH,18230
journal-spectator.com,US,18224
1057thepoint.com,US,18224
wetter.com,GM,18214
kogt.com,US,18209
chinookobserver.com,US,18206
ccenterdispatch.com,US,18203
poslovni-savjetnik.com,HR,18200
teknolojioku.com,TU,18197
philanthropy.com,US,18191
triplicate.com,US,18186
peacenow.org,IS,18185
fox4kc.com,US,18179
realradio804.com,US,18172
comstocksmag.com,US,18168
cranstononline.com,US,18167
kgab.com,US,18160
times-journal.com,US,18155
factcheck.org,US,18153
sporza.be,BE,18153
rbcasting.com,IT,18147
capitalsoup.com,US,18138
caffeinamagazine.it,IT,18136
shafaqna.com,IS,18133
shtfplan.com,US,18133
rozhlas.cz,EZ,18124
akhersaa-dz.com,AG,18123
revistasumma.com,US,18120
ls24.fi,FI,18119
furnituretoday.com,US,18118
crestonnews.com,US,18111
smallbiztrends.com,US,18110
tiin.vn,VM,18106
therightscoop.com,US,18104
lugradar.net,UP,18104
financial-planning.com,US,18099
coloradoan.com,US,18086
jurnaltv.md,MD,18084
wallpaper.com,US,18078
pambianconews.com,IT,18070
lanuovaecologia.it,IT,18064
uefa.com,SP,18062
adweek.com,US,18058
enstarz.com,US,18056
quicomo.it,IT,18053
oestadoacre.com,BR,18034
dailytrib.com,US,18022
fonearena.com,IN,18021
digitimes.com,CH,18020
universfreebox.com,FR,18019
enewschannels.com,US,18016
charkoosta.com,US,18014
infiniteunknown.net,US,18010
macleans.ca,CA,18005
oakpark.com,US,17999
homelandsecuritynewswire.com,US,17992
stranieriinitalia.it,IT,17991
whatsonstage.com,UK,17991
wkdzradio.com,US,17990
oregonwinepress.com,US,17987
riponadvance.com,US,17984
kdvr.com,US,17979
theadviser.com.au,AS,17978
willistonherald.com,US,17974
glidemagazine.com,US,17973
arrowheadaddict.com,US,17966
pravda-kmv.ru,RS,17957
erwinrecord.net,US,17948
wglr.com,US,17947
wkxi.com,US,17933
lenouveleconomiste.fr,FR,17926
dailyforex.com,US,17926
lagazettedescommunes.com,FR,17925
eaglecountryonline.com,US,17915
hiphopnc.com,US,17915
christiannewswire.com,US,17913
victoriaadvocate.com,US,17888
officer.com,US,17882
woodtv.com,US,17881
lakersnation.com,US,17871
freshfruitportal.com,US,17867
stockhead.com.au,AS,17850
wildcatbluenation.com,US,17849
postsouth.com,US,17846
rtvnof.nl,NL,17842
tribute.ca,CA,17841
rocklandtimes.com,US,17836
rollingstoneindia.com,IN,17834
us1049quadcities.com,US,17825
eldorar.com,SY,17816
dutchitchannel.nl,NL,17799
fightingillini.com,US,17792
styknews.info,UP,17790
pnt.cl,CI,17788
wdadradio.com,US,17787
crosstimbersgazette.com,US,17783
autzenzoo.com,US,17782
computable.nl,NL,17782
mpamag.com,US,17771
whmp.com,US,17766
daily-times.com,US,17761
greenz.jp,JA,17760
kamatica.com,RI,17751
op.no,NO,17751
am1100theflag.com,US,17747
rexburgstandardjournal.com,US,17745
blackandteal.com,US,17739
bresciatoday.it,IT,17738
midwestliving.com,US,17731
oilcity.news,US,17727
fayettevilleflyer.com,US,17705
alwahdawi.net,YM,17700
ecowatch.com,US,17695
lepointsur.com,IV,17693
telecran.lu,FR,17690
businessdayghana.com,CH,17686
protv.ro,RO,17685
gamek.vn,VM,17681
euobserver.com,RS,17680
prostobank.ua,UP,17680
jezebel.com,US,17673
1019thekeg.com,US,17672
worldcasinodirectory.com,US,17671
shabiba.com,MU,17670
businessoffashion.com,CH,17669
panorama.it,IT,17664
information.dk,DA,17664
1069thefox.com,US,17662
guerrero.gob.mx,MX,17658
lyonmag.com,FR,17651
hits96.com,US,17645
helg.no,NO,17644
weareiowa.com,US,17633
buccaneers.com,US,17628
heraldlive.co.za,SF,17627
autoforum.cz,GM,17624
greatyarmouthmercury.co.uk,UK,17615
riverheadlocal.com,US,17612
domesticatedcompanion.com,US,17608
nationalnetworkonline.com,NI,17595
runningmagazine.ca,CA,17593
southeastagnet.com,US,17592
maghress.com,MO,17587
fayettetribune.com,US,17580
overdrive.in,IN,17573
packers.com,US,17571
newsnationtv.com,IN,17569
vaalweekblad.com,SF,17568
lagazette-dgi.com,MA,17560
vandaagenmorgen.nl,NL,17547
pvtimes.com,US,17543
1470wmbd.com,US,17537
actionforex.com,JA,17537
prleap.com,US,17537
highway989.com,US,17530
rpctv.com,PM,17521
wklh.com,US,17499
manilametro.com,CH,17477
planetf1.com,US,17475
leoweekly.com,US,17472
360cities.net,US,17457
climatechangedispatch.com,US,17456
yourcountryk1077.com,CH,17453
crimesite.nl,NL,17449
boulderweekly.com,US,17443
flagpole.com,US,17439
i100rocks.com,US,17434
soompi.com,KS,17434
gambling.com,US,17424
cassville-democrat.com,US,17422
jconline.com,US,17415
dac-presse.com,CF,17395
lanacion.cl,CI,17393
timestelegram.com,US,17392
monitoruldegalati.ro,RO,17373
arezzoweb.it,IT,17371
sarabic.ae,LE,17367
brooklynrail.org,US,17363
equipmentworld.com,US,17362
qcostarica.com,CS,17361
worthynews.com,IS,17360
mercado.com.ar,AR,17359
scottishlegal.com,UK,17359
ktnv.com,US,17357
malagaes.com,SP,17351
drudge.com,US,17349
talniri.co.il,IS,17346
ta.no,NO,17338
13.cl,CI,17335
abc4.com,US,17330
everafterinthewoods.com,US,17324
zjstv.com,CH,17324
bahamaspress.com,BF,17305
cnybj.com,US,17297
afriquesenlutte.org,FR,17296
27region.ru,RS,17291
rock102.com,US,17290
98fm.com,EI,17276
propertyweek.com,UK,17273
diario1.com,US,17271
ghanabusinessnews.com,GH,17267
businesspl.com,PL,17267
kcet.org,US,17267
beaconjournal.com,US,17267
arbetet.se,SW,17262
aps.sn,SG,17256
dailytrojan.com,US,17255
newhampshirebulletin.com,US,17253
gmenhq.com,US,17252
oc-breeze.com,US,17249
sremskenovine.co.rs,RI,17246
samtiden.nu,SW,17243
solidarnosc.org.pl,PL,17230
vgt.vn,VM,17227
cpbj.com,US,17226
winonapost.com,US,17204
scomunicando.it,IT,17201
advance.hr,RS,17200
epgn.com,US,17199
odwyerpr.com,US,17197
moottori.fi,FI,17194
wcsmradio.com,US,17191
alt1017.com,US,17185
groene.nl,NL,17179
hrvatskarijec.rs,HR,17177
oumma.com,IS,17176
sanpedrosun.com,BH,17173
senigallianotizie.it,IT,17166
ancient-origins.net,EG,17161
rew-online.com,US,17160
oregonbusiness.com,US,17157
catavencii.ro,RO,17149
dci.com.br,BR,17147
expertclick.com,US,17144
bta.bg,BU,17140
lpheralddispatch.com,US,17139
businessnorth.com,US,17138
perrynewspapers.com,US,17131
prospectmagazine.co.uk,UK,17127
elcomercioonline.com.ar,AR,17124
diario26.com,AR,17116
kjo1055.com,US,17103
theranch.fm,US,17103
moneys.co.kr,KS,17101
baltimoretimes-online.com,US,17097
capital.ba,RB,17096
ciaocomo.it,IT,17096
polishforums.com,PL,17095
wymg.com,US,17092
phonearena.com,CH,17091
fm1047.ca,CA,17087
clichemag.com,US,17084
goodhousekeeping.com,US,17083
web.na,WA,17082
nomad.su,KZ,17082
mbcradio.com,CA,17081
whattheythink.com,US,17080
ren.tv,RS,17080
thebullamarillo.com,US,17080
exler.ru,RS,17078
localgov.co.uk,UK,17077
sambafoot.com,BR,17073
dynamicbusiness.com,AS,17066
radiocable.com,SP,17065
macaubusiness.com,CH,17056
3aw.com.au,AS,17056
woodworkingnetwork.com,US,17050
presseportal.ch,SZ,17049
politicususa.com,US,17039
kenoshanews.com,US,17035
periodicoeldiario.com,CO,17032
thewesternnews.com,US,17023
foodandwine.com,US,17022
attitude.co.uk,UK,17019
flightglobal.com,US,17008
lesinrocks.com,FR,17004
choteauacantha.com,US,17001
csid.ro,RO,16990
obiectiv.info,RO,16984
kix953.com,US,16979
von.gov.ng,NI,16976
amanha.com.br,BR,16974
thebridgenewsng.com,NI,16968
jewishaz.com,IS,16957
agefi.com,SZ,16955
buckscountycouriertimes.com,US,16938
lavozcolorado.com,US,16934
kinston.com,US,16934
dailyprincetonian.com,US,16933
rewind1051.com,US,16933
wbt.com,US,16910
imt.ie,EI,16908
ingame.de,GM,16905
africanews.com,IS,16903
justice.gov,US,16903
pippenainteasy.com,US,16887
theshout.com.au,AS,16882
complex.com,US,16878
onclive.com,US,16877
kxly920.com,US,16877
1077jamz.com,US,16862
personneltoday.com,UK,16859
mixfargo.com,CH,16859
timbro.se,SW,16857
leta.lv,LG,16856
wxerfm.com,US,16856
thebangladeshtoday.com,BG,16854
georgiarecorder.com,US,16853
cnhubei.com,CH,16851
morristowngreen.com,US,16851
polygon.com,US,16848
talkers.com,US,16846
pamehellas.gr,GR,16841
laprovinciadisondrio.it,IT,16839
losandes.com.pe,PE,16833
lapsi.al,AL,16821
royalsreview.com,US,16814
quattroruote.it,IT,16807
lavalnews.ca,CA,16805
6262.com.ua,UP,16797
ramatoulaye.com,GV,16790
19min.bg,BU,16788
sentinelcolorado.com,US,16783
elwadynews.com,EG,16774
mndaily.com,US,16774
coventryobserver.co.uk,UK,16774
todayheadline.co,US,16761
riponpress.com,US,16761
chestnuthilllocal.com,US,16760
glasgowcourier.com,US,16756
kioa.com,US,16756
moea.gov.tw,TW,16745
chopchat.com,US,16740
cbs7.com,US,16739
baraondanews.it,IT,16739
democratandchronicle.com,US,16729
bigcountrynewsconnection.com,US,16726
vb.is,IC,16718
talkingretail.com,UK,16716
advocate.com,US,16714
ecodisicilia.com,IT,16708
allfortennessee.com,US,16706
kbr.id,ID,16706
solarpowerworldonline.com,US,16703
velvet.hu,HU,16702
joannenova.com.au,AS,16702
samoanews.com,WS,16698
ukathletics.com,US,16696
southdadenewsleader.com,US,16694
3quarksdaily.com,US,16686
b93radio.com,US,16674
mebpersonel.org,TU,16663
1029thehog.com,US,16663
mon.gov.ua,UP,16660
nbc15.com,US,16660
mycolumbuspower.com,US,16657
baysidenews.com.au,AS,16655
browndailyherald.com,US,16642
observer-me.com,US,16632
ilustrado.com.br,BR,16631
jammin983.com,US,16631
rosslandtelegraph.com,CA,16630
lenconnect.com,US,16630
house.gov.by,BO,16624
niacouncil.org,IR,16622
capecodtimes.com,US,16621
z955.com,US,16618
parliament.am,AM,16611
sundaystandard.info,BC,16609
sunnykeene.com,US,16601
newsmada.com,MA,16599
bozone.com,US,16596
panet.co.il,IS,16574
mmegi.bw,BC,16558
hcpress.com,US,16555
los40.com.co,CO,16551
bekia.es,SP,16547
roundupweb.com,US,16545
queer.pl,PL,16544
unionguanajuato.mx,MX,16534
desimartini.com,IN,16533
archiweb.cz,EZ,16528
rna.ao,AO,16527
circleofblue.org,US,16521
blick.ch,SZ,16518
baxterbulletin.com,US,16514
technode.com,CH,16511
wixx.com,US,16510
hottytoddy.com,US,16509
indepthnh.org,US,16506
actualidadambiental.pe,PE,16488
australiandefence.com.au,AS,16487
msstate.edu,US,16486
taku105.com,US,16486
doorcountydailynews.com,US,16480
lazer993.com,US,16473
corrierequotidiano.it,IT,16470
forbes.com.mx,MX,16468
michigan.gov,US,16459
powerlineblog.com,US,16458
conservativehq.com,US,16452
glennbeck.com,US,16445
primenewsghana.com,GH,16445
exberliner.com,GM,16441
everydayhealth.com,US,16440
etrurianews.it,IT,16439
hits999fm.com,US,16434
townsquaredelaware.com,US,16398
geekwire.com,US,16393
elmananadevalles.com.mx,MX,16383
pghcitypaper.com,US,16383
aleteia.org,US,16378
talkbusiness.net,US,16374
healthcanal.com,US,16372
musicrow.com,US,16370
lloydslist.com,UK,16348
paysonroundup.com,US,16345
performancedrive.com.au,AS,16343
communityadvocate.com,US,16331
radiodresden.de,GM,16323
thesubtimes.com,US,16322
mancow.com,US,16321
diariolavoz.net,VE,16320
momentoverdadeiro.com,BR,16310
responsesource.com,UK,16307
lasvegasweekly.com,US,16302
modernhealthcare.com,US,16301
ipwatchdog.com,US,16286
1035theeagle.com,US,16284
pradeshtoday.com,IN,16284
clemsontigers.com,US,16267
messagemedia.co,US,16265
windermeresun.com,US,16257
gvnews.com,US,16257
armstrongeconomics.com,US,16246
zone911.com,CA,16234
mtu.gov.ua,UP,16232
quotidianomolise.com,IT,16232
ruzkaindonesia.id,ID,16230
finsmes.com,US,16229
liberationnews.org,US,16226
bringmethenews.com,US,16225
wvua23.com,US,16218
foxradiook.com,US,16213
adozona.hu,HU,16208
elektro.at,AU,16203
houstontexans.com,US,16202
scotusblog.com,US,16199
brookingsregister.com,US,16195
unwire.hk,CH,16194
trtworld.com,RS,16187
kitsapsun.com,US,16185
kbhbradio.com,US,16184
zene.hu,HU,16177
987wink.com,US,16177
tennesseetitans.com,US,16169
globalsistersreport.org,US,16168
kazak-center.ru,RS,16167
muypymes.com,SP,16160
nrhz.de,GM,16147
tvtechnology.com,US,16145
fox8.com,US,16141
1049thewolf.com,US,16134
bariloche2000.com,AR,16133
eltipografo.cl,CI,16132
southwestjournal.com,US,16126
northdallasgazette.com,US,16121
liwwadders.nl,NL,16118
djcoregon.com,US,16116
duke.fm,US,16115
truewestmagazine.com,US,16114
vladtv.com,US,16113
txktoday.com,US,16112
attackofthefanboy.com,US,16111
texasgopvote.com,US,16109
trelleborgsallehanda.se,SW,16107
themoderatevoice.com,US,16100
periodicolaperla.com,US,16099
megamodo.com,IT,16096
977thebay.com,US,16094
fieldofschemes.com,US,16089
aliwaa.com.lb,LE,16086
starmometer.com,RP,16084
statehouse.gov.ng,NI,16081
donaldsonvillechief.com,US,16079
lapauseinfo.fr,FR,16079
catholicregister.org,CA,16072
2merkato.com,ET,16071
princeton.edu,US,16065
tvguide.com,US,16061
mycowichanvalleynow.com,CA,16049
ilcrotonese.it,IT,16033
televisionando.it,IT,16028
baconsrebellion.com,US,16027
mining-technology.com,AS,16011
am1320.com,CA,16006
khabarindia.in,IN,16004
terraeco.net,FR,16003
qantara.de,TU,16002
lesnumeriques.com,FR,16001
lazer1033.com,US,15996
euractiv.de,UP,15996
planetprinceton.com,US,15995
spectrumlocalnews.com,US,15995
wkoa.com,US,15993
infonegocios.biz,UY,15987
consumerelectronicsnet.com,US,15979
israellycool.com,IS,15969
whky.com,US,15966
heraldonline.com,US,15963
wraltechwire.com,US,15963
prensarural.org,CO,15957
kbc.co.jp,JA,15954
ktoy1047.com,US,15937
chto-proishodit.ru,RS,15937
thecharlottepost.com,US,15932
newarkadvocate.com,US,15921
shepherdexpress.com,US,15920
artforum.com,US,15917
canadiandimension.com,CA,15904
hydrocarbonprocessing.com,US,15896
epoli.gr,GR,15888
mediayous.com,KS,15872
europacalcio.it,IT,15871
bigfoot99.com,US,15869
westernkansasnews.com,US,15866
globalatlanta.com,US,15865
racer.com,US,15860
haber10.com,TU,15855
politis.fr,FR,15854
bdg.by,RS,15847
wusf.org,US,15846
mancunianmatters.co.uk,UK,15840
zeriamerikes.com,RS,15840
tennesseelookout.com,US,15837
autoexpress.co.uk,UK,15834
anewscafe.com,US,15834
afribone.com,ML,15816
ktoo.org,US,15813
respekt.cz,RS,15812
republicoftogo.com,TO,15805
chicagomag.com,US,15803
prensalatina.com.br,CU,15802
infoaut.org,IT,15801
diverto.tv,FR,15793
kamcity.com,UK,15791
nuevamujer.com,MX,15785
romaniaregional.ro,RO,15779
vf.se,SW,15774
diariodosertao.com.br,BR,15774
valkeakoskensanomat.fi,FI,15761
defence.pk,ID,15760
vasabladet.fi,FI,15758
myhorrynews.com,US,15756
addisonindependent.com,US,15740
987thebomb.com,US,15739
daytonatimes.com,US,15739
elcomercio.com,EC,15736
marieclaire.co.uk,UK,15728
taimyr24.ru,RS,15725
investorideas.com,US,15723
thequietus.com,UK,15723
radioluna.it,IT,15717
interfm.co.jp,JA,15712
baynews9.com,US,15710
themilitant.com,US,15707
timberjay.com,US,15703
countryliving.com,US,15703
pordenoneoggi.it,IT,15700
vogue.it,IT,15695
libcom.org,US,15694
ranablad.no,NO,15690
pageone.ph,RP,15682
governancenow.com,IN,15680
nuvo.net,US,15679
strumicadenes.mk,MK,15677
alabamanewscenter.com,US,15673
iheartradio.ca,CA,15668
theweek.co.uk,UK,15668
polskieradio24.pl,PL,15668
motorsport.com,US,15660
witf.org,US,15658
wtka.com,US,15657
olbia.it,IT,15657
dirigentesdigital.com,SP,15655
arib.info,BY,15653
thenewstribune.com,US,15652
geo.de,GM,15649
kmintys.lt,LH,15646
mississippitoday.org,US,15640
departures.com,US,15624
lokal26.de,GM,15622
tctelevision.com,EC,15621
marionstar.com,US,15616
foodsafetynews.com,US,15606
gasiantimes.com,US,15606
arnnet.com.au,AS,15605
jaguars.com,US,15594
kentucky.com,US,15589
acrofan.com,US,15588
engadget.com,US,15584
adformatie.nl,NL,15582
pal-item.com,US,15580
dailyfreepress.com,US,15578
condor.cl,GM,15577
brightontoday.ca,CA,15572
885thebeach.com,CA,15570
cruisecritic.com,US,15557
feedstuffs.com,US,15556
albd.org,BG,15555
metro-magazine.com,US,15555
solobike.it,IT,15554
greenvillebusinessmag.com,US,15550
dualshockers.com,JA,15544
virgilio.it,IT,15542
curling.ca,CA,15541
it-business.de,GM,15537
kahawatungu.com,KE,15535
diariosp.com.br,BR,15531
937kcountry.com,US,15527
ysnews.com,US,15526
politicosl.com,SL,15524
statepress.com,US,15519
kiyanonline.ir,IR,15517
posmetro-medan.com,ID,15509
wtbx.com,US,15498
southcoasttoday.com,US,15488
insidethegames.biz,RS,15487
vancouverislandfreedaily.com,CA,15486
h-avis.no,NO,15483
more1049.com,US,15482
fruitnet.com,UK,15480
news.kh.ua,UP,15470
desiblitz.com,IN,15464
finchannel.com,US,15462
tomshardware.com,CH,15460
8points9seconds.com,US,15452
unotv.com,MX,15448
digg.com,US,15436
lamarea.com,SP,15434
udine20.it,IT,15430
novaja.lv,LG,15428
sfreporter.com,US,15426
osterbottenstidning.fi,FI,15424
nhonews.com,US,15422
indianlink.com.au,AS,15415
pembroketoday.ca,CA,15411
islingtontribune.co.uk,UK,15401
outdoornewsdaily.com,US,15399
emtv.com.pg,PP,15394
telefonino.net,IT,15389
chronofhorse.com,US,15386
rrr.org.au,AS,15384
gqindia.com,IN,15380
autobild.de,GM,15376
fayobserver.com,US,15376
swp.de,GM,15376
fethiyetimes.com,TU,15376
explosion.com,US,15376
iwanichi.co.jp,JA,15375
pridesource.com,US,15374
renewableenergyworld.com,US,15368
01net.com,FR,15366
techmoran.com,KE,15366
finanzas.com,SP,15363
columbiatribune.com,US,15363
executivegov.com,US,15361
argentinaforestal.com,AR,15354
kjas.com,US,15353
latrobevalleyexpress.com.au,AS,15343
mmamania.com,US,15334
mondovisione.com,US,15333
tmnews.com,US,15331
7seizh.info,FR,15330
kfqd.com,US,15329
radiomontecarlo.com.uy,UY,15327
armradio.am,AM,15327
inthesetimes.com,US,15326
hannibal.net,US,15323
icenews.is,IC,15319
newsfirst.lk,CE,15313
publishingperspectives.com,US,15302
ualr.edu,US,15297
ngdailynews.ng,NI,15288
shacknews.com,US,15273
mamamia.com.au,AS,15270
businesstraveller.com,UK,15262
reconquista.pt,PO,15261
popmatters.com,US,15254
shenja.tv,MK,15252
artlyst.com,UK,15249
allehanda.se,SW,15247
wjle.com,US,15242
buenosaires.gob.ar,AR,15241
chillicothegazette.com,US,15239
deltadiscovery.com,US,15238
resume.se,SW,15232
crowdfundinsider.com,UK,15230
firehouse.com,US,15215
alray.ps,IS,15209
hendersonvillelightning.com,US,15208
netpress.bi,BY,15205
a-z-animals.com,US,15199
qxmagazine.com,UK,15198
theclinic.cl,CI,15197
www.gov.ie,EI,15191
tor.com,US,15188
radioamanecer.com.ar,AR,15185
nuggetnews.com,US,15175
pakpassion.net,PK,15172
madamenoire.com,US,15171
carandbike.com,IN,15159
advanced-television.com,UK,15157
beaver1003.com,US,15154
kmch.com,US,15151
kfm.co.ug,UG,15149
ondarock.it,IT,15143
scienceblog.com,US,15143
river105.com,US,15138
evanstonnow.com,US,15136
publics.bg,BU,15136
rotter.net,IS,15134
inforos.ru,RS,15131
danas.hr,HR,15127
ktla.com,US,15116
energy-storage.news,US,15112
lawfuel.com,US,15110
cooperativa.cl,CI,15108
texasstandard.org,US,15104
zanesvilletimesrecorder.com,US,15101
capecod.com,US,15098
radionova.fi,FI,15093
bug.hr,HR,15085
hadeland.no,NO,15083
cine21.com,KS,15073
travelo.hu,HU,15071
citylimits.org,US,15071
dailytarheel.com,US,15068
corrieredelsud.it,IT,15051
linns.com,US,15049
mccookgazette.com,US,15048
103weup.com,US,15048
swxlocalsports.com,US,15047
theinertia.com,US,15046
985fm.ca,CA,15033
fleetnews.co.uk,UK,15030
investmentweek.co.uk,UK,15026
piacenza24.eu,IT,15026
imbc.com,KS,15023
mcknights.com,US,15009
ggwash.org,US,15001
belgrade-news.com,US,15000
pugliainfesta.it,IN,14999
akron.com,US,14999
lawrencekstimes.com,US,14998
969wsig.com,US,14994
civilserviceworld.com,UK,14992
marketrealist.com,US,14979
lightreading.com,US,14978
athleticsweekly.com,UK,14972
strill.it,IT,14972
balticbusinessnews.com,CH,14964
ilpaesenuovo.it,IT,14961
republikein.com.na,WA,14961
alraimedia.com,KU,14956
baghdad-times.net,IZ,14940
mybighornbasin.com,US,14937
petapixel.com,US,14935
chaffeecountytimes.com,US,14935
starexponent.com,US,14923
irishdentist.ie,IT,14922
kan.org.il,IS,14920
dispatchlive.co.za,SF,14916
wbhm.org,US,14915
fairmontsentinel.com,US,14913
columbia.co.cr,CS,14912
komputerswiat.pl,PL,14906
pharmacytimes.com,US,14903
vietreader.com,VM,14895
pv-magazine.com,CH,14889
zipnews.it,IT,14887
mainstreamweekly.net,IN,14887
pressonline.al,AL,14883
housebeautiful.com,US,14882
castlegarsource.com,CA,14882
nationalhogfarmer.com,US,14879
proycontra.com.pe,PE,14864
uwyo.edu,US,14860
pittsburghmagazine.com,US,14846
huewire.com,IS,14846
ndsmcobserver.com,US,14845
tvnet.lv,LG,14844
wivk.com,US,14843
rtands.com,US,14843
wrco.com,US,14832
ahaonline.cz,EZ,14828
mvtelegraph.com,US,14828
egyptwindow.net,IS,14825
tcbmag.com,US,14818
netindian.in,IN,14817
theothermccain.com,US,14810
peopleenespanol.com,MX,14802
ha-halden.no,NO,14801
dvidshub.net,US,14799
winetitles.com.au,AS,14797
habseyesontheprize.com,CA,14784
kuvo.org,US,14781
louisianaradionetwork.com,US,14781
harjuelu.ee,EN,14779
thatballsouttahere.com,US,14779
goodplanet.info,FR,14773
afrique-asie.fr,IS,14768
crtv.cm,CM,14754
sputniknews.jp,JA,14753
greaterbelize.com,BH,14749
kisswtlz.com,US,14748
mix1069.com,US,14747
appleinsider.com,US,14745
wsj.com,US,14744
aletihad.ae,IS,14740
kingfut.com,EG,14740
dampress.net,SY,14738
mdn.co.jp,JA,14734
marketingmagazin.si,SI,14733
banki.ru,RS,14732
costaricantimes.com,CS,14731
mainedoenews.net,US,14727
alobacsi.com,VM,14723
wcoapensacola.com,US,14720
exbulletin.com,US,14717
instalki.pl,PL,14716
businesstech.co.za,SF,14712
crimeonline.com,US,14711
fdpradio.com,MX,14706
mainevalleypost.com,EI,14698
cuyonoticias.com,AR,14687
adworld.ie,EI,14685
spin.com,US,14674
ccjdigital.com,US,14668
ok-magazin.de,GM,14665
marigliano.net,IT,14662
nflmocks.com,US,14660
diariolongino.cl,CI,14653
caranddriver.com,US,14650
winespectator.com,US,14645
dailykos.com,US,14641
kutv.com,US,14640
african.business,NI,14627
sunset.com,US,14623
commodityonline.com,IN,14623
ksn.com,US,14620
ostbelgiendirekt.be,BE,14618
jazzforum.com.pl,PL,14618
cerescourier.com,US,14612
afrik.com,MO,14600
floridagators.com,US,14588
dailysun.co.za,SF,14585
montraykreyol.org,FR,14579
lodinews.com,US,14579
q108.com,US,14577
9am.ro,RO,14570
federnuoto.it,IT,14570
ntxe-news.com,US,14568
vicksburgpost.com,US,14565
tsnn.com,US,14562
seattlemet.com,US,14556
elfvoetbal.nl,NL,14551
bjp.org,IN,14549
battlecreekenquirer.com,US,14534
river1037.com,US,14532
thecheyennepost.com,US,14527
canadianarchitect.com,CA,14516
weeklyworker.co.uk,IS,14513
lakeplacidnews.com,US,14512
lardennais.fr,IS,14508
theindependent.sg,SN,14507
lunion.fr,FR,14506
timesonline.com,US,14505
timesrecordnews.com,US,14502
asteriscos.tv,AR,14500
guitarworld.com,US,14498
fastmarkets.com,CH,14497
montanaoutdoor.com,US,14487
argus-press.com,US,14486
advertology.ru,RS,14480
xportsnews.com,KS,14478
koreastardaily.com,KS,14472
sfltimes.com,US,14471
fiorentina.it,IT,14470
kmxs.com,US,14466
country94.ca,CA,14465
7x7.com,US,14463
nationofchange.org,US,14463
gazeta.ee,EN,14462
spc.rs,RB,14459
wktn.com,US,14459
stimson.org,US,14455
rusmarka.ru,RS,14454
solarpowerportal.co.uk,UK,14448
worldboxingnews.net,US,14444
ruv.is,IC,14442
mymcmedia.org,US,14441
altreconomia.it,IT,14438
bnn-news.ru,RS,14436
mehrnews.com,IR,14436
rtvs.sk,LO,14435
classa.bg,RS,14420
ipsnews.net,IS,14418
chip.pl,CH,14409
elbalad.news,EG,14405
jamaicans.com,JM,14404
businessinsider.co.za,RS,14403
carolinapublicpress.org,US,14397
fastcasual.com,US,14394
notiziediprato.it,IT,14385
texasredzonereport.com,US,14377
evfleetworld.co.uk,UK,14374
arvopaperi.fi,FI,14372
republicworld.com,IN,14372
kansas.com,US,14370
wfla.com,US,14368
neomedia.com,CA,14351
cashboxcanada.ca,CA,14348
sfbayview.com,US,14347
firstcomicsnews.com,US,14346
boxingnewsonline.net,UK,14346
mbaretimes.com,ZI,14345
marieclaire.it,IT,14343
fm1077.ca,CA,14342
thetruthaboutcars.com,US,14337
just-auto.com,CH,14333
razonpublica.com,CO,14333
abruzzolive.it,IT,14329
duke.edu,US,14322
latamnews.lat,RS,14321
4bc.com.au,AS,14317
charismanews.com,US,14314
turkmenistan.ru,TX,14313
cajnewsafrica.com,SF,14312
positivelyfilipino.com,RP,14306
t3.com,UK,14306
circlevilleherald.com,US,14305
malaysia-today.net,MY,14304
wgil.com,US,14303
sa.no,NO,14303
atlantico.fr,FR,14294
current.org,US,14292
telanganatoday.com,IN,14289
kiowacountypress.net,US,14289
senalalternativa.com,PE,14287
northeastern.edu,US,14280
cbc.bb,BB,14278
skipr.nl,NL,14273
uwgb.edu,US,14268
nashuatelegraph.com,US,14266
2gb.com,AS,14259
dukechronicle.com,US,14256
wordpress.com,GR,14255
zilinskyvecernik.sk,LO,14254
medcitynews.com,US,14252
groundviews.org,CE,14246
reporter-times.com,US,14238
comicbookmovie.com,US,14238
lest-eclair.fr,IS,14236
deejay.it,IT,14235
dekoder.org,RS,14235
poncapost.com,US,14234
kv.no,NO,14233
pudahuel.cl,CI,14226
swtimes.com,US,14225
priyo.com,BG,14224
uli.org,US,14222
ambitur.pt,PO,14215
cicloweb.it,IT,14214
eliberico.com,UK,14213
sixactualites.fr,FR,14212
diariodeportes.com.co,CO,14210
jlstnet.net,CH,14208
figyelo.hu,HU,14203
country105.com,CA,14197
wltz.com,US,14196
bfi.org.uk,UK,14196
e-vestnik.bg,RS,14191
ballstatedaily.com,US,14189
hiphopwired.com,US,14187
baltimorebeatdown.com,US,14175
dailynigerian.com,NI,14162
diariodearaxa.com.br,BR,14157
laprovinciadilecco.it,IT,14156
historyextra.com,UK,14156
renfrewtoday.ca,CA,14148
maxicep.com,CH,14148
telewizjarepublika.pl,UP,14144
alarabiya.net,RS,14138
webmagazine24.it,IT,14136
section215.com,US,14134
roadandtrack.com,US,14132
wisc.edu,US,14130
rbj.net,US,14128
spacing.ca,CA,14125
tnp.sg,SN,14117
freestonecountytimesonline.com,US,14107
kmfm.co.uk,UK,14106
newsbytes.ph,RP,14102
princetonol.com,US,14094
ilcentro.it,IT,14093
lajornadanet.com,US,14092
conference-news.co.uk,UK,14092
wkrn.com,US,14091
superbike-news.co.uk,UK,14082
radioinfo.com.au,AS,14066
programme-tv.net,FR,14066
paulgravett.com,US,14058
ksjbam.com,US,14056
climbingtalshill.com,US,14056
canadianimmigrant.ca,CA,14055
seapowermagazine.org,US,14055
fortbendstar.com,US,14051
hampshirereview.com,US,14048
scoopnews.in,IN,14045
lombardiave.com,US,14044
yicaiglobal.com,CH,14041
thueringen.de,GM,14036
bizneworleans.com,US,14032
chronogram.com,US,14029
eagle1023fm.com,US,14025
sonnenseite.com,GM,14021
informativenews.co.ls,LT,14017
ystadsallehanda.se,SW,14014
collegian.com,US,14008
trussvilletribune.com,US,14006
eastasiaforum.org,CH,14005
worldoffinewine.com,FR,14000
arbresh.info,KV,13998
mauritiustimes.com,MP,13986
businesswireindia.com,IN,13984
phonandroid.com,FR,13981
noticiasyprotagonistas.com,AR,13975
abruzzoindependent.it,IT,13969
ripplesnigeria.com,NI,13965
wvlnam.com,US,13964
baigenews.kz,KZ,13963
wrur.org,US,13959
delano.lu,LU,13957
notiziescientifiche.it,IT,13953
thebengalitimes.com,BG,13952
alarab.co.il,IS,13948
gry-online.pl,PL,13945
hawaamagazine.com,EG,13940
wincountry.com,US,13939
infodimanche.com,CA,13937
volgasib.ru,RS,13934
laopinionpergamino.com.ar,AR,13931
newtondailynews.com,US,13929
pourquoidocteur.fr,FR,13927
prestigeonline.com,US,13925
kark.com,US,13925
spicenews.com.au,AS,13925
malaysiaindru.my,MY,13924
automotivebusiness.com.br,BR,13921
progressivegrocer.com,US,13917
wfuv.org,US,13911
thesmartlocal.com,SN,13908
gezelim.com,TU,13908
mincultura.gov.co,CO,13904
auraavis.no,NO,13903
uk.com,UK,13899
corren.se,SW,13894
te.gob.mx,MX,13891
lsa-conso.fr,FR,13888
libyaherald.com,LY,13881
guatemala.gob.gt,GT,13875
thenewportbuzz.com,US,13869
linkezeitung.de,RS,13865
etftrends.com,CH,13861
star-fm.gr,GR,13859
rb.no,NO,13858
sierrawave.net,US,13854
vooremaa.ee,EN,13853
tiranatimes.com,AL,13852
hastingstribune.com,US,13841
calaverasenterprise.com,US,13838
shawlocal.com,US,13835
igamingbusiness.com,US,13832
polsatnews.pl,UP,13831
elboletin.com,SP,13830
todayshomeowner.com,US,13826
batiweb.com,FR,13826
wlbt.com,US,13814
hakolhayehudi.co.il,IS,13814
thedmonline.com,US,13789
madagascar-tribune.com,MA,13786
leganerd.com,IT,13783
todomercadoweb.es,SP,13782
akadera.bialystok.pl,PL,13773
fpoe.at,AU,13769
adventistreview.org,US,13766
chieftain.com,US,13761
pmi.it,IT,13760
ko.com.ua,UP,13757
haberinmarkasi.com,TU,13742
magnoliastatelive.com,US,13738
baublatt.ch,SZ,13736
radiortm.it,IT,13725
balochwarna.com,PK,13713
lenews.ch,SZ,13705
movieplayer.it,IT,13702
newsgo.it,IT,13700
lavocedivenezia.it,IT,13699
persinfo.org,BE,13695
dotchuoinon.com,VM,13691
civilsociety.co.uk,UK,13690
montgomery-herald.com,US,13686
oane.ws,RS,13680
insideselfstorage.com,US,13679
newcriterion.com,US,13675
fm99.com,US,13674
24.hu,HU,13671
vava8.com,CH,13670
worldoil.com,US,13659
montereycountynow.com,US,13659
thejetpress.com,US,13658
primetimer.com,US,13654
laction.com,CA,13652
forcechange.com,US,13651
illinoisstate.edu,US,13647
boxden.com,US,13643
artsakhpress.am,AJ,13637
eurasianet.org,RS,13636
addictedtoquack.com,US,13636
tayga.info,RS,13632
calcoastnews.com,US,13631
sanjuanjournal.com,US,13625
diarioelpueblo.com.uy,UY,13620
techcentral.ie,EI,13616
rtl.lu,PK,13613
931kmkt.com,US,13612
scarletandgame.com,US,13608
stampedeblue.com,US,13602
hhk.am,AM,13598
mtanzania.co.tz,TZ,13592
sina.com,CH,13588
newsweekpakistan.com,PK,13588
dailyiowan.com,US,13587
wimsradio.com,US,13580
yenicag.az,RS,13574
dunkingwithwolves.com,US,13571
avclub.com,US,13567
shankennewsdaily.com,US,13567
charivari.de,GM,13566
pcusa.org,US,13562
bradblog.com,US,13562
981theriver.com,US,13562
stnonline.com,US,13560
gouvernement.lu,LU,13558
cruiseindustrynews.com,US,13558
spektrum.de,GM,13555
proceso.com.do,DR,13549
egcitizen.com,US,13549
camaradojapao.org.br,BR,13547
vallartadaily.com,MX,13547
monitor.hr,HR,13547
keyzradio.com,US,13543
takimag.com,US,13529
harpers.org,US,13527
lagruyere.ch,SZ,13525
marshallnewsmessenger.com,US,13524
gu.com.pl,PL,13519
mainstreetnews.com,US,13517
chipchick.com,US,13513
wastedive.com,US,13513
healthcaredive.com,US,13509
tenthamendmentcenter.com,US,13507
channellife.com.au,AS,13504
federaltimes.com,US,13504
myzimbabwe.co.zw,ZI,13503
human-wrongs-watch.net,IS,13502
privredni.hr,HR,13492
blackoutdallas.com,US,13487
tadias.com,ET,13486
marketing-interactive.com,SN,13483
fox2now.com,US,13479
cartermatt.com,US,13476
newcanaanite.com,US,13476
independentmail.com,US,13472
normanno.com,IT,13467
tag911.ae,AE,13465
ogginotizie.it,IT,13457
bb.is,IC,13456
flamman.se,SW,13456
echl.com,US,13454
soaktuell.ch,SZ,13451
cntraveler.com,US,13449
windsorite.ca,CA,13447
dcomercio.com.br,BR,13443
ipreunion.com,FR,13440
windaction.org,US,13428
piacesprofit.hu,HU,13425
teknoblog.ru,RS,13421
stockhouse.com,US,13411
toscananews.net,IT,13407
eer.ru,RS,13405
the961.com,LE,13404
theartsdesk.com,UK,13397
businessimmo.com,FR,13393
retaildive.com,US,13390
q101online.com,US,13385
blackheartgoldpants.com,US,13384
serienjunkies.de,GM,13381
southsideweekly.com,US,13378
ladaonline.ru,RS,13377
multihousingnews.com,US,13376
thedailynewnation.com,BG,13374
newportdispatch.com,US,13370
aerztezeitung.de,GM,13357
orfonline.org,IN,13355
lecourrierdusud.ca,CA,13348
telluridenews.com,US,13345
osttirol-heute.at,AU,13341
kobinet-nachrichten.org,GM,13340
otr-online.ru,RS,13337
giants.com,US,13337
tynmagazine.com,MX,13335
ukrweekly.com,UP,13329
whvoradio.com,US,13323
louisianarecord.com,US,13323
sowetan.co.za,SF,13315
harakahdaily.net,MY,13309
fodors.com,US,13308
journalisten.dk,DA,13303
aberdeennews.com,US,13300
theacorn.com,US,13300
thepampanews.com,US,13297
motor.ru,RS,13297
e.gov.kw,KU,13296
suindependent.com,US,13291
alamosanews.com,US,13287
mod.go.ke,KE,13286
lawyersweekly.com.au,AS,13284
pescanik.net,RI,13283
ziaruldeolt.ro,RO,13269
elagora.com.mx,MX,13260
businessday.ng,NI,13253
srzd.com,BR,13251
palukitv.pl,PL,13251
airalamo.com,US,13248
lsionline.com,UK,13245
nwab.ru,RS,13244
hoopshype.com,US,13244
kentuckylantern.com,US,13232
wpri.com,US,13232
nowagazeta.pl,PL,13229
thewillnews.com,NI,13222
wjmi.com,US,13220
catholicphilly.com,US,13216
boulderjewishnews.org,IS,13216
lvb.com,US,13215
amta.no,NO,13209
law.by,BO,13209
eastlondonlines.co.uk,UK,13208
freedom95.us,US,13206
mirf.ru,RS,13202
heraldnews.com,US,13197
nationalmortgageprofessional.com,US,13197
kq2.com,US,13196
spartanavenue.com,US,13196
northernminer.com,CA,13195
howng.com,NI,13194
asianpacificpost.com,CA,13190
thecoldwire.com,US,13187
wausaupilotandreview.com,US,13186
woz.ch,SZ,13184
coshoctontribune.com,US,13173
knn.co.kr,KS,13163
stanford.edu,US,13162
nfl.com,US,13161
parents.fr,FR,13161
kicksonfire.com,JO,13159
eacourier.com,US,13147
xxlmag.com,US,13147
inquisitr.com,US,13146
beyondtheflag.com,US,13143
biometricupdate.com,US,13139
propertywire.com,UK,13137
mycariboonow.com,CA,13135
crisismagazine.com,US,13131
oxfordamerican.org,US,13129
manchesterinklink.com,US,13117
1017chuckfm.com,US,13115
smmirror.com,US,13114
dailyillini.com,US,13113
kornradio.com,US,13103
traverseticker.com,US,13099
ufl.edu,US,13099
blufftontoday.com,US,13095
maizenbrew.com,US,13093
the74million.org,US,13092
1090kaay.com,US,13089
startupi.com.br,BR,13079
sonomanews.com,US,13076
ballot-access.org,US,13069
soapcentral.com,US,13064
elektroniknet.de,GM,13060
huntnewsnu.com,US,13059
2duerighe.com,IT,13058
thecoastnews.com,US,13050
navajotimes.com,US,13049
wbtmdanville.com,US,13043
tnlivenews.in,UP,13041
hoodline.com,US,13037
info-war.gr,IS,13034
bilan.ch,SZ,13031
lamiafinanza.it,IT,13030
pulitzercenter.org,US,13028
itromso.no,NO,13027
calculatedriskblog.com,US,13013
thesheridanpress.com,US,13013
cyprus-property-buyers.com,CY,13009
thecattlesite.com,US,13005
kesknadal.ee,EN,13000
meatpoultry.com,US,12996
power1069fm.com,US,12995
skyhinews.com,US,12995
denverbroncos.com,US,12992
budstikka.no,NO,12990
domain-b.com,IN,12988
atv.pe,PE,12987
news-bulletin.com,US,12977
wqcmfm.com,US,12976
quotenet.nl,NL,12973
blufftonicon.com,US,12969
meedia.de,GM,12967
pressboxonline.com,US,12964
icirnigeria.org,NI,12961
nhmagazine.com,US,12960
guineaecuatorialpress.com,GV,12958
carsguide.com.au,AS,12956
americaeconomia.com,MX,12956
thebull.com.au,AS,12956
autoconnectedcar.com,US,12955
nhpbs.org,US,12954
diymag.com,UK,12952
nwestiowa.com,US,12951
sgn.org,US,12948
elplaneta.com,US,12946
italnews.info,IT,12940
oekonews.at,AU,12939
loscerritosnews.net,US,12938
mixmag.net,UK,12935
republicaneagle.com,US,12935
easy93.com,US,12929
vientianetimes.la,LA,12926
ippmedia.com,TZ,12923
973kkrc.com,US,12918
moderndiplomacy.eu,RS,12911
crosscut.com,US,12909
stadtradio-goettingen.de,GM,12906
q95fm.net,US,12906
wits.ac.za,SF,12905
velonews.com,FR,12900
palatinate.org.uk,UK,12896
poliziadistato.it,IT,12894
bivol.bg,BU,12893
periodicotribuna.com.ar,AR,12892
sciencesetavenir.fr,FR,12890
cuindependent.com,US,12886
barlettaviva.it,IT,12885
nemzetisport.hu,HU,12884
agoramagazine.it,IT,12882
pandct.com,UK,12881
financialmirror.com,CY,12880
indiacurrents.com,IN,12877
sb.no,NO,12877
thehansindia.com,IN,12877
estonianworld.com,EN,12877
hamlethub.com,US,12868
sgzt.com,RS,12866
brief.pl,PL,12859
brushnewstribune.com,US,12859
teleantioquia.co,CO,12856
westchestermagazine.com,US,12856
ca.gov,US,12852
retro1025.com,US,12845
montanakaimin.com,US,12842
udel.edu,US,12838
prim.hu,HU,12836
iftn.ie,EI,12834
rappnews.com,US,12828
hoosierstateofmind.com,US,12827
joq-albania.com,AL,12824
albawaba.net,IS,12820
ilonggotechblog.com,RP,12820
topnews.com.br,BR,12816
eurasiantimes.com,RS,12814
hubcityradio.com,US,12813
amherstbulletin.com,US,12811
ptleader.com,US,12806
kxan.com,US,12806
theherald.co.za,SF,12804
ftm.nl,NL,12802
cseppek.hu,HU,12801
bryancountynews.com,US,12799
cornellsun.com,US,12797
wyshradio.com,US,12790
thepublicopinion.com,US,12790
peopleapp.com,CH,12778
cbn.co.za,SF,12775
osen.co.kr,KS,12771
swnewsmedia.com,US,12769
eadaily.com,RS,12765
libyaobserver.ly,LY,12748
kitco.com,CH,12734
sam.gov.lv,LG,12733
inmediahk.net,HK,12730
rightwingnews.com,US,12729
maritimeprofessional.com,US,12729
nexotrans.com,SP,12728
econews.com.au,AS,12723
constructionenquirer.com,UK,12720
corrierediragusa.it,IT,12720
knlvradio.com,US,12717
rollingstone.it,IT,12716
thedailycougar.com,US,12714
galatasaray.org,TU,12713
thebeacon.net,US,12712
thewatcherpost.it,IT,12712
ydr.com,US,12709
blikopnieuws.nl,NL,12707
deathpenaltyinfo.org,US,12703
alberta.ca,CA,12696
nawaret.com,EG,12696
tempi.it,IT,12696
1015thehawk.com,CA,12693
hot967fm.com,US,12692
svensktnaringsliv.se,SW,12690
indusage.com.au,IN,12688
thomasnet.com,US,12685
intermatwrestle.com,US,12683
williamsondailynews.com,US,12678
newswatchman.com,US,12677
thisisreno.com,US,12677
ksgf.com,US,12672
localmatters.co.nz,NZ,12672
universityworldnews.com,US,12671
yuksekovahaber.com.tr,TU,12671
monumental.co.cr,RS,12669
thecitypaperbogota.com,CO,12660
adige.tv,IT,12660
novatv.mk,MK,12659
livingstondaily.com,US,12654
lasemaineduroussillon.com,FR,12653
thesuntimes.com,US,12651
2ec.com.au,AS,12651
silwanic.net,IS,12646
laagendalsposten.no,NO,12641
wnky.com,US,12639
thepoultrysite.com,US,12639
tapeop.com,US,12638
milb.com,US,12636
lovetherebel.com,VM,12634
freightwaves.com,US,12633
e-nepujsag.ro,RO,12632
viterbonews24.it,IT,12630
amazinavenue.com,US,12623
wwisradio.com,US,12623
38north.org,KN,12613
laut.de,GM,12612
etribuna.com,IT,12611
seenews.com,BU,12610
autonews.fr,FR,12606
combatpress.com,US,12603
sobesednik.ru,RS,12602
cnbctv18.com,IN,12576
topic.ie,EI,12570
am1170theanswer.com,VM,12568
989xfm.ca,CA,12563
mojo1029.com,US,12563
blessyouboys.com,US,12560
houstonianonline.com,US,12554
jpnews-sy.com,SY,12549
radioitalia.it,IT,12548
dcourier.com,US,12544
almadenahnews.com,JO,12543
breakingtravelnews.com,US,12537
sitioandino.com.ar,AR,12535
nsctotal.com.br,BR,12533
yanksgoyard.com,US,12533
zwnews.com,ZI,12530
country1029wkik.com,US,12528
klartale.no,NO,12517
scetv.org,US,12516
etilaf.org,SY,12515
coindesk.com,US,12511
yallpolitics.com,US,12505
oilreview.kiev.ua,UP,12504
grandprix247.com,US,12504
hiiuleht.ee,EN,12503
americanprogress.org,US,12501
7dias.com.do,US,12501
sunherald.com,US,12500
kbsworld.ne.jp,KS,12496
rtklive.com,KV,12495
volumeone.org,US,12494
alandstidningen.ax,SW,12494
theweathernetwork.com,CA,12487
bakeryinfo.co.uk,UK,12484
wakg.com,US,12480
dhakamirror.com,BG,12476
1075zoofm.com,US,12472
dzfoot.com,AG,12469
juridicas.com,SP,12468
republicmonews.com,US,12467
theleadernews.com,US,12467
minci.gob.ve,VE,12458
mdtheatreguide.com,US,12452
vandaliaradio.com,US,12451
futurity.org,US,12450
hospitalitydesign.com,US,12448
icihaiti.com,HA,12442
mix1063.com,US,12439
logandaily.com,US,12438
lrb.co.uk,UK,12432
nortelitoral.tv,PO,12430
virginradio.co.uk,UK,12430
uga.edu,US,12424
pasienis.lt,LH,12421
blackhillsfox.com,US,12419
kentreporter.com,US,12419
kommunal-rapport.no,NO,12418
vsin.com,US,12418
fox59.com,US,12417
publish.ru,RS,12409
joburg.org.za,SF,12406
lonestarball.com,US,12398
theblacksheartimes.com,US,12398
printweek.com,UK,12397
coastalcourier.com,US,12397
magic106.com,CA,12395
sport5.co.il,IS,12394
sunny923.com,US,12392
madinamerica.com,US,12386
mmafighting.com,US,12377
mynorth.com,US,12370
renewableenergymagazine.com,UK,12370
neshobademocrat.com,US,12364
irr.org.za,SF,12362
petroleumnews.com,US,12359
daily-jeff.com,US,12349
numero.com,FR,12343
furninfo.com,US,12341
canadiancattlemen.ca,CA,12341
journalisten.no,NO,12338
shetlandtimes.co.uk,UK,12337
roymorgan.com,AS,12336
guatevision.com,GT,12335
itechpost.com,US,12334
goldrushcam.com,US,12332
haber46.com.tr,TU,12331
gazzettadasti.it,IT,12330
prweek.com,US,12327
parsippanyfocus.com,US,12322
thenelsondaily.com,CA,12321
baylorlariat.com,US,12321
yasemin.com,TU,12311
theeconomiccollapseblog.com,US,12309
bnonews.com,US,12302
glomdalen.no,NO,12299
theprogressnews.com,US,12297
tvfanatic.com,US,12297
coinspeaker.com,US,12295
radiotoday.co.uk,UK,12294
outdoorhub.com,US,12293
broadcastnow.co.uk,UK,12287
3blmedia.com,US,12284
diarionecochea.com,AR,12284
elperiodico.com.gt,GT,12275
1065thearch.com,US,12273
nistori.com,KV,12268
harborcountry-news.com,US,12267
wrjo.com,US,12267
vsp.ru,RS,12266
nortenosa.com,US,12262
wfls.com,US,12256
futbolsapiens.com,MX,12252
michigancapitolconfidential.com,US,12242
elpueblodigital.uy,UY,12242
byu.edu,US,12233
raptorsrapture.com,CA,12233
majalla.com,IS,12232
poconorecord.com,US,12225
idiva.com,IN,12219
gol.mk,MK,12217
touteleurope.eu,FR,12215
woay.com,US,12215
rds.it,IT,12215
rivernewsonline.com,US,12212
nikkei.co.jp,JA,12210
zlin.cz,EZ,12209
coosavalleynews.com,US,12209
netnoticias.mx,MX,12208
sinarharian.com.my,MY,12206
apartmenttherapy.com,US,12205
fortsaskonline.com,CA,12203
theboar.org,UK,12201
kgns.tv,US,12201
standardnewswire.com,US,12199
alwatwan.net,CN,12185
ironcountytoday.com,US,12182
tvvisie.be,NL,12180
marylandmatters.org,US,12177
larepublica.net,CS,12177
itnews.com.au,AS,12175
defonline.com.ar,AR,12175
groningerkrant.nl,NL,12170
globedia.com,US,12169
utahstories.com,US,12168
kababachir.com,GV,12168
herald.ng,NI,12162
interviewmagazine.com,US,12161
riverfronttimes.com,US,12160
westsidetoday.com,US,12158
themississippilink.com,US,12152
cronacamilano.it,IT,12149
comicsbeat.com,US,12147
mixx993.com,US,12139
mittelrhein-tageblatt.de,GM,12139
kevinmd.com,US,12132
geopolitika.ru,RS,12132
thedrum.com,UK,12130
grantcountybeat.com,US,12128
1025wowcountry.com,US,12124
jica.go.jp,JA,12122
dinajpur24.com,BG,12121
lifehacker.com,US,12117
motor1.com,US,12106
insideretail.asia,CH,12105
zmescience.com,US,12103
bakingbusiness.com,US,12102
morrowcountysentinel.com,US,12099
qlwb.com.cn,CH,12098
bobfm.co.uk,UK,12094
thepienews.com,UK,12090
wajr.com,US,12089
bundestag.de,GM,12084
hot97.com,US,12082
mk.co.kr,KS,12081
ckaj.org,CA,12077
ipolitics.ca,CA,12077
raja.fi,FI,12063
andovertownsman.com,US,12062
whidbeynewstimes.com,US,12058
donanimgunlugu.com,TU,12052
batimes.com.ar,AR,12048
napi.hu,HU,12048
umanitanova.org,IT,12044
nbc11news.com,US,12043
businessreport.com,US,12040
shortlist.com,UK,12035
olbianova.it,IT,12034
ointerior.pt,PO,12033
heartfm.ca,CA,12030
checkyourfact.com,US,12029
hawaiimagazine.com,US,12027
icaew.com,UK,12021
redaccionrosario.com,AR,12019
elobservatodo.cl,CI,12014
macitynet.it,IT,12013
unocha.org,IS,12012
wilmingtonbiz.com,US,12011
demingheadlight.com,US,12009
hachettebookgroup.com,US,12008
msu.edu,US,12008
puckettspond.com,US,12006
polandsun.com,UP,12004
etesol.edu.vn,VM,11998
wkne.com,US,11989
illinoispolicy.org,US,11988
actualidadtdf.com.ar,AR,11988
thegamenashville.com,US,11980
businessweekly.co.uk,UK,11978
lcp.fr,FR,11976
napaneetoday.ca,CA,11969
prnewswire.co.uk,US,11964
themagazineantiques.com,US,11961
pulsopolitico.com.mx,MX,11958
textileworld.com,US,11957
vientianetimes.org.la,LA,11952
praise933.com,US,11940
telva.com,SP,11925
houmatimes.com,US,11911
hawaii.edu,US,11911
goodfood.com.au,AS,11909
thirdsector.co.uk,UK,11909
purdue.edu,US,11905
newsburger.de,GM,11902
auto.cz,EZ,11900
aina.org,IZ,11899
rock107.com,US,11894
hcplive.com,US,11891
happyghana.com,GH,11889
news.lk,CE,11885
iharare.com,ZI,11885
hardwoodparoxysm.com,IT,11883
bisnow.com,US,11881
kbrx.com,US,11877
wnct.com,US,11871
921wlhr.com,US,11862
yesmagazine.org,US,11854
advertisernewssouth.com,US,11852
statehousereport.com,US,11851
919thebend.ca,CA,11851
gcnews.com,US,11849
abc27.com,US,11844
switzer.com.au,AS,11841
haitian-truth.org,HA,11840
moslenta.ru,RS,11833
mix1005.fm,US,11831
hotspotatl.com,US,11827
loganbanner.com,US,11826
rocksound.tv,UK,11825
southernillinoisnow.com,US,11819
turkishweekly.net,RS,11816
1073wrsw.com,PL,11815
asambleanacional.gob.ve,VE,11811
covnews.com,US,11811
siliconera.com,JA,11802
pixnet.net,CH,11801
snopes.com,US,11788
actualcomment.ru,RS,11788
nyan.ax,FI,11782
969therock.com,US,11781
getreligion.org,US,11778
justicaemfoco.com.br,BR,11777
gijotina.com,AL,11774
uintacountyherald.com,US,11773
senat.gov.pl,PL,11769
tctimes.com,US,11769
1065thebuzz.com,US,11759
comune.genova.it,IT,11758
swimmingworldmagazine.com,US,11753
praew.com,TH,11753
kamuajans.net,TU,11746
formula1.com,AS,11739
insidebitcoins.com,US,11739
oujdacity.net,MO,11737
thebogotapost.com,CO,11737
929zzu.com,US,11735
ktgr.com,US,11734
etnow.com,UK,11731
examiner.org,US,11726
hillpost.in,IN,11719
wccftech.com,CH,11712
prva.rs,RI,11708
gwhatchet.com,US,11708
mariestadstidningen.se,SW,11707
mix929.com,US,11707
kdwn.com,UP,11699
wjr.com,US,11687
dt.no,NO,11683
tomshw.it,IT,11683
coladaily.com,US,11680
smetimes.in,IN,11679
lgfocus.com.au,AS,11678
agweb.com,US,11677
presidencia.gov.py,PA,11676
geograph.org.uk,UK,11674
baytownsun.com,US,11673
southwhidbeyrecord.com,US,11670
cornell.edu,US,11669
govinfosecurity.com,US,11667
australianageingagenda.com.au,AS,11662
icatholic.org,US,11660
theaviationist.com,US,11654
casertace.net,IT,11652
tigersroar.com,US,11651
aostaoggi.it,IT,11649
alwatannews.net,BA,11649
aviationweek.com,US,11649
infocanuelas.com,AR,11647
kodansha.co.jp,JA,11645
taloustaito.fi,FI,11645
kvpionline.com,US,11644
nbc29.com,US,11639
utne.com,US,11637
rrstar.com,US,11633
jawharafm.net,TS,11632
lemondeinformatique.fr,FR,11626
flatheadbeacon.com,US,11624
org.ru,RS,11621
agenpress.it,IT,11621
valleyofthesuns.com,US,11614
diariodominho.pt,PO,11610
groove993.com,US,11610
journaldeleconomie.fr,FR,11606
theplanetweekly.com,US,11604
diario4v.com,AR,11604
fm1069.ca,CA,11603
trv-science.ru,RS,11602
mmm-online.com,US,11600
jewishlink.news,IS,11591
eunews.it,BE,11587
cuinsight.com,US,11586
everettindependent.com,US,11576
business24bd.com,BG,11572
nova.bg,BU,11568
healthcarefinancenews.com,US,11564
tamtaminfo.com,NG,11561
lancastereaglegazette.com,US,11561
satnews.com,US,11557
wifc.com,US,11549
vozdaplanicie.pt,PO,11548
soldionline.it,IT,11544
qualenergia.it,IT,11542
barrigaverde.net,RS,11541
uiargonaut.com,US,11541
isabadell.cat,SP,11541
jewishjournal.com,IS,11538
yabloko.ru,RS,11536
progressive.org,US,11535
totalcar.hu,HU,11534
riograndesun.com,US,11525
cjoy.com,CA,11524
townandcountrytoday.com,CA,11519
frekvence1.cz,EZ,11510
gcmaz.com,US,11508
retten.no,NO,11508
jtv.com,CA,11506
alkhaleej.ae,RS,11499
racexpress.nl,NL,11497
grandhaventribune.com,US,11496
bolgedenhaber.com,TU,11493
matr.net,US,11490
fairobserver.com,US,11486
almasalla.travel,EG,11485
lincolntimesnews.com,US,11484
nordstjernan.com,SW,11481
unionjalisco.mx,MX,11478
bay939.com.au,AS,11478
haitiprogres.com,HA,11473
interaktywnie.com,PL,11472
yogonet.com,US,11468
norran.se,SW,11468
sramanamitra.com,IN,11468
andthevalleyshook.com,US,11467
big104fm.com,US,11458
lavie.fr,FR,11456
wbgo.org,US,11453
shipnc.com,US,11451
architecturalrecord.com,US,11448
abcaudio.com,US,11445
931theborder.ca,CA,11443
bygdeposten.no,NO,11442
electricenergyonline.com,US,11441
eugeneweekly.com,US,11440
thoroughbreddailynews.com,US,11438
themissouritimes.com,US,11438
kuzeyhaber.com,TU,11436
myfox8.com,US,11434
beckersspine.com,US,11431
24con.com,AR,11430
elledecor.com,US,11429
bitmat.it,IT,11429
estrategiaynegocios.net,US,11424
knoxvilledailysun.com,US,11423
iranoilgas.com,IR,11420
pinknews.co.uk,UK,11418
agroinform.hu,HU,11418
businessinsider.com.au,US,11417
world-grain.com,US,11417
printmag.com,US,11417
ilturista.info,IT,11414
canadashistory.ca,CA,11411
kfm.co.za,SF,11407
dlnnews.com,US,11406
seguintoday.com,US,11404
uexpress.com,US,11404
epochtimes.com.ua,UP,11403
scotsmanguide.com,US,11402
diarioviregion.cl,CI,11400
cameroononline.org,CM,11394
jewishledger.com,IS,11393
veranda.com,US,11391
oblad.no,NO,11381
christiancentury.org,US,11376
enewspf.com,US,11372
reader.gr,GR,11371
buffalorising.com,US,11370
baylor.edu,US,11369
bizwatchnigeria.ng,NI,11364
moabsunnews.com,US,11362
loopnews.com,JM,11361
akronlegalnews.com,US,11355
laholmstidning.se,SW,11350
rvasia.org,RP,11345
villagegreennj.com,US,11342
spartaindependent.com,US,11339
dailynebraskan.com,US,11336
president.lv,LG,11336
texas.gov,US,11335
gq.co.za,SF,11331
publicsenat.fr,FR,11330
artemis.bm,US,11328
flickeringmyth.com,US,11324
yourerie.com,US,11323
bab.com,SA,11323
tarbes7.fr,FR,11320
itnewsafrica.com,SF,11316
mycouriertribune.com,US,11313
nancyonnorwalk.com,US,11310
kuic.com,US,11306
wilsonpost.com,US,11302
erewashsound.com,UK,11297
915thebeat.com,CA,11296
tv.nu,SW,11294
citynow.it,IT,11285
y108.ca,CA,11279
wtnh.com,US,11277
dnronline.com,US,11275
restonnow.com,US,11273
1075daverocks.com,CA,11273
kosi101.com,US,11272
koolnews.gr,GR,11271
solomontimes.com,BP,11269
norfolktoday.ca,CA,11266
suntelegraph.com,US,11265
lawstreetmedia.com,US,11262
westerniowatoday.com,US,11260
registerguard.com,US,11260
dunyabulteni.net,TU,11257
racv.com.au,AS,11253
diariodigital.com.do,DR,11247
graziadaily.co.za,SF,11245
shock.co,CO,11241
mylloydminsternow.com,CA,11240
hominides.com,FR,11238
nmplus.hk,HK,11236
rheaheraldnews.com,US,11235
periskopi.com,KV,11233
veteknoloji.net,TU,11231
kxnet.com,US,11229
thetimesherald.com,US,11219
althingi.is,IC,11216
6pr.com.au,AS,11209
republicofmining.com,CA,11207
more961.com,US,11204
satkurier.pl,PL,11198
kscbnews.net,US,11197
cimsec.org,US,11197
orlandomagicdaily.com,US,11196
hancinema.net,KS,11194
freethoughtblogs.com,US,11190
pv-tech.org,US,11190
newscientist.com,UK,11187
themeparkinsider.com,US,11183
confidencial.com.ni,NU,11178
winfuture.de,GM,11172
oswegocountynewsnow.com,US,11165
zululandobserver.co.za,SF,11161
thecitizen.co.tz,TZ,11156
3news.com,GH,11154
utv44.com,US,11151
decanter.com,FR,11150
grainews.ca,CA,11147
autosphere.ca,CA,11146
saipantribune.com,US,11142
dailygalaxy.com,US,11139
wisconsinwatch.org,US,11138
mscnews.net,US,11131
vitatrentina.it,IT,11129
gamestar.de,GM,11129
tibet.fr,CH,11123
iwaki-minpo.co.jp,JA,11123
justmeans.com,US,11118
seznamzpravy.cz,RS,11117
army-technology.com,UP,11116
sfin.ro,RO,11115
thenewsmill.com,IN,11115
marketbusinessnews.com,US,11112
al-watan.com,QA,11112
whiterocklakeweekly.com,US,11110
zenopa.com,UK,11109
ithaca.com,US,11108
go955.com,US,11108
wibailoutpeople.org,US,11108
santamariasun.com,US,11108
theeagle1069.com,US,11108
samessenger.com,US,11097
policymakermag.it,IT,11097
dominionpost.com,US,11094
actionnetwork.com,US,11091
dailyrecordnews.com,US,11089
geotimes.com.ge,US,11089
left.it,IT,11086
historytoday.com,UK,11085
instinctmagazine.com,US,11081
947wls.com,US,11080
innovationtoronto.com,US,11080
1061thecorner.com,US,11078
meduza.io,RS,11075
gazzettadisalerno.it,IT,11074
newsblaze.com,IS,11072
laconiadailysun.com,US,11065
metalunderground.com,US,11063
capitalfm.com,UK,11057
grbj.com,US,11057
altenergymag.com,US,11054
trustedreviews.com,UK,11053
e-vesti.co.uk,UK,11053
exetertoday.ca,CA,11053
prostobankir.com.ua,UP,11051
cagle.com,US,11048
nkj.ru,RS,11045
curierul.ro,RO,11041
kotaradio.com,US,11040
ybwb.cn,CH,11040
tatarstan.ru,RS,11038
prwire.com.au,AS,11037
hometownlife.com,US,11036
fibre2fashion.com,CH,11033
dekhnews.com,US,11028
kt.kz,KZ,11014
financial-news.co.uk,UK,11008
tamaulipas.gob.mx,MX,11005
todayfm.com,EI,11004
smi2go.ru,RS,11003
paris-normandie.fr,FR,11001
radiopax.com,PO,10999
thenet.ng,NI,10999
statnews.com,US,10992
dwnews.com,CH,10986
blogforiowa.com,US,10981
historynet.com,US,10980
steelers.com,US,10978
cisnfm.com,CA,10976
bloombergquint.com,RS,10970
police.gov.cy,CY,10968
onlineathens.com,US,10967
ucsusa.org,US,10966
timescitizen.com,US,10963
miyakomainichi.com,JA,10963
raisingzona.com,US,10960
littlerocksoiree.com,US,10959
georgetowner.com,US,10959
1005freshradio.ca,CA,10954
wsu.edu,US,10953
depauliaonline.com,US,10953
tooeleonline.com,US,10952
magicmaman.com,FR,10951
oribatejo.pt,PO,10947
investimentosenoticias.com.br,BR,10944
artsjournal.com,US,10941
sinovision.net,US,10938
mgronline.com,TH,10936
sanantoniomag.com,US,10935
prevention.com,US,10934
bankinfosecurity.com,US,10934
thecommunityvoice.com,US,10934
kajo.com,US,10933
webrazzi.com,TU,10930
kmu.gov.ua,UP,10921
ravennawebtv.it,IT,10917
oedigital.com,US,10916
techreport.com,US,10914
country93.ca,CA,10914
frieze.com,US,10914
3ba.com.au,AS,10909
medindia.net,US,10908
ha-makom.co.il,IS,10906
wykop.pl,PL,10903
howestreet.com,US,10902
whkp.com,US,10900
jp.se,SW,10899
times.co.sz,WZ,10898
af.mil,US,10897
thealabamabaptist.org,US,10895
vintonjacksoncourier.com,US,10889
krmsradio.com,US,10886
araanews.ae,US,10882
ostlendingen.no,NO,10881
printveela.com,US,10875
ora24.tv,MK,10873
datachaco.com,AR,10870
expressomt.com.br,BR,10869
temoignages.re,RE,10865
nuevaprensa.web.ve,IT,10859
rolltide.com,US,10858
brewpublic.com,US,10858
railwaygazette.com,UK,10855
ivn.us,US,10855
oregoncatalyst.com,US,10853
famagusta-gazette.com,IS,10853
krcl.org,US,10849
fair.org,US,10848
editiepajot.com,BE,10845
maxpreps.com,US,10831
panapress.com,LY,10830
mod.gov.lv,LG,10829
eaglenewsonline.com,US,10828
ebony.com,US,10828
benchmark.pl,PL,10826
fairborndailyherald.com,US,10825
5dias.com.py,PA,10821
africalog.com,GV,10820
healthdesk.it,IT,10820
gringogazette.com,MX,10819
wdtn.com,US,10818
csbj.com,US,10816
humanresourcesonline.net,SN,10814
christiantoday.com,UK,10812
themiddlemarket.com,US,10812
guineemining.info,GV,10810
arkvalleyvoice.com,US,10809
hoptownchronicle.org,US,10809
altaposten.no,NO,10799
publicopiniononline.com,US,10795
gizmodo.com.au,AS,10789
utusan.com.my,SN,10787
dominicanewsonline.com,DO,10785
orangevilletoday.ca,CA,10781
radionotas.com,MX,10781
earthsky.org,US,10777
iranhumanrights.org,IR,10776
rodina.ru,RS,10774
hronika.info,UP,10774
essexlive.news,UK,10773
newsroom.gy,GY,10772
wuuqradio.com,US,10766
flaka.com.mk,MK,10764
chip.com.tr,TU,10762
formel1.de,IT,10760
bauernzeitung.ch,SZ,10759
fasterskier.com,US,10757
jewellermagazine.com,AS,10753
diariovoces.com.pe,PE,10748
lineblog.me,JA,10746
flgov.com,US,10745
eastwestcenter.org,US,10736
paktribune.com,PK,10732
businessnewsthisweek.com,IN,10732
arranbanner.co.uk,UK,10730
playingfor90.com,SP,10728
israelnetz.com,IS,10727
yourradioplace.com,US,10726
lagunabeachindy.com,US,10723
nyunews.com,US,10719
patriotledger.com,US,10718
itreseller.ch,SZ,10712
senato.it,IT,10710
idealist.org,US,10707
klassekampen.no,NO,10700
thewolf.ca,CA,10693
goducks.com,US,10693
elheraldo.com.ec,EC,10691
euractiv.cz,EZ,10690
redfm.ie,EI,10683
mit.edu,US,10681
alwasat.com.kw,KU,10681
977theriver.com,US,10672
thegleaner.com,US,10670
psychologytoday.com,US,10664
ckfm.ca,CA,10660
elkharttruth.com,US,10660
theindiapost.com,IN,10657
pitchfork.com,US,10654
sostariffe.it,IT,10652
trucknews.com,CA,10651
repeatingislands.com,US,10650
lifevancouver.jp,CA,10648
nbcsports.com,US,10646
achrnews.com,US,10646
vindobona.org,AU,10642
tippnews.com,US,10636
canlit.ca,CA,10636
rthk.hk,HK,10635
am1050.com,US,10635
pnn.de,GM,10634
ka-business.gr,GR,10631
akihabaranews.com,JA,10628
siu.edu,US,10627
seafoodsource.com,US,10623
laterre.ca,CA,10623
catholicculture.org,US,10620
southarkansassun.com,US,10610
ladowntownnews.com,US,10610
mida.org.il,IS,10609
infovaticana.com,SP,10607
courierherald.com,US,10605
uconn.edu,US,10605
dilemaveche.ro,RO,10605
motorzeitung.de,GM,10601
secretmag.ru,RS,10592
elderecho.com,SP,10587
thebatt.com,US,10584
cvilletomorrow.org,US,10583
diarioextra.com,CS,10583
paris.fr,FR,10583
paginemediche.it,IT,10580
ultiworld.com,US,10578
chroniclesmagazine.org,US,10575
wfav951.com,US,10572
euromaidanpress.com,UP,10569
boxingnews24.com,US,10569
arkansas-catholic.org,US,10566
biglychee.com,CH,10561
justjaredjr.com,US,10555
fm96.com,CA,10551
sciencenews.org,US,10548
behoerden-spiegel.de,GM,10545
cicnews.com,CA,10543
electric949.com,US,10541
bouwenwonen.net,BE,10540
businesstravelnewseurope.com,UK,10536
inferse.com,US,10532
kuac.org,US,10531
portaldeangola.com,AO,10530
politicaromaneasca.ro,RO,10526
cafebabel.fr,FR,10521
wizofawes.com,US,10514
losaltosonline.com,US,10511
1031freshradio.ca,CA,10511
claridadpuertorico.com,US,10509
uiowa.edu,US,10507
grapevine.is,IC,10506
unmissions.org,OD,10506
journaldelagence.com,FR,10503
instyle.com,US,10501
holdthefrontpage.co.uk,UK,10501
bikebiz.com,UK,10500
connectsavannah.com,US,10500
positivelynaperville.com,US,10495
GGRAsia.com,MC,10491
mepr.gov.ua,UP,10490
smenet.org,US,10490
galesburg.com,US,10484
cnb.cz,EZ,10483
8newsnow.com,US,10482
androidinsider.ru,RS,10480
beefmagazine.com,US,10472
weborvos.hu,HU,10470
healthday.com,US,10469
athinapoli.gr,GR,10469
classichits925.com,US,10469
schroders.com,RS,10462
thezone1059.com,IS,10459
lsdp.lt,LH,10457
just-food.com,UK,10454
timesbulletin.com,US,10450
xeniagazette.com,US,10450
bennettjones.com,CA,10450
y101.com,US,10446
24emilia.com,IT,10444
5au.com.au,AS,10440
thehendersonnews.com,US,10439
bikeportland.org,US,10438
bikeradar.com,FR,10436
son.co.za,SF,10435
ucreview.com,US,10430
volleyballmag.com,US,10429
krivoe-zerkalo.ru,RS,10425
odishanewsinsight.com,ID,10425
hawkcentral.com,US,10423
business-live.co.uk,UK,10423
thepacker.com,US,10421
ghanavisions.com,GH,10419
sciencealert.com,US,10417
crainsnewyork.com,US,10414
titansized.com,US,10411
toostusuudised.ee,EN,10409
seniorhousingnews.com,US,10405
futurezone.at,AU,10402
southerngazette.ca,US,10399
columbusjewishnews.com,IS,10398
1049therebel.com,US,10394
eriereader.com,US,10386
dalane-tidende.no,NO,10384
bossierpress.com,US,10382
mapn.ro,RO,10378
brundisium.net,IT,10367
ndarinfo.com,SG,10365
securityinfowatch.com,US,10364
thecarillon.com,CA,10363
wjpf.com,US,10361
socialistproject.ca,IS,10352
bustingbrackets.com,US,10350
biofuelsdigest.com,US,10349
washingtoncitypaper.com,US,10348
vol.no,NO,10347
ipsnoticias.net,BR,10343
leplacoteux.com,CA,10341
currencynews.co.uk,UK,10336
pcweek.ua,UP,10331
blueridgenow.com,US,10330
energyglobal.com,UK,10329
trbusiness.com,UK,10328
sci-tech-today.com,US,10327
plasticsnews.com,US,10324
hitek.fr,FR,10322
ararunaonline.com,BR,10322
gursesintour.com,RS,10320
brugnieuws.nl,NL,10319
architecturaldigest.com,US,10315
niemanlab.org,US,10311
savejersey.com,US,10305
intergameonline.com,US,10304
spfu.gov.ua,UP,10302
fishing.net.nz,NZ,10298
elitetraveler.com,US,10297
arab48.com,IS,10296
bloomberglaw.com,US,10293
hi-news.ru,RS,10291
eldivisadero.cl,CI,10290
governmentnews.com.au,AS,10290
b97hawaii.com,US,10289
androidcentral.com,CH,10285
sbtn.tv,US,10280
ladiaria.com.uy,UY,10273
odishachannel.com,IN,10273
n1info.com,RI,10270
commanders.com,US,10270
firstthings.com,US,10267
stlmag.com,US,10267
legitgov.org,US,10267
maciverinstitute.com,US,10265
chuhal.mn,MG,10264
energynews.us,US,10256
pronto.es,SP,10256
us1033.com,US,10254
kism.com,US,10254
techweez.com,KE,10252
cpv.ru,RS,10250
whdg.com,US,10250
z100fm.com,US,10249
kdux.com,US,10246
q957.com,US,10244
magneticmediatv.com,BF,10243
euronews.al,AL,10237
realclearpolitics.com,US,10226
chicagomaroon.com,US,10224
periodismo.com,AR,10220
cruxnow.com,US,10219
fairfieldcitizenonline.com,US,10219
itespresso.fr,US,10217
dailydispatch.co.za,SF,10209
coloradodaily.com,US,10204
topspb.tv,RS,10202
guideautoweb.com,CA,10200
thediapason.com,US,10200
riverfallsjournal.com,US,10197
sagoodnews.co.za,SF,10196
idi.org.il,IS,10195
breakinglatest.news,CH,10195
christianitydaily.com,US,10185
telepro.be,FR,10185
nintendolife.com,JA,10185
mpps.gob.ve,VE,10177
stategazette.com,US,10176
ladepeche.pf,FR,10173
q93fm.com,US,10172
theheraldtimes.com,US,10171
wdrv.com,US,10162
alkhaleejtoday.co,SA,10155
mia.mk,MK,10151
allsbc.com,SO,10150
thepeakfm.com,CA,10145
thenews.coop,UK,10142
borderreport.com,US,10141
fm93.com,CA,10138
musketfire.com,US,10138
furche.at,AU,10134
sla.se,SW,10134
hospitalitymagazine.com.au,AS,10130
in-dies.info,IT,10130
frieschdagblad.nl,NL,10129
lt.se,SW,10117
mymuskokanow.com,CA,10117
graniru.org,RS,10116
woodlandsonline.com,US,10111
publicintegrity.org,US,10100
valsassinanews.com,IT,10100
thechiefleader.com,US,10095
melbournefc.com.au,AS,10089
thefamuanonline.com,US,10083
timesnewspapers.com,US,10081
persbureau-ameland.nl,NL,10073
mpacorn.com,US,10073
abreview.ru,RS,10071
d24ar.com,AR,10068
dailycoffeenews.com,US,10065
thehoya.com,US,10061
artribune.com,IT,10060
siliconangle.com,US,10060
peakoil.com,US,10058
kantei.go.jp,JA,10054
suomenluonto.fi,FI,10053
lelacstjean.com,CA,10045
alice965.com,US,10033
na.gov.pk,PK,10033
nbnnews.com.au,AS,10032
prodavinci.com,VE,10027
wbls.com,US,10027
wrfalp.com,US,10025
thevermilion.com,IT,10022
931freshradio.ca,CA,10021
modernfarmer.com,US,10021
technologyreview.com,US,10020
ensegundos.do,US,10019
music-news.com,UK,10019
usembassy.gov,US,10018
unc.edu,US,10015
elfinancierocr.com,CS,10014
investorschronicle.co.uk,UK,10008
wymt.com,US,10006
rsvplive.ie,EI,10005
startups.co.uk,UK,10005
constructioncayola.com,FR,10003
elpopular.com.ar,AR,10000
nigeriahealthwatch.com,NI,9999
chronicle-tribune.com,US,9998
thewestonforum.com,UK,9998
dwell.com,US,9996
lakeexpo.com,US,9995
pontiacdailyleader.com,US,9993
emansion.gov.lr,LI,9989
tema.in.ua,UP,9988
hiddenremote.com,US,9986
americantop40.com,US,9978
order-order.com,UK,9976
2nm.com.au,AS,9967
dairylandexpress.com,US,9967
1077thebounce.com,US,9961
simivalleyacorn.com,US,9958
professionalpensions.com,UK,9958
artvoice.com,US,9942
kfrxfm.com,US,9940
jumpradio.ca,CA,9938
bwog.com,US,9932
nye-troms.no,NO,9932
johansen.se,AS,9931
kazete.com.tr,TU,9930
santosfc.com.br,BR,9928
potchefstroomherald.co.za,SF,9926
appenzell24.ch,SZ,9920
ntz.lv,LG,9917
corrections1.com,US,9917
galioninquirer.com,US,9914
country104.com,CA,9912
wane.com,US,9908
theboxhouston.com,US,9908
healthcareitnews.com,US,9907
alabamanews.net,US,9906
farmers-exchange.net,US,9903
kshe95.com,US,9902
tamatoledonews.com,US,9900
mowmag.com,IT,9898
mofa.gov.bd,BG,9897
indcatholicnews.com,UK,9894
azocleantech.com,US,9893
lecitoyenrouynlasarre.com,CA,9892
greenpeace.org,US,9891
dawgpounddaily.com,US,9884
letoiledulac.com,CA,9883
vitalia.cz,EZ,9882
thecooldown.com,US,9880
discogs.com,US,9880
crisisgroup.org,IS,9878
am1150.ca,CA,9877
temple-news.com,US,9876
milwaukeeindependent.com,US,9876
tweakers.net,NL,9876
nondoc.com,US,9875
rtbookreviews.com,US,9873
clinicaladvisor.com,US,9870
evwind.com,SP,9868
radarjogja.co.id,ID,9868
jewishvoicesnj.org,IS,9865
theislandnow.com,US,9862
gq.com,US,9860
acainternational.org,US,9852
designboom.com,JA,9850
mtairynews.com,US,9843
dredgingtoday.com,US,9841
seenandheard-international.com,UK,9841
chelsearecord.com,US,9838
vp-mi.com,US,9834
irpiniaoggi.it,IT,9833
nla.gov.au,AS,9831
arsvest.ru,RS,9829
carnegieeurope.eu,RS,9827
jornaltropical.st,TP,9825
klyq.com,US,9822
pvvt.com,US,9821
1043freshradio.ca,CA,9820
krrvonline.com,US,9813
hutchnews.com,US,9812
hvmag.com,US,9810
seventeen.com,US,9809
cibercuba.com,CU,9809
easternecho.com,US,9807
airqualitynews.com,UK,9798
kbnd.com,US,9797
manisteenews.com,US,9796
iltabloid.it,IT,9796
slamonline.com,US,9793
theweektoday.com,US,9792
ortm.ml,ML,9791
rockawave.com,US,9789
aqha.com,US,9785
bluelinestation.com,US,9783
autogazette.de,GM,9781
computing.co.uk,UK,9778
paperpk.com,PK,9772
leveil.com,CA,9768
stvr.sk,LO,9766
dreadcentral.com,US,9766
cedarcityutah.com,US,9762
atvlive.tv,KV,9758
tuftsdaily.com,US,9756
valdelsa.net,IT,9755
ng24.ie,EI,9739
barilive.it,IT,9739
joy.org.au,AS,9736
myalbertlea.com,US,9736
geneticliteracyproject.org,US,9731
apia-virtual.com,MX,9729
claiborneprogress.net,US,9727
santemagazine.fr,FR,9726
insidephilanthropy.com,US,9725
ewnews.com,BF,9723
rtvnoord.nl,NL,9722
indiatribune.com,IN,9722
1009theeagle.com,US,9719
zinfos974.com,RE,9719
afropages.fr,NI,9718
ocolly.com,US,9715
9to5mac.com,US,9713
charlestonbusiness.com,US,9710
sun.ac.za,SF,9709
nightlife.ca,CA,9708
buzz.ie,EI,9705
gsabusiness.com,US,9705
cbssports.com,US,9702
mallorcazeitung.es,GM,9701
kiwiblog.co.nz,NZ,9698
cbs17.com,US,9689
internationalviewpoint.org,RS,9689
foodbusinessnews.net,US,9685
recordernews.com,US,9681
mymmanews.com,US,9673
etvnews.com,US,9672
asurampage.com,US,9672
mp.pl,PL,9671
eriegaynews.com,US,9669
bainbridgereview.com,US,9667
background-brief.com,CH,9665
daytonlocal.com,US,9663
pcp.pt,PO,9659
clermontsun.com,US,9655
hub-4.com,UK,9655
power-technology.com,UK,9654
bupipedream.com,US,9649
lifedon.com.ua,UP,9649
reactivateskin.com,US,9646
newsaegis.com,US,9643
report-tv.al,AL,9641
vse.rv.ua,UP,9641
987thebull.com,US,9634
2anews.it,IT,9631
energymatters.com.au,AS,9618
thenew961.com,US,9610
football.london,UK,9607
newssourcegy.com,GY,9606
tucsonlocalmedia.com,US,9604
fromtherumbleseat.com,US,9603
lecourrier.com,FR,9602
politika.bg,BU,9602
mackinac.org,US,9597
so-co-it.com,CA,9596
govern.ad,AN,9595
onlineopinion.com.au,AS,9593
newvision.co.ug,UG,9593
actuarialpost.co.uk,UK,9591
athensnews.com,US,9588
burgundywave.com,US,9587
rockytoptalk.com,US,9585
nenaghguardian.ie,EI,9584
wortfm.org,US,9582
kenyanews.go.ke,KE,9580
ekai.pl,PL,9579
esi-africa.com,SF,9579
cfnrfm.ca,CA,9577
wmagazine.com,US,9561
christianchronicle.org,US,9561
crash.net,IT,9560
workerscompensation.com,US,9559
mountainhomenews.com,US,9558
thescottishsun.co.uk,UK,9557
observatoriodaimprensa.com.br,BR,9554
bcs.gob.mx,US,9553
djmag.com,UK,9553
c-mw.net,AS,9552
cbinews.com,CH,9551
southasianpost.com,CA,9550
revistacromos.com.co,CO,9545
blueribbonnews.com,US,9543
jornalintegracao.com.br,BR,9542
wskg.org,US,9539
cyprusscene.com,CY,9538
kwwl.com,US,9536
lasvegasnvblog.com,US,9533
janadesh.in,IN,9527
epe.es,SP,9524
bgnes.com,RS,9522
healthimpactnews.com,US,9521
webmd.com,US,9521
bgr.com,US,9519
fontanaheraldnews.com,US,9515
rotoballer.com,US,9515
pa.gov,US,9514
dailynews.co.zw,ZI,9512
newrytimes.com,UK,9508
uloop.com,US,9507
regards.fr,FR,9506
fundsforngos.org,US,9505
kystandard.com,US,9497
pjstar.com,US,9495
kixi.com,US,9495
sightline.org,US,9494
rd.nl,NL,9491
topsante.com,FR,9487
hawthornfc.com.au,AS,9487
greatlakesecho.org,US,9486
nine.com.au,AS,9483
crestonvalleyadvance.ca,CA,9482
963bigfm.com,CA,9481
aqui.fr,FR,9476
somd.com,US,9475
dailynexus.com,US,9475
wrn.com,US,9472
bcheights.com,US,9471
justarsenal.com,UK,9471
isis-online.org,IR,9470
bdcnetwork.com,US,9466
valigiablu.it,UP,9464
capitolhillseattle.com,US,9463
weekendpost.co.bw,BC,9463
gigwise.com,US,9459
digbycourier.ca,US,9457
wric.com,US,9456
realcommercial.com.au,AS,9447
merateonline.it,IT,9447
primanovara.it,IT,9447
kprs.com,US,9440
cbpp.org,US,9440
techinsider.ru,RS,9439
pc-tablet.co.in,IN,9438
thepilot.com,US,9432
fanbolt.com,US,9432
1045freshradio.ca,CA,9427
campaignlive.co.uk,UK,9425
lsureveille.com,US,9424
syriauntold.com,SY,9424
pmfarma.com,SP,9424
amnesty.org.au,IS,9422
todayinbc.com,CA,9420
radioamerica.net,US,9417
leak.pt,PO,9416
kavtoday.ru,RS,9416
newjerseystage.com,US,9416
ttgasia.com,CH,9414
thesylvaherald.com,US,9412
tsrmedia.ru,RS,9408
pconline.com.cn,CH,9399
adomonline.com,GH,9399
elysee.fr,FR,9396
kapital.mk,MK,9393
industrialinfo.com,US,9392
aLome.com,TO,9387
westmilfordmessenger.com,US,9382
dupontregistry.com,US,9381
wfhb.org,US,9378
rusforum.ca,CA,9374
river949.com.au,AS,9374
giadinh.net.vn,VM,9372
dailysentinel.com,US,9372
channel4.com,UK,9371
elpreg.org,US,9371
burathanews.com,IZ,9371
kentlive.news,UK,9370
ime.bg,BU,9368
3newsnow.com,US,9368
elmeridiano.co,CO,9368
wtmx.com,US,9367
mileikanea.gr,GR,9367
renalandurologynews.com,US,9364
podnikatel.cz,EZ,9356
lr21.com.uy,UY,9352
compositesworld.com,US,9350
monumental.com.py,PA,9349
toacorn.com,US,9348
wkkg.com,US,9343
thegavoice.com,US,9332
logisticsmgmt.com,US,9332
nashvillegab.com,US,9331
thecamarilloacorn.com,US,9327
cameroon-concord.com,CM,9320
mgoblue.com,US,9319
sodalive.ba,BK,9317
smp.no,NO,9315
thecambodianews.net,IN,9314
dagen.se,SW,9314
tourmag.com,FR,9313
moss-avis.no,NO,9310
chilevision.cl,CI,9309
salisburypost.com,US,9309
sleutelstad.nl,NL,9309
carbon-pulse.com,US,9309
boom997.com,CA,9308
alshahedkw.com,KU,9306
chisagocountypress.com,US,9306
lakeshowlife.com,US,9305
nprillinois.org,US,9302
anguscountyworld.co.uk,UK,9299
thechronicle.com.au,AS,9297
voa.gov,US,9295
techmaniacs.gr,GR,9293
forummleczarskie.pl,PL,9291
bollywoodlife.com,IN,9290
electronicsweekly.com,UK,9287
sactownmag.com,US,9286
lakemchenryscanner.com,US,9286
usine-digitale.fr,FR,9285
kudyznudy.cz,EZ,9284
3djuegos.com,JA,9281
publik.al,AL,9278
chillifm.com.au,AS,9278
badisches-tagblatt.de,GM,9277
redian.org,KS,9272
utdailybeacon.com,US,9265
gtlaw.com,US,9265
cblive.it,IT,9263
archdaily.cl,SP,9261
digi.no,NO,9261
tivi.fi,FI,9260
mexicoledger.com,US,9250
spectrummagazine.org,US,9249
nigeriaworld.com,NI,9249
ritholtz.com,US,9249
mykeystrokes.com,US,9248
battlefordsnow.com,CA,9246
hromadske.ua,UP,9245
economist.com.na,WA,9242
safc.com,UK,9242
diariodelujan.com,AR,9239
adventistworld.org,US,9237
jamestownpress.com,US,9237
racingpost.com,EI,9235
cinquequotidiano.it,IT,9233
businessjournaldaily.com,US,9228
radiokosovaelire.com,AL,9224
lagaceta.com.ec,EC,9224
sg.hu,US,9222
northernstar.info,US,9218
sharechat.co.nz,NZ,9212
condobolinargus.com.au,AS,9208
zyrtare.net,MK,9204
tomahawknation.com,US,9202
lpm.org,US,9202
buzznet.com,US,9195
kentuckyteacher.org,US,9191
therecordherald.com,US,9191
ebizlatam.com,AR,9190
igromania.ru,RS,9189
autoreview.ru,RS,9189
psb40.org.br,BR,9189
amazonaws.com,MX,9186
kkrv.com,US,9183
vgchartz.com,JA,9182
elperiodicodemonagas.com.ve,VE,9176
sknvibes.com,SC,9175
pleasantonexpress.com,US,9171
collisionrepairmag.com,CA,9171
santafe.com,US,9171
galiciae.com,SP,9169
idahonews.com,US,9168
de24live.de,GM,9165
sport.ua,UP,9163
a1plus.am,AM,9162
aidas.us,LH,9159
govconwire.com,US,9155
gram.pl,PL,9155
arirang.co.kr,KS,9151
evoke.ie,EI,9149
ado.hu,HU,9146
r101.it,IT,9145
waste360.com,US,9144
smartcanucks.ca,CA,9143
phoenixfm.com,UK,9135
thevillager.com.na,WA,9134
ks95.com,US,9133
federalwaymirror.com,US,9133
risingapple.com,US,9130
greenstyle.it,IT,9129
country-guide.ca,CA,9119
curbed.com,US,9114
nasaspaceflight.com,CH,9114
itbrief.co.nz,NZ,9113
thespreadit.com,US,9112
edilportale.com,IT,9111
locusmag.com,US,9110
iamexpat.nl,NL,9106
army.cz,EZ,9106
nga.org,US,9104
foodnavigator-usa.com,US,9102
thetablet.co.uk,UK,9102
pleasekillme.com,US,9101
affarsvarlden.se,SW,9100
tallinn.ee,EN,9098
lanaciondominicana.com,US,9097
teagasc.ie,EI,9096
stellar.ie,EI,9091
newsleader.com,US,9089
gomhuriaonline.com,EG,9084
wineandspiritsmagazine.com,US,9081
chinaeconomicreview.com,CH,9080
readthereporter.com,US,9080
al-fanarmedia.org,EG,9076
westminsterextra.co.uk,UK,9073
pp.es,SP,9071
wslr.org,US,9070
jckonline.com,US,9070
gastongazette.com,US,9070
fuelcellsworks.com,US,9069
neonnettle.com,US,9068
railmagazine.com,UK,9064
wamda.com,SA,9064
kqed.org,US,9063
vanmag.com,CA,9063
noticiasdegipuzkoa.eus,SP,9060
glistatigenerali.com,IT,9060
umich.edu,US,9058
brides.com,US,9057
dddnews.com,US,9055
mire.gob.pa,PM,9054
clickthecity.com,RP,9046
eurasian-defence.ru,UP,9041
brownpoliticalreview.org,US,9040
carletonvilleherald.com,SF,9039
mychamplainvalley.com,US,9037
efinancialcareers.com,UK,9036
boom1019.com,CA,9036
franchiseindia.com,IN,9027
siciliareporter.com,IT,9023
jotdown.es,SP,9021
mysteinbach.ca,CA,9018
theredstonerocket.com,US,9016
idahoednews.org,US,9012
regione.sardegna.it,IT,9011
euribor.com.es,SP,9008
defenseindustrydaily.com,US,9008
alvareviewcourier.com,US,9008
worldathletics.org,US,9006
generation-nt.com,CH,9006
journaldebrazza.com,CF,9005
fleetpoint.org,UK,9002
c3sindia.org,CH,9002
mynelsonnow.com,CA,9000
celebdirtylaundry.com,US,8997
ganderbeacon.ca,US,8997
berkeleyobserver.com,US,8996
autospies.com,US,8996
medpulse.ru,RS,8992
thefilipinopost.com,CA,8989
psychiatrictimes.com,US,8987
mises.org,US,8984
lportepilot.ca,US,8982
echo-pilot.com,US,8981
afa.net,US,8974
presedinte.md,MD,8971
universitytimes.ie,EI,8968
parliament.gov.to,TN,8965
kttc.com,US,8963
buildersmerchantsnews.co.uk,UK,8959
sicemdawgs.com,US,8957
dailycollegian.com,US,8953
newpol.org,US,8951
autoremarketing.com,US,8949
hwupgrade.it,IT,8946
euractiv.sk,LO,8935
indre.no,NO,8930
caribjournal.com,BF,8929
blockclubchicago.org,US,8927
ourquadcities.com,US,8926
wilsontimes.com,US,8926
opm.gov.jm,JM,8924
longmontleader.com,US,8923
opensecrets.org,US,8922
4bu.com.au,AS,8920
postonline.co.uk,UK,8920
pm.gov.au,AS,8918
empr.com,US,8917
unal.edu.co,CO,8916
hayadan.org.il,IS,8914
patriots.com,US,8913
liberainformazione.org,IT,8913
pcwelt.de,GM,8912
mortgagenewsdaily.com,US,8910
lafm.com.au,AS,8901
eidfaxi.is,IC,8901
993thex.com,US,8898
axs.com,US,8885
diktyofm.gr,GR,8876
altopascio.info,IT,8874
timesobserver.com,US,8865
ferrara24ore.it,IT,8865
vsd.fr,FR,8864
thestate.com,US,8864
chinadialogue.net,CH,8863
mi-reporter.com,US,8863
gazeteciler.com,TU,8862
itworldcanada.com,CA,8858
pikecountycourier.com,US,8855
chinatechnews.com,CH,8850
foxsports.com,US,8846
thetechedvocate.org,US,8846
thedailyreporter.com,US,8846
bassresource.com,US,8844
fooddive.com,US,8840
poznan.uw.gov.pl,PL,8839
1027vgs.com,US,8837
insurgente.org,RS,8836
truckinginfo.com,US,8835
picusonline.it,IT,8835
logisticsmanager.com,UK,8832
turkmeninform.com,TX,8832
wkrg.com,US,8831
tianjinwe.com,CH,8830
wnba.com,US,8828
vogue.co.uk,UK,8824
preshevajone.com,KV,8823
thefirstnews.com,PL,8821
gosanangelo.com,US,8820
shrc.org,SY,8816
2hd.com.au,AS,8815
explore-mag.com,CA,8815
hoerzu.de,GM,8814
portfolio-adviser.com,UK,8806
lankamission.org,CE,8805
kielce.uw.gov.pl,PL,8797
nationalheraldindia.com,IN,8797
orionmagazine.org,US,8794
enn.com,US,8793
easybourse.com,US,8793
dsb.de,GM,8787
aboutmyarea.co.uk,UK,8786
bassfan.com,US,8785
bjpenn.com,US,8781
uaem.mx,MX,8781
closerweekly.com,US,8780
ellwoodcityledger.com,US,8780
kslx.com,US,8775
wvlt.tv,US,8774
thedriven.io,AS,8773
nbcboston.com,US,8773
lebtown.com,US,8772
teknoblog.com,TU,8770
impulsonegocios.com,AR,8765
christiandaily.com,NI,8765
warwickadvertiser.com,US,8763
mix925abilene.com,US,8763
tol.org,RS,8762
maidan.org.ua,UP,8758
cweb.com,US,8757
sarandi690.com.uy,UY,8757
dni.expert,RS,8755
northernpen.ca,US,8755
wrhi.com,US,8754
ktgl.com,US,8753
colorado.edu,US,8752
wisconsin106.com,US,8750
legaltoday.com,SP,8748
athleticsnation.com,US,8747
sctimes.com,US,8743
ppelverdadero.com.ec,EC,8741
outtherecolorado.com,US,8740
somosguate.com,GT,8740
corkbeo.ie,EI,8739
weespernieuws.nl,NL,8739
pia.gov.ph,RP,8738
thewhistler.ng,NI,8734
jackfmcasper.com,US,8733
larevista.com.mx,MX,8728
autozeitung.de,GM,8726
m24digital.com,AR,8723
manninglive.com,US,8722
JanamSakshi.org,IN,8719
cobrapost.com,IN,8717
acs.org,US,8717
lbknews.com,JA,8715
eatthis.com,US,8711
journaldumali.com,ML,8705
b975.com,US,8700
miamidolphins.com,US,8700
novayagazeta.ru,RS,8698
asiasociety.org,US,8698
l1.nl,NL,8695
5rm.com.au,AS,8691
fpif.org,US,8690
aspeninstitute.org,US,8689
caravanmagazine.in,IN,8687
yourdailyglobe.com,US,8687
mbcradio.tv,MP,8682
cfweradio.ca,CA,8674
oglioponews.it,IT,8673
the-riotact.com,AS,8671
ot.gr,GR,8669
mu.ee,EN,8668
stockport.gov.uk,UK,8668
draugas.org,LH,8668
beijingtoday.com.cn,CH,8667
naval-technology.com,UK,8667
enterstageright.com,US,8667
nlt.se,SW,8666
gamespot.com,US,8666
francenetinfos.com,FR,8664
myidol.com.vn,VM,8661
balkaninsight.com,KV,8658
1073kissfmtexas.com,US,8658
diario5dias.com.ar,AR,8653
blackseagrain.net,US,8649
featureshoot.com,US,8648
kxt.org,US,8648
mizonews.net,US,8647
noticiaaldia.com,VE,8646
executivebiz.com,US,8645
hipertextual.com,SP,8645
knba.org,US,8643
1tv.com.ua,UP,8643
hantsjournal.ca,US,8641
cheboygannews.com,US,8640
folhadomate.com,BR,8639
socialitelife.com,US,8639
105.net,IT,8639
thenewjournalandguide.com,US,8631
luju.ro,RO,8631
famillechretienne.fr,FR,8628
desototimes.com,US,8623
greencarcongress.com,US,8619
tokyoreporter.com,JA,8618
kpfa.org,US,8617
volksstimme.ch,SZ,8615
newfoodmagazine.com,UK,8614
emory.edu,US,8612
thecomeback.com,US,8610
gossip.it,IT,8609
californiademocrat.com,US,8609
webadictos.com,MX,8608
radins.com,FR,8602
upenn.edu,US,8599
businessinsurance.com,US,8599
southsideshowdown.com,US,8593
indiandefencereview.com,IN,8590
waywordradio.org,US,8589
domusweb.it,IT,8585
nerdist.com,US,8585
technuter.com,IN,8584
weku.org,US,8584
theaquarian.com,US,8582
forbesgreece.gr,GR,8581
star1063.com.au,AS,8579
insidefutbol.com,UK,8578
revistaoeste.com,BR,8577
colombiareports.com,CO,8576
ilgazzettinobr.it,IT,8575
ehime-np.co.jp,JA,8573
stopthedrugwar.org,US,8572
concise.ng,NI,8570
cnr.it,IT,8567
contactopolitico.com.ar,AR,8566
federalnewsnetwork.com,US,8565
brahmand.com,IN,8562
ricentral.com,US,8562
carguide.ph,RP,8560
989wclz.com,US,8554
gazeta10.com,KV,8553
newstalkkzrg.com,US,8550
diarioeltiempo.com.ve,VE,8550
marcheinfesta.it,IT,8549
portuguese-american-journal.com,PO,8549
netzpolitik.org,GM,8549
jamaicaplaingazette.com,US,8548
thepigsite.com,US,8548
maldivesindependent.com,MV,8546
iconnect007.com,US,8544
haberay.com,TU,8540
ifa.com.au,AS,8540
ryb.ru,RS,8539
piratemedia1.com,US,8538
eos.org,US,8533
international-adviser.com,UK,8530
orientpress.hu,HU,8528
utahstateaggies.com,US,8526
lavoce.info,IT,8521
4ro.com.au,AS,8521
nogalesinternational.com,US,8518
rand.org,US,8517
autonews.com,US,8517
cascadepbs.org,US,8516
gvwire.com,US,8516
syfy.com,US,8516
thepost.co.ls,LT,8515
gadget.co.za,SF,8514
arirang.com,KS,8513
puntlandpost.net,SO,8510
cm-life.com,US,8507
49ers.com,US,8503
salkunrakentaja.fi,FI,8501
forskning.se,SW,8500
libertynewsnow.com,US,8498
thecoast.ca,CA,8498
irishbuildingmagazine.ie,EI,8497
eastbayexpress.com,US,8495
government.se,SW,8491
wybr.com,US,8490
buzzfeed.com,US,8488
racedayct.com,US,8487
bandypuls.se,SW,8482
newsmonkey.be,BE,8481
stv.tv,UK,8481
ckdr.net,CA,8481
sdgln.com,US,8479
todofutbol.cl,CI,8478
silver.ru,RS,8477
marketingnews.es,SP,8475
esteri.it,IT,8475
cbncompass.ca,US,8474
fosspatents.com,GM,8472
parents.com,US,8471
nhgazette.com,US,8471
hpr1.com,US,8469
catholiccitizens.org,US,8467
gulfnews.ca,US,8467
kkrt.com,US,8466
ecoloauto.com,CA,8461
builderonline.com,US,8457
mixmaine.com,US,8454
topdialog.ru,RS,8453
malawifreedomnetwork.com,MI,8448
4cc.com.au,AS,8448
presidencia.gob.do,DR,8446
rtvutrecht.nl,NL,8444
devilslakejournal.com,US,8442
dobreprogramy.pl,PL,8440
crunchyroll.com,JA,8438
myjuan1017.com,US,8437
bostonreview.net,US,8436
primepublishers.com,US,8435
optics.org,US,8433
totaltele.com,UK,8431
professionaladviser.com,UK,8431
eveningsun.com,US,8429
ucsdguardian.org,US,8426
mvprogress.com,US,8421
dailyleader.com,US,8417
raya.com,QA,8412
streetwiseprofessor.com,RS,8411
hdhod.com,SY,8410
mingob.gob.gt,GT,8409
visegradinsight.eu,UP,8401
meed.com,SA,8400
985thebull.com,US,8397
kelofm.com,US,8395
eurekastreet.com.au,AS,8395
ciddihaber.com,TU,8393
malibutimes.com,US,8392
mycrestonnow.com,CA,8391
proletaren.se,SW,8389
tcj.com,US,8383
science20.com,US,8378
keenesentinel.com,US,8378
caribbeannewsdigital.com,MX,8376
ijn.com,IS,8374
railfan.com,US,8372
radiobilingue.org,US,8372
buonenotizie.it,IT,8371
flatlandkc.org,US,8365
leblogauto.com,CH,8363
24.mk,MK,8360
starsandstripesfc.com,US,8356
27east.com,US,8355
radiocataratas.com,AR,8355
cjvr.com,CA,8351
dagensmedia.se,SW,8349
terre-net.fr,FR,8348
wgno.com,US,8348
tabascohoy.com,MX,8347
super.cz,EZ,8344
newstalk955.com,US,8337
bgindependentmedia.org,US,8337
studyfinds.org,US,8334
elsharkonline.com,IS,8334
agwired.com,US,8333
ethic.es,SP,8332
bildderfrau.de,GM,8329
glendalestar.com,US,8327
digital-news.it,IT,8325
rocketcitynow.com,US,8321
huskercorner.com,US,8317
thestrad.com,US,8316
pharmaceutical-journal.com,UK,8310
westport-news.com,US,8307
3shi.net,MK,8303
kdal610.com,US,8303
snportal.si,SI,8300
theatermania.com,US,8298
3dprint.com,US,8296
howtogeek.com,US,8296
boisedev.com,US,8295
vagabond.se,SW,8294
authorityngr.com,NI,8293
girodivite.it,IT,8291
marlinmaniac.com,US,8290
avweb.com,US,8290
southeastiowaunion.com,US,8290
cntraveller.com,UK,8289
cbs19news.com,US,8284
925maxima.com,US,8283
reflector-online.com,US,8280
wkow.com,US,8277
skopjediem.com,MK,8277
walls102.com,US,8276
stadiumrant.com,US,8275
tvseriesfinale.com,US,8266
5plus.mu,MP,8264
smaalenene.no,NO,8263
m105.ca,CA,8262
nuvomagazine.com,CA,8261
janamsakshi.org,IN,8256
plansponsor.com,US,8255
alarab.co.uk,IS,8252
moneysense.ca,CA,8251
mckinsey.com,US,8248
hauteliving.com,US,8248
usforacle.com,US,8244
24rakomet.mk,MK,8240
dissentmagazine.org,US,8237
keeptalkinggreece.com,GR,8237
allaboutbeer.com,US,8236
superherohype.com,US,8236
rogerebert.com,US,8236
kstatecollegian.com,US,8230
ing.dk,DA,8230
naveenbharat.in,IN,8229
kingjamesgospel.com,US,8229
superreview.com.au,AS,8228
ny1.com,US,8226
asambleanacional.gob.ec,EC,8225
hayernaysor.am,AM,8223
strathroytoday.ca,CA,8219
snntv.com,US,8214
unr.edu,US,8214
hillsdale.net,US,8214
arrondissement.com,CA,8212
ens-newswire.com,US,8209
thedaonline.com,US,8209
thechemicalengineer.com,UK,8207
dosb.de,GM,8206
hotelmanagement.net,US,8199
blockislandtimes.com,US,8197
johnstonsunrise.net,US,8197
kevevn.vn,VM,8197
olivemagazine.com,UK,8192
appstate.edu,US,8190
dailyreckoning.com,US,8179
kksa-am.com,US,8173
retaildetail.be,BE,8171
thenewhumanitarian.org,IS,8171
keepingitheel.com,US,8167
prima.co.uk,UK,8167
swag1049.com,US,8166
klake.com,US,8163
valleyjournal.net,US,8158
tctmd.com,US,8154
ingenieur.de,GM,8154
the-review.com,US,8154
oko.press,UP,8152
okgazette.com,US,8150
nunesmagician.com,US,8149
indiawaterportal.org,IN,8148
delphosherald.com,US,8138
energy.gov,US,8135
loeildelaphotographie.com,US,8132
just-drinks.com,UK,8128
ibusiness.de,GM,8127
reseller.co.nz,NZ,8124
diarioelcentro.cl,CI,8122
tuttoandroid.net,IT,8120
hltv.org,US,8119
1043wowcountry.com,US,8114
hitradio.com.na,WA,8114
tv-eh.com,CA,8110
kkiq.com,US,8106
butlercountytimesgazette.com,US,8106
mst.by,BO,8106
yugabda.com,IN,8104
lemarssentinel.com,US,8099
wjhl.com,US,8098
thepublicsradio.org,US,8095
shockya.com,US,8092
pbo.co.uk,UK,8091
insajderi.org,AL,8090
abruzzonews.eu,IT,8088
mouseplanet.com,US,8086
hrportal.hu,HU,8086
wired-gov.net,UK,8084
brproud.com,US,8072
homeaccentstoday.com,US,8072
uoregon.edu,US,8071
terra.com,MX,8068
stelladimokokorkus.com,NI,8062
alextimes.com,EG,8062
leaderadvertiser.com,US,8059
milehighsticking.com,US,8057
dailylobo.com,US,8057
varsitarian.net,RP,8053
tyrvaansanomat.fi,FI,8053
marthastewart.com,US,8048
bicycleretailer.com,US,8045
womensagenda.com.au,AS,8044
tribalcollegejournal.org,US,8041
classiccountry98.com,US,8036
essexnewsdaily.com,US,8034
switsalone.com,SL,8034
progressnewspaper.org,US,8032
headtopics.com,EI,8029
elnashra.com,LE,8026
pgatour.com,US,8024
thebulwark.com,US,8024
lavendermagazine.com,US,8023
dsnews.com,US,8022
sbstatesman.com,US,8020
gfwadvertiser.ca,US,8020
sunny95.com,US,8017
transcontinental.com.au,AS,8017
divernet.com,UK,8017
birdsandblooms.com,US,8016
fohonline.com,US,8015
malaysia-chronicle.com,MY,8011
roarnews.co.uk,UK,8010
kckingdom.com,US,8004
whsm.com,US,7996
indianapolismonthly.com,US,7993
bluenc.com,US,7989
logistikauudised.ee,EN,7985
eff.org,US,7985
tv6tnt.com,TD,7985
hot973online.com,US,7984
flux.md,RS,7982
antilliaansdagblad.com,NL,7982
kickscountry.com,US,7981
avn.com,US,7981
clintonnc.com,US,7978
suffolkcountyny.gov,US,7974
spotlightnews.com,US,7974
indoamerican-news.com,US,7972
grmdaily.com,UK,7970
971thebear.com,US,7969
hstoday.us,US,7966
goodnewspilipinas.com,RP,7956
pizzamarketplace.com,US,7955
bloggingdirty.com,US,7954
africatopsuccess.com,CM,7950
policemag.com,US,7949
marketbeat.com,US,7948
verdade.co.mz,MZ,7947
rexian.net.cn,CH,7947
ggrasia.com,MC,7945
sportrg.ru,RS,7942
smn-news.com,NL,7942
multiplayer.it,IT,7940
nichegamer.com,JA,7940
gisbarbados.gov.bb,BB,7935
racunovodja.com,SI,7935
elektronikpraxis.de,GM,7927
rentonreporter.com,US,7925
jaworznianin.pl,PL,7923
newmilfordspectrum.com,US,7917
runwaygirlnetwork.com,US,7917
masala.com,IN,7917
nwlaborpress.org,US,7917
cafe.se,SW,7916
geographical.co.uk,UK,7916
lecourrierdelamayenne.fr,FR,7915
elyecho.com,US,7914
energynews.es,SP,7911
who13.com,US,7911
computerworld.ch,SZ,7910
sturgisjournal.com,US,7909
juara.net,ID,7909
pcpsr.org,IS,7906
nxtmine.com,CA,7906
monthlyreview.org,US,7904
np.kz,KZ,7901
kbench.com,CH,7900
thespinoff.co.nz,NZ,7899
routesonline.com,US,7898
thepitchkc.com,US,7896
cocorioko.net,SL,7895
esmmagazine.com,UK,7893
theahl.com,US,7893
laprensagrafica.com,MX,7892
sport.cz,EZ,7890
seniorennet.be,BE,7887
jcsentinel.com,US,7886
otago.ac.nz,NZ,7886
moddb.com,US,7885
nextedition.com.ng,NI,7881
kansan.com,US,7880
americatv.com.pe,PE,7871
onlinemadison.com,US,7869
batiactu.com,FR,7867
elperiscopio.cl,CI,7863
leaderherald.com,US,7860
usip.org,CH,7859
utsports.com,US,7856
etn.fi,FI,7855
evanstonroundtable.com,US,7853
wate.com,US,7851
ppcantabria.org,SP,7849
altroquotidiano.it,IT,7849
ukrainetoday.org,UP,7846
savannahtribune.com,US,7842
thelabradorian.ca,US,7840
elmundotoday.com,SP,7839
physiciansweekly.com,US,7838
enlacecordoba.com,MX,7837
smallcaps.com.au,AS,7836
anchoragepress.com,US,7832
ekonom.cz,EZ,7832
wtrf.com,US,7829
smartmania.cz,CH,7828
mypaper.sg,SN,7828
kosmo.com.my,ID,7828
b1047.com,US,7825
srad.jp,JA,7820
gaceta.es,SP,7820
tpo.nl,RS,7818
momentosera.it,IT,7817
gtp.gr,GR,7816
ldnews.com,US,7816
villagevoice.com,US,7816
journaldutchad.com,CD,7816
substack.com,US,7810
campaignasia.com,CH,7807
constructionweekonline.com,SA,7806
paisano-online.com,US,7805
piensachile.com,RS,7802
hourdetroit.com,US,7801
efestivals.co.uk,UK,7801
verlagshaus-jaumann.de,GM,7800
psychiatryadvisor.com,US,7795
thenorwester.ca,US,7793
twinkietown.com,US,7789
fiercehealthcare.com,US,7789
ringsidereport.com,US,7788
indiannewslink.co.nz,NZ,7787
reneweconomy.com.au,AS,7786
kormorant.co.za,SF,7785
president.go.ke,KE,7785
hooversun.com,US,7785
msuspartans.com,US,7785
tasteofhome.com,US,7782
livetradingnews.com,CH,7779
elviajero.com.do,US,7772
ussanews.com,US,7769
duboiscountyherald.com,US,7767
juvepoland.com,IT,7766
veronaoggi.it,IT,7762
whathifi.com,UK,7757
wlj.net,US,7756
gizmochina.com,CH,7751
haber24.com,TU,7750
birdsofsaudiarabia.com,SA,7747
techspot.com,US,7745
agoravox.tv,FR,7745
rtf1.de,GM,7743
congress.gov.ph,RP,7741
rtvoost.nl,NL,7739
ftadviser.com,UK,7735
kebuena.com.mx,MX,7732
tuscolatoday.com,US,7730
tomsguide.fr,FR,7727
rnb.co.jp,JA,7725
elbilad.net,AG,7722
starcourier.com,US,7718
interiordesign.net,US,7709
danburycountry.com,US,7707
klanmacedonia.mk,MK,7706
conowego.pl,PL,7704
slovoidilo.ua,UP,7702
star997.com,US,7701
wikitree.co.kr,KS,7701
executive-magazine.com,LE,7700
niw.nl,IS,7699
sciencepost.fr,US,7697
cenews.com.cn,CH,7697
spotlightpa.org,US,7697
blogspot.com,PO,7695
hoteldesigns.net,UK,7694
meillakotona.fi,FI,7693
legitymizm.org,PL,7692
admin.ch,SZ,7692
hoopshabit.com,US,7689
jamanetwork.com,US,7689
shifter.pt,PO,7687
pchrgaza.org,IS,7684
kansascityhomes.com,US,7683
heraldonline.co.zw,ZI,7682
afriquinfos.com,FR,7680
star967.net,US,7679
chilecomparte.cl,US,7679
25newsnow.com,US,7678
thekashmirwalla.com,IN,7674
norwichbulletin.com,US,7665
audubon.org,US,7664
mpt.gov.by,BO,7663
benefitscanada.com,CA,7652
parabuenosaires.com,AR,7650
nevadadailymail.com,US,7647
monde-diplomatique.fr,FR,7642
fagersta-posten.se,SW,7641
primorske.si,SI,7639
cambridgeday.com,US,7638
outsidelands.org,US,7637
moneycab.com,SZ,7633
quien.com,MX,7631
raumnes.no,NO,7629
rtb.bf,UV,7624
bredavandaag.nl,NL,7621
rcrwireless.com,US,7620
internetmedya.com,TU,7619
ai-cio.com,US,7616
highlandstoday.com,US,7615
inkfreenews.com,US,7614
z943radio.com,US,7611
c4isrnet.com,US,7608
asianinvestor.net,CH,7607
restate.ru,RS,7604
championnewspapers.com,US,7604
iaea.org,UP,7603
kerrang.com,UK,7602
madmoizelle.com,FR,7601
pittnews.com,US,7601
mix1049.com.au,AS,7600
arbiteronline.com,US,7597
umaryland.edu,US,7593
kingsofkauffman.com,US,7593
zdnet.fr,FR,7589
top24.mk,AL,7587
nationalfisherman.com,US,7586
thebaltimorebanner.com,US,7586
vop.co.kr,KS,7582
pabaon.com,US,7578
stamfordmercury.co.uk,UK,7578
canosaweb.it,IT,7576
asharq.com,IR,7576
maidstoneunited.co.uk,UK,7569
phantis.com,GR,7566
winemag.com,US,7563
puglianews24.eu,IT,7562
growingproduce.com,US,7560
redstateobserver.com,US,7559
955glo.com,US,7558
horseshoeheroes.com,US,7555
revolvermag.com,US,7552
themreport.com,US,7552
speaker.gov,US,7549
fosters.com,US,7543
newjerseymonitor.com,US,7542
argusmedia.com,US,7542
bravonet.ro,RO,7540
bothell-reporter.com,US,7534
mortgagebusiness.com.au,AS,7533
theupcoming.co.uk,UK,7533
weeklytimes.com.au,AS,7530
sortiraparis.com,FR,7529
telecomasia.net,US,7527
k923.fm,US,7527
calltothepen.com,US,7527
theworld.org,IS,7523
wkvi.com,US,7511
ht.no,NO,7509
newsbytesapp.com,IN,7506
thenexthoops.com,US,7505
laragione.eu,CH,7500
wearegreenbay.com,US,7499
netflixlife.com,US,7496
houstonseagle.com,US,7494
vmro-dpmne.org.mk,MK,7493
poweronline.com,US,7492
lesnewseco.fr,CA,7490
wrbiradio.com,US,7490
baltimoreravens.com,US,7489
socialistparty.org.uk,UK,7485
matica.hr,HR,7483
thegadgetman.org.uk,UK,7483
theeagleonline.com,US,7481
torontoobserver.ca,CA,7477
behindthebuckpass.com,US,7475
smithvilleherald.com,US,7474
dfnionline.com,CH,7474
computerhoy.com,SP,7473
frenchweb.fr,FR,7472
baophuyen.vn,VM,7468
newarkpostonline.com,US,7468
lostrillone.tv,IT,7467
literaturcafe.de,GM,7466
charlescitypress.com,US,7464
thegauntlet.ca,CA,7464
arhperspectiva.ru,RS,7457
konya.net.tr,TU,7453
weekbladdebrug.nl,NL,7450
huroncitizen.ca,CA,7449
kucb.org,US,7447
snjtoday.com,US,7447
vikings.com,US,7445
highsnobiety.com,US,7441
chd.lu,LU,7439
vogue.fr,FR,7438
worcestermag.com,US,7435
approdocalabria.it,IT,7435
karieri.bg,BU,7434
banglatribune.com,BG,7433
wvva.com,US,7433
moje-gniezno.pl,PL,7430
levenementprecis.com,BN,7429
blueshirtbanter.com,US,7429
diariolaregion.net,VE,7428
journallenord.com,CA,7425
bolpress.com,BL,7422
cancertherapyadvisor.com,US,7410
epress.am,AM,7409
sentinel-standard.com,US,7407
highlandernews.org,US,7399
inmeteo.net,IT,7399
bcliving.ca,CA,7398
plant.ca,CA,7397
riksdagen.se,SW,7393
cndigital.com.ar,AR,7392
ecodallecitta.it,IT,7389
pionline.com,US,7388
datacenterknowledge.com,US,7386
warm1069.com,US,7385
infohaiti.net,US,7382
zive.cz,EZ,7381
kscj.com,US,7379
telediariodigital.net,AR,7376
decorhint.com,US,7368
theforumnewsgroup.com,US,7367
columbusmonthly.com,US,7364
seminoles.com,US,7362
tvheute.at,AU,7359
drovers.com,US,7358
landline.media,US,7358
stranotizie.it,IT,7357
wrmf.com,US,7356
avto.info,SI,7355
bgnes.bg,BU,7354
goodwordnews.com,US,7354
eurotopics.net,RS,7353
astronomy.com,US,7352
hometown-pages.com,US,7349
nepm.org,US,7349
insuranceage.co.uk,UK,7346
fox21news.com,US,7339
bosshunting.com.au,AS,7339
mfa.bg,BU,7338
whav.net,US,7333
lankanewspapers.com,CE,7331
andhrawishesh.com,IN,7330
realclearinvestigations.com,US,7324
jb.pt,PO,7323
radioexpressfm.com,TS,7320
parabolicarc.com,US,7314
abcsaladillo.com.ar,AR,7312
hcamag.com,US,7309
lexpressguinee.com,GV,7309
slugmag.com,US,7309
graziadaily.co.uk,UK,7309
gjengangeren.no,NO,7309
publictechnology.net,UK,7306
auburn-reporter.com,US,7306
937kclb.com,US,7304
nationalaffairs.com,US,7303
courrier-picard.fr,FR,7301
empireofthekop.com,SP,7299
kicks1063.com,US,7292
defendingbigd.com,US,7287
as-coa.org,US,7287
neurologyadvisor.com,US,7286
le-republicain.fr,FR,7285
eurogamer.net,UK,7283
rawa.org,AF,7281
gasworld.com,US,7280
kcou.fm,US,7276
sacw.net,IN,7274
solarindustrymag.com,US,7271
sundayexpress.co.ls,LT,7270
marieclaire.com.tr,TU,7268
which.co.uk,UK,7268
billingsmix.com,US,7267
fangoria.com,US,7267
thestkittsnevisobserver.com,US,7266
boundarysentinel.com,CA,7265
libya-al-mostakbal.org,LY,7264
iastate.edu,US,7264
730ckdm.com,CA,7262
austurfrett.is,IC,7260
ford-trucks.com,US,7256
shelbystar.com,US,7256
thepacket.ca,US,7254
largus.fr,FR,7253
theindianalawyer.com,US,7247
igihe.com,RW,7246
ekurd.net,IZ,7245
vb.by,RS,7245
advantagenews.com,US,7241
theindependent.ca,CA,7238
phelpscountyfocus.com,US,7238
liverpoolworld.uk,UK,7233
milfordlive.com,US,7231
jacobin.com,US,7229
matsu-news.gov.tw,CH,7224
swfinstitute.org,US,7221
tanea.ca,GR,7220
motherearthnews.com,US,7220
thebarentsobserver.com,RS,7217
idag.dk,DA,7216
ckoi.com,CA,7215
sircharlesincharge.com,US,7214
baguiomidlandcourier.com.ph,RP,7210
channelafrica.co.za,SF,7208
dovepress.com,CH,7208
world-nuclear-news.org,US,7207
city.kharkiv.ua,UP,7204
isopixel.net,MX,7202
pelplin.pl,PL,7201
diariolosandes.com.ec,EC,7199
newyorktheatreguide.com,US,7196
helihub.com,US,7194
lapressa.it,IT,7193
orthospinenews.com,US,7189
offnews.info,RS,7185
pis.org.pl,PL,7184
investinglive.com,CH,7184
thenewsenterprise.com,US,7183
harrismartin.com,US,7181
tatlerasia.com,JA,7180
ulstertatler.com,UK,7179
bellona.org,RS,7179
sherbrookerecord.com,CA,7178
statehouse.gov.sc,SE,7177
armoneyandpolitics.com,US,7177
utexas.edu,US,7175
progress-index.com,US,7173
soutalkhaleej.net,KU,7170
hometohavana.com,CU,7170
united24media.com,RS,7168
leju.com,CH,7165
ytn.co.kr,KS,7164
terrain.org,US,7164
speedwaydigest.com,US,7163
nigerianbulletin.com,NI,7163
sunraysiadaily.com.au,AS,7162
funds-europe.com,UK,7154
realfoods.co.kr,KS,7151
qcsunonline.com,US,7147
mundinews.com,SP,7145
johnmenadue.com,CH,7143
ee-news.ch,SZ,7143
bizbash.com,US,7143
emorywheel.com,US,7141
deia.eus,SP,7138
allnightnippon.com,JA,7135
nt.se,SW,7130
theberkshireedge.com,US,7130
oren.ru,RS,7129
singaporenews.net,CH,7129
pollumajandus.ee,EN,7126
wevv.com,US,7125
pullmanradio.com,US,7125
osceolaiowa.com,US,7120
nordinfo.com,CA,7119
ptjornal.com,PO,7118
cna.org.cy,CY,7113
btpowerhouse.com,US,7112
alytausnaujienos.lt,LH,7110
vision.org.au,AS,7109
motori.it,IT,7109
cepal.org,US,7107
indianautosblog.com,IN,7106
insidehoops.com,US,7104
policetribune.com,US,7103
kadn.com,US,7102
ambienteambienti.com,IT,7100
billypenn.com,US,7095
neveitalia.it,IT,7095
powderbulksolids.com,US,7094
wmky.org,US,7090
runnermag.ca,CA,7090
hl.co.uk,UK,7090
smartasset.com,US,7090
appenmedia.com,US,7089
swnews4u.com,US,7089
baptistmessenger.com,US,7087
thesmokinggun.com,US,7085
piworld.com,US,7085
eabolivia.com,BL,7085
themobileindian.com,IN,7083
thebeaverton.com,CA,7082
tvwise.co.uk,UK,7077
chroniclenewspaper.com,US,7076
fvn.no,NO,7073
marijuanamoment.net,US,7072
nowthisnews.com,US,7070
bundeswehr.de,GM,7068
newswire.co.nz,NZ,7066
longreads.com,US,7065
wrsi.com,US,7065
endocrinologyadvisor.com,US,7062
dailyuw.com,US,7062
24haubenin.info,BN,7060
jbl.no,NO,7057
987thegrand.com,US,7055
presidence.pf,FR,7055
webtretho.vn,VM,7054
sejm.gov.pl,PL,7054
21stcenturywire.com,UP,7052
insidernj.com,US,7052
nocamels.com,IS,7050
dicardiology.com,US,7048
lausannecites.ch,SZ,7042
railpage.com.au,US,7041
whnt.com,US,7040
cyclenews.com,US,7038
andriaviva.it,IT,7037
foodprocessing.com.au,AS,7036
blabbermouth.net,US,7027
caspiannews.com,AJ,7027
k99wigm.com,US,7026
thefastmode.com,US,7021
electroiq.com,US,7020
globallegalpost.com,UK,7019
nwahomepage.com,US,7018
dchieftain.com,US,7014
beveiligingnieuws.nl,NL,7013
cnetfrance.fr,FR,7013
launion.com.ar,AR,7013
vs.rs,RI,7012
mgross.com,US,7012
thewest.com.au,AS,7010
ehitusuudised.ee,EN,7010
duna.cl,CI,7009
qsrweb.com,US,7008
truenorthtimes.ca,CA,7006
miningreview.com,SF,7006
venturebeat.com,US,7005
ecodelchisone.it,IT,7004
coinworld.com,US,7004
wtaw.com,US,7004
cjhk.ca,CA,7003
xatakamovil.com,SP,7003
ack.net,US,7002
ukauthority.com,UK,6999
kaubandus.ee,EN,6998
journalism.co.uk,UK,6994
pctechmag.com,UG,6991
kobieta.pl,PL,6989
telegramme228.com,TO,6987
ndmais.com.br,BR,6979
thecoastguard.ca,US,6978
calmatters.org,US,6976
friendsjournal.org,US,6976
warsheekh.com,SO,6974
maspero.eg,EG,6971
bigrapidsnews.com,US,6971
litterboxcats.com,US,6971
squaremile.com,UK,6967
derveni.mk,MK,6967
gursesgazetesi.com,TU,6967
baristanet.com,US,6965
cutbankpioneerpress.com,US,6965
mnsu.edu,US,6963
socialistii.md,MD,6961
healthaffairs.org,US,6960
travelweekly.co.uk,UK,6954
odishatv.in,IN,6953
palmcoastobserver.com,US,6950
shop-eat-surf.com,US,6948
shqip.com,AL,6947
newsnet5.com,US,6946
tarsushaber.com,TU,6945
portlincolntimes.com.au,AS,6942
smoothradio.com,UK,6941
dcvelocity.com,US,6940
montpelierbridge.org,US,6936
umterps.com,US,6931
irishfa.com,UK,6929
mansionglobal.com,US,6925
sciencebusiness.net,UK,6925
exploredplanet.com,US,6925
theshorthorn.com,US,6924
mustsharenews.com,SN,6924
punemirror.com,IN,6923
cameroon-info.net,CM,6921
thegremlin.co.za,SF,6920
ourtribune.com,US,6916
brookings.edu,US,6915
aperture.org,US,6915
catholicherald.co.uk,US,6913
nigerdiaspora.net,NG,6911
thephoto-news.com,US,6908
klassik.com,GM,6907
begeek.fr,US,6906
automotive-online.nl,NL,6905
thecordovatimes.com,US,6904
themercury.com,US,6903
executivetraveller.com,AS,6901
98kupd.com,US,6899
apk-inform.com,UP,6899
servernews.ru,RS,6898
rock937online.com,US,6898
vn.nl,NL,6896
amusementtoday.com,US,6896
informationclearinghouse.info,RS,6895
legalbusinessonline.com,CH,6893
krnb.com,US,6892
vlaamsbelang.org,BE,6892
junkee.com,AS,6891
tuamherald.ie,EI,6891
hitconsultant.net,US,6890
wlea.net,US,6889
kykernel.com,US,6887
techcentral.co.za,SF,6886
aguasdigital.com,MX,6884
motorline.cc,AU,6883
radiofides.com,BL,6880
etlehti.fi,FI,6876
infoclm.es,SP,6874
relevantmagazine.com,US,6869
economy.gov.by,BO,6869
pwinsiderxtra.com,US,6869
fishduck.com,US,6866
magnumlaradio.com,FR,6864
climatempo.com.br,BR,6863
carasycaretas.org.ar,AR,6862
thepresidency.gov.za,SF,6860
itbiz.cz,EZ,6858
marketpulse.com,CH,6857
leskanaris.com,US,6857
techzine.nl,NL,6856
gaytimes.co.uk,UK,6852
counton2.com,US,6839
kissfm.net,US,6834
mahoningmatters.com,US,6833
iranwire.com,IR,6830
voaafrique.com,US,6830
gelrenieuws.nl,NL,6829
ship2shore.it,IT,6828
wiov.com,US,6826
medafricatimes.com,MO,6825
popculture.com,US,6824
mountaintimes.info,US,6823
taxguru.in,IN,6823
yourinvestmentpropertymag.com.au,AS,6823
journalstandard.com,US,6822
thelawyermag.com,AS,6822
nieuwsopbeeld.nl,UK,6820
veritaeaffari.it,IT,6819
skepticalscience.com,US,6817
usc.edu,US,6817
okayafrica.com,NI,6816
environewsnigeria.com,NI,6815
cdc.gov,US,6815
bedtimesmagazine.com,US,6813
asu.edu,US,6811
adressa.no,NO,6810
indeonline.com,US,6807
airforce-technology.com,UK,6804
etc.pe,PE,6802
viveremarche.it,IT,6802
beyondchron.org,US,6801
vecherniy.kharkov.ua,UP,6800
agmetalminer.com,CH,6797
coastalreview.org,US,6795
nigeriastandardnewspaper.com,NI,6793
fredzone.org,US,6789
kgun9.com,US,6787
sbcnews.co.uk,UK,6786
danielfooddiary.com,SN,6786
mybroadband.co.za,SF,6785
sooeveningnews.com,US,6785
moked.it,IS,6780
chicagonow.com,US,6779
racunalniske-novice.com,SI,6779
europeanbusiness.gr,GR,6777
shepherdstownchronicle.com,US,6777
avestatidning.com,SW,6777
jewishexponent.com,IS,6776
policymattersohio.org,US,6775
businesswest.com,US,6772
taskandpurpose.com,US,6771
um.fi,FI,6769
times-advocate.com,US,6768
mcdonoughvoice.com,US,6767
uscatanzaro.net,IT,6766
riverdalepress.com,US,6764
theonefeather.com,US,6760
studiointernational.com,UK,6759
techau.com.au,AS,6751
aba.org,US,6751
storeinsider.hu,HU,6749
smartertravel.com,US,6749
wboy.com,US,6748
irontontribune.com,US,6746
elvenezolano.com.pa,PM,6745
maritima.info,FR,6743
95047.it,IT,6741
seacoastcurrent.com,US,6741
georgiabulletin.org,US,6740
larevue.qc.ca,CA,6740
fcfreepresspa.com,US,6740
evwind.es,US,6739
scitechdaily.com,US,6738
taftmidwaydriller.com,US,6737
solovei.info,RS,6736
maysville-online.com,US,6735
bunkyo.org.br,JA,6734
parkerpioneer.net,US,6734
eichlernetwork.com,US,6733
bringonthecats.com,US,6730
nursinginpractice.com,UK,6729
radiovereniki.gr,GR,6726
philomathnews.com,US,6722
dailyfx.com,UK,6721
cubaencuentro.com,CU,6719
ilemaurice-tourisme.info,FR,6719
bajanreporter.com,BB,6718
capitalandmain.com,US,6716
lifeinnorway.net,NO,6715
espn.com.mx,MX,6715
wilmslow.co.uk,UK,6714
wdbr.com,US,6714
pattayamail.com,TH,6712
naturalgasworld.com,RS,6711
yourvalley.net,US,6711
kanoner.com,RS,6709
facta.co.jp,JA,6708
camerounlink.com,CM,6706
boerderij.nl,NL,6703
gbmradio.com,MX,6703
pressparty.com,US,6703
sawtbeirut.com,IR,6698
sinardaily.my,MY,6697
medgadget.com,US,6695
andrialive.it,IT,6691
osservatoreromano.va,IT,6686
thedailyiberian.com,US,6684
maine.gov,US,6680
dukagjini.com,KV,6680
natchezdemocrat.com,US,6680
hebdorivenord.com,CA,6679
blvd.fm,CA,6676
spencerdailyreporter.com,US,6674
newspress.fr,UP,6673
rottentomatoes.com,US,6672
sfvbj.com,US,6671
actvusa.com,AL,6670
netindia123.com,IN,6669
belfastmedia.com,UK,6668
science.org,US,6666
elovallino.cl,CI,6664
botapress.info,KV,6663
psdispatch.com,US,6663
foodpoisonjournal.com,US,6662
sanhati.com,IN,6660
acm.org,US,6659
canadiangeographic.ca,CA,6658
macon.com,US,6657
newuniversity.org,US,6655
readwrite.com,US,6654
altpress.com,US,6654
giornaleibleo.it,IT,6654
aclj.org,US,6652
mindmegette.hu,HU,6644
nerdwallet.com,US,6644
canadafrancais.com,CA,6642
newshub.co.nz,NZ,6641
merrittherald.com,CA,6639
brecha.com.uy,UY,6631
showbizz.net,CA,6630
rd.com,US,6630
thefinancialexpress.com.bd,BG,6628
spaldingtoday.co.uk,UK,6627
hoteliermiddleeast.com,AE,6625
wfpg.com,US,6624
thewave.ca,CA,6622
noodls.com,US,6618
tigulliovino.it,IT,6617
tonganoxiemirror.com,US,6617
whitehorsestar.com,CA,6615
landreport.com,US,6615
jornaldotocantins.com.br,BR,6615
metalinsider.net,US,6612
esquiremag.ph,RP,6611
fiu.edu,US,6609
jnytt.se,SW,6607
yachtingmonthly.com,UK,6606
traderlink.it,IT,6605
ntacalabria.it,IT,6605
publimetro.cl,CI,6600
thefa.com,UK,6596
krny.com,US,6595
dakotabroadcasting.com,US,6594
drbicuspid.com,US,6592
genbeta.com,SP,6591
sdnewswatch.org,US,6590
irelandsown.ie,EI,6589
racing.com,AS,6589
minicassia.com,US,6588
gqitalia.it,IT,6587
lapostexaminer.com,US,6584
sportrbc.ru,RS,6578
thedubrovniktimes.com,HR,6575
thearcticsounder.com,US,6572
fantasypros.com,US,6568
bollyspice.com,IN,6564
infovercelli24.it,IT,6564
revistaeyn.com,US,6562
shipandbunker.com,SN,6556
dtnpf.com,US,6555
tnx.africa,KE,6554
srilankaguardian.org,RS,6554
boxinginsider.com,US,6554
gw2ru.com,RS,6554
monmouthshirebeacon.co.uk,UK,6554
lv7.com.ar,AR,6549
PalatkaDailyNews.com,US,6548
cridem.org,MR,6548
wreg.com,US,6545
myweekend.ru,RS,6544
folkebladet.no,NO,6544
centralillinoisproud.com,US,6540
westernbulldogs.com.au,AS,6540
theugandanjobline.com,UG,6539
internationaltimes.it,UK,6537
y-103.com,US,6531
mypanhandle.com,PM,6527
obiettivonews.it,IT,6525
gisuser.com,US,6525
hortweek.com,UK,6523
srqmagazine.com,US,6522
ej.ru,RS,6522
linuxfr.org,FR,6520
nautica.it,IT,6519
sammobile.com,IN,6518
politifact.com,US,6517
bengals.com,US,6517
pasmi.ru,RS,6517
rispito.com,GV,6515
arabweek.com.lb,LE,6515
literock959.com,US,6514
cypnow.co.uk,UK,6514
haberartiturk.com,TU,6512
disabilityscoop.com,US,6506
emmetsburgnews.com,US,6506
mypharma-editions.com,FR,6506
lookoutnewspaper.com,CA,6504
americanmilitarynews.com,US,6504
fb.org,US,6504
kbzn.com,US,6501
eljaya.com,US,6495
lendio.com,US,6495
cobizmag.com,US,6487
businesslive.co.za,RS,6487
fotospor.com.tr,TU,6485
sandnesposten.no,NO,6480
hrmagazine.co.uk,UK,6478
bustedcoverage.com,US,6477
azom.com,US,6476
psa.gov.ph,RP,6476
business-swiss.ch,SZ,6475
floridarealtors.org,US,6472
ladunliadinews.com,NI,6471
sport24.gr,GR,6471
kenya-today.com,KE,6470
gazzettadiavellino.it,IT,6469
manxradio.com,UK,6467
pradeepamonline.com,IN,6466
dailytoreador.com,US,6465
nfnews.com,CH,6462
offshore-technology.com,US,6460
secularhumanism.org,US,6458
lolwot.com,US,6458
pakistanabroad.com,PK,6456
edweek.org,US,6451
atalayar.com,MO,6449
live955.com,US,6446
prostamerika.com,US,6445
cantondailyledger.com,US,6444
valleycenter.com,US,6443
thepoliticalcesspool.org,US,6443
ckua.com,CA,6443
reviewingthebrew.com,US,6442
europa-nu.nl,UP,6442
notiuno.com,US,6442
analist.nl,US,6438
elsoldesantiago.com,US,6436
police.gov.sg,SN,6436
brindisisera.it,IT,6435
good.is,US,6434
portugalresident.com,PO,6431
firstshowing.net,US,6430
parking.net,US,6428
success.com,US,6417
losc.fr,FR,6416
wardsauto.com,US,6416
blog.jp,JA,6413
tcu360.com,US,6413
philnews.ph,RP,6412
levelup.com,JA,6412
kool973.com,US,6409
thejustice.org,US,6408
awate.com,ER,6405
palsolidarity.org,IS,6404
viperrocks.com,US,6400
ciperchile.cl,CI,6399
hotcountrybull.com,US,6395
glamour.com,US,6393
elitedaily.com,US,6391
filmmakermagazine.com,US,6390
indianz.com,US,6387
tgregione.it,IT,6387
ictjournal.ch,SZ,6384
thealmanac.net,US,6384
winnersandwhiners.com,US,6381
pambazuka.org,US,6381
10best.com,US,6377
peoriatimes.com,US,6376
pv-magazine-usa.com,US,6376
utahutes.com,US,6373
pcgames.de,GM,6373
agnews890.com,US,6371
theonion.com,US,6371
rap-up.com,US,6368
bonappetit.com,US,6366
altaz933.com,US,6362
chelseaupdate.com,US,6361
kaleidoscot.com,US,6360
sfweekly.com,US,6358
screencrush.com,US,6357
thedialog.org,US,6357
irishconstruction.com,EI,6356
musicconnection.com,US,6348
amerika21.de,US,6347
mobileworldlive.com,CH,6346
reviewnepal.com,NP,6346
lewistownnews.com,US,6345
politik-live.at,RS,6340
michalkiewicz.pl,PL,6340
kwhl.com,US,6339
eyjafrettir.is,IC,6338
jetnation.com,US,6335
beograd.rs,RI,6335
farmtalknews.com,US,6332
itmagazine.ch,SZ,6332
xjtvs.com.cn,CH,6330
thearabtribune.com,US,6329
sudnews.it,IT,6325
html.it,IT,6324
mindanaoexaminer.com,RP,6321
bannergraphic.com,US,6317
thecitizenng.com,NI,6317
moonfruit.com,US,6312
agenciasinc.es,SP,6312
keskilaakso.fi,FI,6309
lavocedellisola.it,IT,6308
woxx.lu,LU,6307
cityandstatepa.com,US,6304
biomassmagazine.com,US,6304
ekushey-tv.com,BG,6301
shootonline.com,US,6298
redpolitica.mx,MX,6296
horecatrends.pl,PL,6295
fas.org,US,6293
elchiguirebipolar.net,VE,6292
alqassam.ps,IS,6292
ainonline.com,US,6290
applianceretailer.com.au,AS,6289
sixthtone.com,CH,6285
engineeringevil.com,US,6284
pollutiononline.com,US,6283
wkuherald.com,US,6282
gazettengr.com,NI,6279
alvolante.it,IT,6278
notesfrompoland.com,PL,6276
turku.fi,FI,6272
nplusonemag.com,US,6270
power95.net,US,6269
z103.fm,US,6269
cherokeescout.com,US,6268
gazeteuzay.com,TU,6267
uab.edu,US,6257
canal-ar.com.ar,AR,6256
autorevue.cz,EZ,6255
tnh1.com.br,BR,6253
giornalettismo.com,IT,6253
japantrends.com,JA,6253
al-madina.com,SA,6250
tiedetuubi.fi,FI,6246
abs-cbn.com,RP,6243
cam.ac.uk,UK,6242
harmonytalk.com,IR,6242
thesundevils.com,US,6241
nationalenquirer.com,US,6241
heralddemocrat.com,US,6240
vanyaland.com,US,6238
occhioviterbese.it,IT,6238
forensicmag.com,US,6238
kff.org,US,6237
southafricavotes2014.co.za,SF,6237
einpresswire.com,US,6235
health.com,US,6235
internationalaccountingbulletin.com,UK,6234
theprideoflondon.com,UK,6232
detroitjockcity.com,US,6229
foodbev.com,UK,6228
southfloridareporter.com,US,6226
tribecacitizen.com,US,6219
athleticbusiness.com,US,6218
finegael.ie,EI,6218
nynashamnsposten.se,SW,6216
spaceref.com,US,6216
dominicanoshoy.com,US,6209
star1025.com,US,6208
thelinknewspaper.ca,CA,6208
theafricareport.com,NI,6208
jungle.world,GM,6203
impactnottingham.com,UK,6198
europeonline-magazine.eu,GM,6193
globalgovernmentforum.com,UK,6192
laurinburgexchange.com,US,6191
prostobiz.ua,UP,6191
theintell.com,US,6191
perrytribune.com,US,6185
austinmonitor.com,US,6184
avpress.com,US,6181
sfpublicpress.org,US,6181
nassauweekly.com,US,6179
ilportico.it,IT,6177
motslnews.com,SP,6177
tntmagazine.com,UK,6177
1015hankfm.com,US,6174
aljadeed.tv,LE,6172
haligonia.ca,CA,6172
ch-aviation.com,US,6172
kashmirtimes.in,IN,6171
nd.edu,US,6170
senior-perks.com,US,6165
feykir.is,IC,6165
theamericanscholar.org,US,6162
balcanicaucaso.org,IT,6162
ilpiccolo.net,EG,6162
portpirierecorder.com.au,AS,6160
bigtakeover.com,US,6159
onlinenews.com.pk,PK,6158
jesus.de,GM,6151
appgefahren.de,GM,6149
onlinepc.ch,SZ,6147
hiphople.com,KS,6146
bdg.news,RS,6146
slcdunk.com,US,6145
legalbusiness.co.uk,UK,6143
dazebaonews.it,IT,6143
dnkb.com.cn,CH,6141
realtybiznews.com,US,6141
societyforscience.org,US,6140
benchmark.rs,CH,6139
notiactual.com,VE,6137
bohemian.com,US,6135
pursuitist.com,US,6134
guitarplayer.com,US,6133
image.ie,EI,6132
electronicintifada.net,IS,6132
delawarebusinessnow.com,US,6127
mortgageorb.com,US,6126
internationalsupermarketnews.com,UK,6124
nbcsportsedge.com,US,6123
eyesonnews.com,IN,6122
highschoolot.com,US,6122
vm.gov.lv,LG,6121
ilquotidianoitaliano.com,IT,6114
livedoor.jp,JA,6112
greentechlead.com,US,6111
greaterkashmir.com,IN,6107
shareprices.com,UK,6106
kwiq.com,US,6103
wtax.com,US,6102
hypebot.com,US,6101
kuulutaja.ee,EN,6100
japan-forward.com,JA,6100
railwaymagazine.co.uk,UK,6097
tetonvalleynews.net,US,6096
wired.jp,JA,6095
wduv.com,US,6094
marchenews24.it,IT,6093
superhits106.com,US,6091
jocoreport.com,US,6082
forconstructionpros.com,US,6082
wbnowqct.com,US,6081
cubuffs.com,US,6079
indianacapitalchronicle.com,US,6074
breezejmu.org,US,6072
truthnigeria.com,NI,6069
dailysach.in,IN,6068
telegraphnepal.com,NP,6067
equibase.com,US,6067
klfy.com,US,6066
inese.es,SP,6065
belmondnews.com,US,6059
trendydigests.com,US,6058
knkx.org,US,6056
gocountry105.com,US,6049
allodocteurs.fr,FR,6045
telecomtv.com,UK,6044
ecuadortimes.net,EC,6044
mediafeed.org,US,6044
analist.be,US,6043
tbs.co.jp,JA,6043
uscatholic.org,US,6040
ballparkdigest.com,US,6036
themaneater.com,US,6035
hardnieuws.nl,NL,6034
deltaplexnews.com,US,6034
tvnews.mk,AL,6034
lawfareblog.com,US,6032
boatingindustry.com,US,6031
phillyburbs.com,US,6029
wsipam.com,US,6028
railway-technology.com,UK,6028
thedailymash.co.uk,UK,6023
chef.se,SW,6023
nurseryworld.co.uk,UK,6022
sustainablebusiness.com,US,6019
laineygossip.com,US,6019
carmagazine.co.uk,UK,6018
com-magazin.de,GM,6017
denipt.com.au,AS,6016
fishingworld.com.au,AS,6016
littlevillagemag.com,US,6014
bitacora.com.uy,US,6014
vikalpa.org,CE,6013
mundo-nipo.com,JA,6013
ed.gov,US,6012
trome.com,PE,6012
biospace.com,US,6000
dailypost.in,IN,6000
diregiovani.it,IT,5999
lincolncourier.com,US,5993
streetwisejournal.com,US,5990
parikiaki.com,CY,5987
farmersadvance.com,US,5985
skovdenyheter.se,SW,5985
1063thegroove.com,US,5984
hopeprescott.com,US,5984
dagensbok.com,SW,5983
massdevice.com,US,5982
updatesnews.com,UK,5982
kolhazman.co.il,IS,5979
carriagetownenews.com,US,5978
ceutaldia.com,SP,5978
infomotori.com,IT,5977
tvedestrandsposten.no,NO,5974
bnamericas.com,US,5973
albertleatribune.com,US,5972
gmatclub.com,US,5968
news24online.com,IN,5967
nacla.org,US,5967
gouv.ne,NG,5958
mersinhaberler.com,TU,5955
euractiv.it,UP,5953
iculture.nl,NL,5950
theflorentine.net,IT,5947
psucollegian.com,US,5946
pcguru.hu,US,5943
queensjournal.ca,CA,5942
landlantbruk.se,SW,5942
minpal.gob.ve,VE,5941
liberoreporter.it,IT,5939
almadaralkhaliji.net,SA,5939
tiogapublishing.com,US,5937
fbi.gov,US,5936
sport.pl,PL,5935
saudiweb.net,SA,5935
bhamnow.com,US,5935
iranfocus.com,IR,5933
distributique.com,FR,5932
foodnavigator-asia.com,CH,5931
therandolphleader.com,US,5926
kgrg.com,US,5923
limelightmagazine.com.au,AS,5915
wjsu.org,US,5914
bnpb.go.id,ID,5913
genengnews.com,US,5912
poder360.com.br,BR,5909
thunderousintentions.com,US,5908
borkena.com,ET,5900
defensa.gob.es,SP,5900
touringclub.it,IT,5900
pga.com,US,5898
1150kknw.com,US,5896
dailyeasternnews.com,US,5894
pmg-sc.com,US,5894
shelly.org.il,IS,5893
cardcritics.com,US,5891
nicola.jp,JA,5886
theparisreview.org,US,5885
frontiersin.org,CH,5882
islandsbusiness.com,FJ,5882
transconflict.com,IS,5880
newsincyprus.com,CY,5879
powwows.com,US,5878
teamusa.org,US,5877
strategic-culture.org,RS,5876
q106.com,US,5876
glassmagazine.com,US,5875
xgn.nl,NL,5874
sabr.cc,KU,5872
ittefaq.com.bd,BG,5872
colostate.edu,US,5871
floridianpress.com,US,5870
nexto.pl,PL,5865
flaunt.com,US,5864
literalmagazine.com,MX,5862
ashdownradio.com,UK,5861
wk-rh.fr,FR,5861
telecomlead.com,IN,5860
illibraio.it,IT,5858
pbswisconsin.org,US,5858
fiskeribladet.no,NO,5858
neuquen.gov.ar,AR,5855
diginomica.com,UK,5852
forzaroma.info,IT,5851
don-news.net,UP,5851
boell.de,GM,5851
nasdaq.com,US,5849
insidetucsonbusiness.com,US,5845
bolsamania.com,US,5844
zeebiz.com,IN,5843
sameway.com.au,CH,5843
sportingnews.com,US,5841
accountantsdaily.com.au,AS,5840
newsfromthestates.com,US,5840
health-e.org.za,SF,5838
porkbusiness.com,US,5837
hindupad.com,IN,5835
techzim.co.zw,ZI,5834
rockol.it,IT,5834
ticker.com,CH,5833
stilwelldemocrat.com,US,5833
el-zamalek.com,EG,5831
texastech.com,US,5829
coastsidenews.com,US,5828
teesdalemercury.co.uk,UK,5823
hapblog.com,CH,5820
lrv.lt,LH,5820
railpro.co.uk,UK,5820
247ureports.com,NI,5818
jamsanseutu.fi,FI,5816
crawfordcountyavalanche.com,US,5816
yourdailyjournal.com,US,5815
bbs.bt,BT,5814
4hoteliers.com,CH,5810
direttanews.it,IT,5810
tvn.cl,CI,5809
tristatehomepage.com,US,5808
agdaily.com,US,5807
lite96.com,US,5805
dailytargum.com,US,5799
elfagrlive.com,EG,5798
thehorse.com,US,5796
infoshqip.com,MK,5795
buchreport.de,GM,5794
impetu.pe,PE,5793
sharri.info,MK,5793
philkotse.com,RP,5793
myarklamiss.com,US,5793
hudson.org,RS,5792
sarajevotimes.com,BK,5792
wgnradio.com,US,5788
cilfm.com,US,5788
huffingtonpost.kr,KS,5787
metrowestdailynews.com,US,5785
oilandgasonline.com,US,5785
proiezionidiborsa.it,IT,5783
oit.edu,US,5782
diariopinion.com,EC,5782
sapeople.com,SF,5781
wfft.com,US,5780
whyallanewsonline.com.au,AS,5777
heartland.org,US,5775
northcarolinahealthnews.org,US,5775
riverineherald.com.au,AS,5770
turkpress.co,TU,5767
unilad.com,US,5766
thepatriot.co.bw,BC,5764
lelaurentien.ca,CA,5763
theclemsoninsider.com,US,5759
enterprisenews.com,US,5758
telegram.ee,EN,5758
thelundreport.org,US,5757
bookreporter.com,US,5756
itnonline.com,US,5755
novice24.net,SI,5753
mediacentre.go.ug,UG,5752
enallaxnews.gr,GR,5752
hawarnews.com,SY,5751
gazetasredzka.pl,PL,5749
chargers.com,US,5748
tatler.com,UK,5742
wisr680.com,US,5741
clubalfa.it,IT,5741
media2.pl,PL,5741
ct.gov,US,5739
agenceafrique.com,MO,5738
filmpro.ru,RS,5738
cq.gov.cn,CH,5734
pesarourbinonotizie.it,IT,5733
indexjournal.com,US,5732
carwash.com,US,5731
pln24.ru,RS,5731
communitycare.co.uk,UK,5727
pctonline.com,US,5726
poncacitynow.com,US,5726
scholarsandrogues.com,US,5724
laprovinciadelsulcisiglesiente.com,IT,5724
oregoncoasttoday.com,US,5724
omandaily.om,MU,5723
spaceflightnow.com,US,5720
gazzettadilivorno.it,IT,5720
cherwell.org,UK,5718
studiocataldi.it,IT,5717
curacaochronicle.com,NL,5717
rustourismnews.com,UP,5712
adital.com.br,BR,5711
wspa.com,US,5709
unipd.it,IT,5708
androidauthority.com,CH,5707
minimaetmoralia.it,IT,5704
moderntiredealer.com,US,5703
worth.com,US,5703
destructoid.com,JA,5702
newsonair.gov.in,IN,5701
citinewsroom.com,GH,5699
arkadelphian.com,US,5698
ts.cn,CH,5697
blogspan.net,GM,5697
jam-news.net,AJ,5695
fourstateshomepage.com,US,5694
kumanichi.com,JA,5693
sonomasun.com,US,5692
chly.ca,CA,5687
theaggie.org,US,5684
strangehorizons.com,US,5684
aldo2.com,AE,5683
diariomedico.com,SP,5682
camdenarknews.com,US,5682
tamaulipasenlinea.mx,MX,5681
foodnavigator.com,UK,5681
lecourrier.ch,SZ,5681
arainfo.org,MX,5679
fortuneindia.com,IN,5678
tabloidmedia.co.za,SF,5678
mountainx.com,US,5677
nintendoeverything.com,JA,5675
971kissfm.com,US,5675
ubc.ca,CA,5671
dgap.de,GM,5670
chinarhyming.com,CH,5669
www.gov.ge,US,5669
greenprophet.com,IS,5666
interempresas.net,SP,5664
geopolitica.ru,RS,5664
tuobenessere.it,IT,5662
slovenia.info,SI,5661
newrock1041.fm,US,5661
thewestsidegazette.com,US,5659
planeteafrique.com,NG,5659
b1057.com,US,5658
collegiatetimes.com,US,5657
twice.com,US,5656
pensions-expert.com,UK,5654
businessnews24bd.com,BG,5653
euractiv.gr,UP,5653
923wnpc.com,US,5651
49erswebzone.com,US,5650
curetoday.com,US,5650
wausharaargus.com,US,5645
acton.org,US,5645
cjls.com,CA,5644
ohscanada.com,CA,5639
kvmr.org,US,5639
ledger-enquirer.com,US,5636
ohsonline.com,US,5635
hokej.cz,EZ,5634
dubaichronicle.com,AE,5634
killyourstereo.com,AS,5633
americasquarterly.org,US,5629
thecorner.eu,SP,5629
congopage.com,CF,5625
georgiapolicy.org,US,5624
elnaveghable.cl,CI,5623
villages-news.com,US,5622
superguidatv.it,IT,5621
sahanjournal.com,US,5619
victorharbortimes.com.au,AS,5618
ssir.org,US,5618
gamesindustry.biz,UK,5615
diplomatie.gouv.fr,FR,5613
suchtv.pk,PK,5610
vmagazine.com,US,5607
buzzfeednews.com,US,5607
house.gov,US,5602
gq-magazine.co.uk,UK,5601
hot1029.com,US,5600
olneyenterprise.com,US,5599
myk104.com,US,5598
energy953.com,US,5598
kualalumpurtimes.com,CH,5597
crimsonquarry.com,US,5595
guimaraesdigital.pt,PO,5591
theitaliantimes.it,IT,5590
ottawaxpress.ca,CA,5588
mainenewsonline.com,US,5588
thelinkpaper.ca,CA,5585
theequity.ca,CA,5585
greatnorthwestwine.com,US,5584
aspistrategist.org.au,AS,5584
digitpatrox.com,US,5580
ticklethewire.com,US,5579
hawaiibusiness.com,US,5578
larazon.net,VE,5576
arizonawildcats.com,US,5576
cdf.cl,AR,5576
rree.gob.sv,ES,5573
auburnvillager.com,US,5572
merip.org,IS,5570
voacambodia.com,CB,5569
denofgeek.com,US,5566
stomp.sg,SN,5565
artcollector.net.au,AS,5564
bearingdrift.com,US,5560
usatodayhss.com,US,5559
insomnia.gr,GR,5558
z1077fm.com,US,5558
georgetownvoice.com,US,5557
columbia.edu,US,5554
studlife.com,US,5552
vancouverisawesome.com,CA,5552
lonelyplanet.com,US,5551
orcadian.co.uk,UK,5549
dundalkleader.com,EI,5546
pcnen.com,IS,5541
losalamosreporter.com,US,5540
vidaextra.com,JA,5539
mediaforfreedom.com,IS,5538
radio-monaco.com,MN,5537
surfsantamonica.com,US,5536
noticiasdealava.eus,SP,5535
arte.tv,FR,5534
etcanada.com,US,5533
chiefexecutive.net,US,5531
www.pe.gov.br,BR,5531
webnews.it,IT,5529
thebristolian.net,UK,5527
electrek.co,US,5526
6000.co.za,SF,5526
theislanderonline.com.au,AS,5526
finews.com,SZ,5520
abbtakk.tv,PK,5520
k24tv.co.ke,KE,5517
ogirassol.com.br,BR,5513
yaktrinews.com,US,5512
quest.nl,NL,5512
diplomaticourier.com,RS,5511
napolitime.it,IT,5508
akhbrna.co,AE,5505
cei.int,UP,5503
femina.dk,DA,5501
945themoose.com,US,5500
klikk.no,NO,5499
effinghamherald.net,US,5499
rutgers.edu,US,5498
darkhorizons.com,US,5497
ephotozine.com,UK,5495
wgrr.com,US,5493
iowaenvironmentalfocus.org,US,5490
islandernews.com,US,5485
pr-journal.de,GM,5484
consumeraffairs.com,US,5483
mobiltelefon.ru,CH,5482
mystateline.com,US,5480
insidetracknews.com,CA,5480
networknorwich.co.uk,UK,5477
nhtrib.com,US,5476
telen.no,NO,5475
thefloridastar.com,US,5475
goldminemag.com,US,5475
mpasho.co.ke,KE,5473
fee.org,US,5472
pacom.mil,US,5469
newsbook.com.mt,MT,5466
luinonotizie.it,IT,5465
washdiplomat.com,US,5465
kxro.com,US,5463
mapexpress.ma,MO,5462
seatrade-maritime.com,CH,5458
bhg.com,US,5457
anothermag.com,US,5453
technicianonline.com,US,5450
wsfl.com,US,5446
hvzeeland.nl,NL,5445
sputnikipogrom.com,CH,5443
expertreviews.co.uk,UK,5443
macdailynews.com,US,5442
worldnow.in,US,5442
lavantage.qc.ca,CA,5439
sentieriselvaggi.it,IT,5435
headforpoints.com,UK,5433
eurovoix.com,SW,5432
fox8tv.com,US,5431
chinausfocus.com,CH,5428
stuttgarter-zeitung.de,GM,5428
verbanianotizie.it,IT,5428
wrul.com,US,5425
houseandgarden.co.uk,UK,5424
pmlive.com,UK,5424
eejournal.com,US,5421
kurdistan24.net,IZ,5420
muurileht.ee,EN,5418
kbear102.com,US,5414
979x.com,US,5413
cbs42.com,US,5413
lifestyleasia.com,TH,5411
verkehrsrundschau.de,GM,5410
goheels.com,US,5410
australianflying.com.au,AS,5410
techshohor.com,BG,5409
gbnews.uk,UK,5407
gouvernement.gov.bf,UV,5407
gamingbolt.com,JA,5405
khit1075.com,US,5403
gosycamores.com,US,5402
tfd.com,UK,5400
coloradotimesrecorder.com,US,5398
frettatiminn.is,IC,5397
nigerianpilot.news,NI,5392
tolerance.ca,CA,5389
expressng.com,NI,5389
mmanews.com,US,5388
eyjar.net,IC,5383
sabcnews.com,SF,5383
hydrocarbons-technology.com,US,5381
akersposten.no,NO,5380
arcoiris.com.co,CO,5379
militarymodelling.com,US,5378
gondola.be,BE,5378
utharadesam.com,IN,5376
reviewatlas.com,US,5375
saudia365.net,SA,5375
impact89fm.org,US,5374
ici.fr,FR,5374
avtora.com,BU,5372
laregion.ch,SZ,5371
mxdwn.com,US,5371
mixvale.com.br,BR,5369
nocutnews.co.kr,KS,5369
sabrenoise.com,US,5368
janes.com,UP,5367
frag-einen-anwalt.de,GM,5365
gilavalleycentral.net,US,5365
ledesk.ma,MO,5365
thenewsteller.com,US,5365
regione.emilia-romagna.it,IT,5363
korea.net,KS,5362
pushsquare.com,JA,5358
soundersfc.com,US,5357
aftermarketnews.com,US,5356
afghanistan.ru,AF,5356
vicepresidencia.gob.ve,VE,5355
catholicsentinel.org,US,5354
odessa-journal.com,UP,5353
okstate.com,US,5353
magazinec.com,US,5352
senado.gov.py,PA,5351
sbilanciamoci.info,IT,5351
mywabashvalley.com,US,5349
osijek.hr,HR,5347
nationalgeographic.com.es,SP,5347
duboiscountyfreepress.com,US,5346
salina.com,US,5345
openmarket.ru,RS,5345
castlerocknewspress.net,US,5345
insidepulse.com,US,5344
alleywatch.com,US,5344
centreforaviation.com,US,5342
russiamatters.org,RS,5342
puolustusvoimat.fi,FI,5342
hoopsrumors.com,US,5342
avante.pt,PO,5339
ktsm.com,US,5336
blackhawkup.com,US,5335
uatrav.com,US,5334
tirebusiness.com,US,5333
news-star.com,US,5329
europeantour.com,AE,5328
la-chronique-agora.com,US,5327
fiscalia.gob.sv,ES,5326
thebigdm.com,US,5325
imagelinenetwork.com,IT,5324
creativeboom.com,UK,5323
bowdoinorient.com,US,5322
showbizjunkies.com,US,5321
newjerseyglobe.com,US,5319
wbwn.com,US,5316
thelineofbestfit.com,UK,5316
geneseorepublic.com,US,5313
oyene.no,NO,5311
observatoriorh.com,SP,5311
chiefs.com,US,5309
focus.pl,PL,5309
mo.gov.cz,EZ,5307
etvmarche.it,IT,5306
techgear.gr,GR,5306
cosmo.com.ua,UP,5304
nyheteridag.se,SW,5304
thepeak1041.com,US,5304
goprincetontigers.com,US,5304
leggioggi.it,IT,5301
hellobeautiful.com,US,5300
hardanger-folkeblad.no,NO,5299
morganhilltimes.com,US,5297
idg.se,SW,5296
termometropolitico.it,IT,5293
offbeat.com,US,5293
socialistalternative.org,US,5292
todayonline.com,SN,5292
chrismon.de,GM,5289
forimmediaterelease.net,JM,5288
framtidinord.no,NO,5288
estampas.com,VE,5283
thebeat925.ca,CA,5278
ash.tm.fr,FR,5278
licensing.biz,UK,5277
tvinsider.com,US,5277
motogp.com,IT,5276
rockchalktalk.com,US,5275
photo.gr,GR,5275
critic.co.nz,NZ,5273
bellevuereporter.com,US,5273
stthomastoday.ca,CA,5272
ure.es,SP,5271
brandsouthafrica.com,SF,5271
serbenfiquista.com,PO,5271
pfonline.com,US,5270
cetoday.ch,SZ,5269
providenceonline.com,US,5268
torresette.news,IT,5266
computerbase.de,GM,5266
wehoville.com,US,5265
30dumi.eu,BU,5262
tablety.pl,CH,5262
withthefirstpick.com,US,5261
thebollard.com,US,5258
oliveoiltimes.com,IT,5256
capitol-beat.org,US,5256
cosmoradio.gr,GR,5255
comune.trento.it,IT,5251
banett.no,NO,5245
brindisioggi.it,IT,5243
inversorlatam.com,AR,5243
utro.life,RS,5242
techniques-ingenieur.fr,FR,5240
barcauniversal.com,SP,5240
muyinteresante.es,SP,5239
nomadlawyer.org,US,5238
purepc.pl,PL,5235
thearabdailynews.com,US,5234
mondaymag.com,CA,5232
camara.gov.co,CO,5231
dailysquib.co.uk,UK,5230
ragusaoggi.it,IT,5229
themountaineer.com,US,5228
mymix923.com,US,5227
techbullion.com,US,5226
missouristate.edu,US,5224
miroirsocial.com,FR,5222
pointblanknews.com,NI,5221
ckbw.ca,CA,5220
kohanews.com,AL,5217
radiofreesyria.com,SY,5216
pakistantimes.com,PK,5215
autodaily.vn,VM,5209
pdt.org.br,BR,5207
elacontecer.com.uy,UY,5207
urbanrealm.com,UK,5206
scmagazine.com,US,5205
granthamjournal.co.uk,UK,5205
mcknightsseniorliving.com,US,5204
wbry.com,US,5203
fortmacleodgazette.com,CA,5202
wmskamfm.com,US,5201
ttnews.com,US,5201
erkansaka.net,TU,5198
hombre1.com,US,5198
thelancet.com,UK,5197
slobodenpecat.mk,MK,5196
pocket-lint.com,US,5193
warbirdsnews.com,US,5190
updatednews.ca,US,5189
asamblea.gob.pa,PM,5189
westmorelandtimes.com,JA,5186
kutx.org,US,5185
krbd.org,US,5180
togozine.com,US,5179
tetu.com,FR,5173
alderleyedge.com,UK,5173
portugalconfidential.com,PO,5172
lejecos.com,SG,5172
ibtimes.sg,US,5170
mdcoastdispatch.com,US,5169
nwnewsnetwork.org,US,5168
mchnews.com,US,5168
theasian.asia,US,5167
latinopinionbaltimore.com,US,5166
fpri.org,RS,5165
ox.ac.uk,UK,5163
roboticstomorrow.com,US,5163
boisestate.edu,US,5163
rebusinessonline.com,US,5162
jonesbahamas.com,BF,5162
writersdigest.com,US,5160
knoxpages.com,US,5158
asiapress.org,KN,5158
bakeryandsnacks.com,UK,5156
latelelibre.fr,FR,5156
mromagazine.com,CA,5155
rescue.org,UP,5154
espn.co.uk,US,5154
elblogsalmon.com,SP,5148
enterprisepub.com,US,5147
vnreview.vn,VM,5144
kentuckyderby.com,US,5143
ut.se,SW,5143
thejournal-news.net,US,5142
osthessen-news.de,GM,5141
madeinalabama.com,US,5137
emlaklansman.com,CH,5136
airwaysmag.com,US,5133
krsl.com,US,5133
culturageek.com.ar,AR,5132
gov.bi,BY,5131
revuedesdeuxmondes.fr,FR,5131
thelcn.com,US,5130
warrackherald.com.au,AS,5129
registraduria.gov.co,CO,5128
southwestarkansasradio.com,US,5128
onrec.com,UK,5127
pewtrusts.org,US,5126
livingstonparishnews.com,US,5124
irish-boxing.com,EI,5124
maximumfun.org,US,5122
mix987.com,US,5121
ajaxlife.nl,NL,5120
zonecoverage.com,US,5117
aze.media,AJ,5115
hoogeveenschecourant.nl,NL,5114
moi.gov.ae,AE,5111
arroyodiario.com.ar,BR,5110
housseniawriting.com,US,5110
wrgc.com,US,5108
oborona.ru,RS,5104
retaildetail.eu,BE,5100
hoards.com,US,5098
sardegnaoggi.it,IT,5095
therogersvillereview.com,US,5094
apostrophe.ua,UP,5093
kspress.com,US,5092
fnbnews.com,IN,5091
cihofm.com,CA,5083
suasnews.com,US,5083
brnodaily.com,EZ,5083
puntoagronews.it,IT,5083
christian.org.uk,UK,5082
myespanolanow.com,CA,5081
bionity.com,GM,5080
davisvanguard.org,US,5080
sanluisobispo.com,US,5078
brivalatvija.lv,LG,5076
brownwoodtx.com,US,5075
cigaraficionado.com,US,5075
waynecojournalbanner.com,US,5073
ozarkradionews.com,US,5073
csnews.com,US,5073
mt.de,GM,5072
ramblinwreck.com,US,5070
saranemag.ir,IR,5069
pacificsun.com,US,5068
tdmr.org,US,5064
luceraweb.eu,IT,5063
baoapbac.vn,VM,5063
pmfarma.es,SP,5062
physicsworld.com,UK,5061
starkvilledailynews.com,US,5055
maroonandwhitenation.com,US,5050
kotaku.com,US,5045
nylon.com,US,5044
milwaukeemag.com,US,5042
medicalnewstoday.com,US,5042
nawindpower.com,US,5038
primatv.ro,RO,5037
populli.mk,MK,5033
techpinas.com,RP,5031
vegasnews.com,US,5029
oyetimes.com,US,5029
vogue.in,IN,5028
mindat.org,US,5026
thenewswire.com,CA,5023
gravinalife.it,IT,5023
naco.org,US,5022
capegazette.com,US,5022
nadaesgratis.es,SP,5022
semiengineering.com,CH,5021
state.mn.us,US,5017
newcannabisventures.com,US,5016
opendemocracy.net,RS,5015
forbes.it,IT,5010
geopoliticalmonitor.com,RS,5009
1380kcim.com,US,5009
wfmt.com,US,5007
kankaanpaanseutu.fi,FI,5006
thenorthernlight.com,US,5006
lobservateur.com,US,5003
reproductiverights.org,US,5002
entrepreneur.com,US,5001
mfa.gr,GR,5000
wfre.com,US,4996
seguingazette.com,US,4995
tourhebdo.com,FR,4994
awn.com,US,4991
cqcb.com,CH,4991
kizn.com,US,4990
otakustudy.com,AS,4990
upressonline.com,US,4990
xn--b1agvbq6g.xn--p1ai,RS,4988
chessbase.com,GM,4987
stepstone.de,GM,4986
pekintimes.com,US,4986
wetzelchronicle.com,US,4985
finanzen.at,US,4981
fleetowner.com,US,4981
nobelprize.org,US,4981
autobodynews.com,US,4978
biblestudytools.com,IS,4978
playboy.com,US,4978
mymix1079.com,US,4977
commercialmotor.com,UK,4974
khoahocdoisong.vn,VM,4974
www.gob.mx,MX,4972
metroworldnews.com,MX,4970
ozarksfirst.com,US,4968
scene.co.nz,NZ,4967
devpolicy.org,AS,4967
myheraldreview.com,US,4965
outono.net,SP,4965
newelectronics.co.uk,UK,4963
gcis.gov.za,SF,4962
retailgazette.co.uk,UK,4961
alta-frequenza.corsica,FR,4961
elclarin.cl,CI,4959
unfspinnaker.com,US,4958
codyenterprise.com,US,4954
uaf.edu,US,4953
sacommercialpropnews.co.za,SF,4951
ifex.org,IS,4950
inseconline.org,NP,4947
uct.ac.za,SF,4945
faktiditor.ch,MK,4945
gadgety.co.il,IS,4944
neowin.net,US,4940
urania.edu.pl,PL,4939
baxleynewsbanner.com,US,4938
paperads.com,PK,4936
diapasonmag.fr,FR,4935
myalgomamanitoulinnow.com,CA,4934
speedhunters.com,JA,4932
nta.ng,NI,4932
destinationsante.com,FR,4931
satellifacts.com,FR,4930
shonenmagazine.com,JA,4929
haitienmarche.com,HA,4929
videtteonline.com,US,4928
sentinel-echo.com,US,4927
froggy929.com,US,4923
redescristianas.net,SP,4920
espn.in,US,4919
politicainsieme.com,IT,4919
doctorpiter.ru,RS,4919
soundingsonline.com,US,4917
frontstretch.com,US,4913
times-georgian.com,US,4912
arizonasports.com,US,4911
catholicnews.com,US,4911
tradersmagazine.com,US,4911
offshore-energy.biz,CH,4910
rederegional.com,PO,4909
hotelsmag.com,US,4908
santabanta.com,IN,4906
abounderrattelser.fi,FI,4905
tag24.com,US,4904
bamsmackpow.com,US,4903
ajunews.com,KS,4903
starsandsticks.com,US,4902
brazzil.com,BR,4902
sierranevadaally.org,US,4901
zimdaily.com,ZI,4900
bmwblog.com,GM,4900
oncologynurseadvisor.com,US,4899
boj.or.jp,JA,4899
lahora.com,VE,4898
redmond-reporter.com,US,4898
patnadaily.com,IN,4896
thaipbsworld.com,TH,4895
news.gov.dm,DO,4895
asiaresearchnews.com,JA,4893
murrayvalleystandard.com.au,AS,4893
pd.no,NO,4892
lazioinfesta.com,IT,4891
sport.gov.cn,CH,4888
agrasamachar.com,IN,4887
iradio.ie,EI,4887
phoneworld.com.pk,PK,4885
youthjournalism.org,US,4883
dexterstatesman.com,US,4883
railjournal.com,GM,4880
abudhabicityguide.com,AE,4877
thedailynews.cc,US,4875
977rocks.com,US,4872
96fm.ie,EI,4869
jovempan.com.br,BR,4868
marchenotizie.info,IT,4864
catholic.org,US,4864
archaeology.org,US,4864
agromanual.cz,EZ,4864
raillynews.com,TU,4863
salaallehanda.com,SW,4863
furatnews.com,IZ,4862
wvnstv.com,US,4859
haiwainet.cn,CH,4858
bauernverband.de,GM,4854
kansanuutiset.fi,FI,4853
krayot.com,IS,4851
ekklesia.co.uk,UK,4850
chaddsfordlive.com,US,4849
lawtimesnews.com,CA,4847
kulturegeek.fr,FR,4847
dailyreviewonline-ng.com,NI,4846
gridleyherald.com,US,4846
cartrade.com,IN,4845
azattyqasia.org,KZ,4844
accountancyage.com,UK,4840
shelf-awareness.com,US,4840
wri.org,US,4838
il24ore.it,IT,4837
bandung24jam.id,ID,4835
levada.ru,RS,4835
ogresvestisvisiem.lv,LG,4834
kcfmradio.com,US,4833
itbusiness.ca,CA,4829
elcatolicismo.com.co,CO,4829
pointemagazine.com,US,4828
silvercityradio.com,US,4828
northendwaterfront.com,US,4827
showbiz411.com,US,4827
lasentinelle.ca,CA,4823
stuyspec.com,US,4823
mtsusidelines.com,US,4819
seattleweekly.com,US,4819
mpo.gov.cz,EZ,4819
kbr.ru,RS,4817
chandpurdiganta.com,BG,4815
elmorrocotudo.cl,CI,4815
emsnow.com,US,4814
chemie.de,GM,4812
creativebloq.com,UK,4811
1069thex.com,UK,4809
institutionalinvestor.com,US,4808
kirklandreporter.com,US,4806
mochimag.com,US,4805
safa.net,SF,4804
hellomagrussia.ru,RS,4803
hydrogenfuelnews.com,US,4803
npca.org,US,4802
wsvaonline.com,US,4797
krymr.com,UP,4797
giornaledicalabria.it,IT,4793
ncpolicywatch.com,US,4793
newlookmedia.ru,RS,4793
donboscoindia.com,IN,4792
seahawks.com,US,4790
csu.edu.au,AS,4790
gazetametro.net,KV,4789
newsbtc.com,US,4788
the72.co.uk,UK,4787
kxdlhotrodradio.com,US,4784
klce.com,US,4784
elsoldelaflorida.com,US,4782
freenews.fr,FR,4780
floridadisaster.org,US,4779
vikubladid.is,IC,4779
lfm.ch,UP,4779
jurnalgiurgiuvean.ro,RO,4778
jurnal3.com,CH,4778
ranchosantafereview.com,US,4778
27r.ru,RS,4776
vk.se,SW,4773
sral.fi,FI,4772
thesaturdaypaper.com.au,AS,4772
president.gov.by,BO,4771
caribbeannationalweekly.com,JM,4771
thesandb.com,US,4767
ripcityproject.com,US,4767
cnc3.co.tt,UP,4766
latinorebels.com,US,4766
vaielettrico.it,IT,4765
lhrtimes.com,CH,4764
thejudge13.com,US,4763
cricketaddictor.com,IN,4763
nats.org,US,4762
sciencefriday.com,US,4762
surfertoday.com,US,4760
tripzilla.com,MY,4760
motortrend.com,US,4760
liverpoolfc.com,UK,4759
theybf.com,US,4758
freeskier.com,US,4755
filgoal.com,EG,4754
elynews.com,US,4754
rtva.ad,AN,4753
christianstandard.com,US,4753
orangemedianetwork.com,US,4752
potatonewstoday.com,US,4752
austindailyherald.com,US,4751
kidd.co.kr,KS,4751
country1053.ca,CA,4750
mpsv.cz,EZ,4749
travelerstoday.com,US,4748
pecat.co.rs,RS,4746
hgtv.ca,CA,4744
akhonsamoy.com,BG,4743
ruvolive.it,IT,4742
thesaxon.org,IS,4742
anwb.nl,NL,4739
ekuriren.se,SW,4738
purerock96.com,US,4736
alfax.mk,IS,4735
empireonline.com,US,4735
worldsnewsupdate.com,US,4729
carsifu.my,MY,4728
hot101.com,US,4728
ed.fm,US,4727
telex.hu,HU,4724
iq.lt,RS,4724
insider.gr,GR,4724
lasnoticiasdecojedes.com,VE,4723
wsnewspublishers.com,US,4723
tradeonlytoday.com,US,4721
austagderblad.no,NO,4720
myhighplains.com,US,4718
directioninformatique.com,CA,4718
technoc.ir,US,4718
president.ie,EI,4718
pikefm.com,US,4718
elamaule.cl,CI,4715
trend.sk,LO,4713
aerotechnews.com,US,4712
yourmortgage.com.au,AS,4710
triplepundit.com,US,4708
nutraingredients-usa.com,US,4708
togofirst.com,TO,4705
katt.com,US,4705
juxtapoz.com,US,4703
mpoc.org.my,MY,4702
vocalo.org,US,4701
babruysk.by,RS,4698
quillandquire.com,CA,4697
660wxqw.com,US,4697
coloradopeakpolitics.com,US,4695
fiddleheadfocus.com,US,4694
messinamagazine.it,IT,4694
convenience.org,US,4692
getaway.co.za,SF,4692
badgerherald.com,US,4692
wangarattachronicle.com.au,AS,4690
thereporteronline.net,US,4690
channelweb.co.uk,UK,4690
tuscaloosathread.com,US,4688
responsiblestatecraft.org,US,4686
daylightng.com,NI,4683
oxfordstudent.com,UK,4683
buffzone.com,US,4680
kynt1450.com,US,4678
politicargentina.com,AR,4678
freightweek.org,US,4675
thebraziltimes.com,US,4672
glasgowlive.co.uk,UK,4670
plivazdravlje.hr,HR,4668
macerkopf.de,GM,4668
wjez.com,US,4667
imerisia-ver.gr,GR,4666
casaeclima.com,IT,4665
kotaku.com.au,AS,4663
hongkongfp.com,CH,4663
tweaktown.com,US,4660
rijnmond.nl,NL,4659
rockpapershotgun.com,US,4659
fortstocktonpioneer.com,US,4659
moberlymonitor.com,US,4658
schoolsweek.co.uk,UK,4658
moguldom.com,US,4657
oaxacacapital.com,MX,4651
nsd.se,SW,4650
spin1038.com,EI,4647
africapresse.com,RS,4647
stfrancischronicle.com,SF,4646
auto.it,IT,4646
coloradocountycitizen.com,US,4644
yablyk.com,RS,4643
producebluebook.com,US,4642
ziaruldebacau.ro,RO,4642
abebooks.co.uk,US,4641
futuretravelexperience.com,US,4640
myeaglecountry.com,US,4639
kp.kg,KG,4638
pctipp.ch,SZ,4637
madacenter.org,IS,4637
elrancahuaso.cl,CI,4636
ecowas.int,NI,4634
ice.co.il,IS,4632
stolicaplus.ru,RS,4631
thevindicator.com,US,4631
campbell.edu,US,4629
picketfencemedia.com,US,4628
fwbusiness.com,US,4626
iruya.com,AR,4625
chinhphu.vn,VM,4623
cdu.de,GM,4622
humnews.pk,PK,4622
stockmaniacs.net,IN,4621
familytreemagazine.com,US,4621
reverejournal.com,US,4621
wqut.com,US,4619
nbc26.com,US,4619
lactiondautray.com,CA,4618
heritageradionetwork.org,US,4617
alligatorarmy.com,US,4616
sleepreviewmag.com,US,4615
usm.edu,US,4614
worthplaying.com,US,4613
thedefensepost.com,UP,4613
aurn.com,US,4612
theweekender.com,US,4609
nextpittsburgh.com,US,4605
lospaziobianco.it,IT,4604
catholicsun.org,US,4601
probuilder.com,US,4600
ansalatina.com,IT,4598
filmireland.net,EI,4596
nbcsvg.com,VC,4595
nettg.pl,PL,4594
aspiretravelclub.co.uk,UK,4593
just-style.com,UK,4593
foxcincinnati.com,US,4592
cfrc.ca,CA,4591
radiosucre.com.ec,EC,4590
kreta.id,ID,4589
direttasicilia.it,IT,4589
laopinon.cl,CI,4582
zeilen.nl,NL,4581
talk1073.com,US,4580
harbourtimes.com,HK,4580
fiannafail.ie,EI,4579
starcasm.net,US,4579
gilroydispatch.com,US,4578
undercurrentnews.com,US,4578
wuv.de,GM,4578
browardpalmbeach.com,US,4577
imeche.org,UK,4576
tijd.be,BE,4575
illinois.edu,US,4574
pv-magazine-australia.com,AS,4570
washington.edu,US,4570
atlantafalcons.com,US,4568
aestheticamagazine.com,UK,4567
securitycouncilreport.org,SY,4567
albengacorsara.it,IT,4566
hmbreview.com,US,4564
manofmany.com,AS,4564
sunny1031.com,US,4564
worldreportnow.com,IS,4562
varden.no,NO,4562
waterburyroundabout.org,US,4562
milwaukeenns.org,US,4562
out.com,US,4561
cepro.com,US,4560
developingtelecoms.com,IN,4559
fetchyournews.com,US,4558
gazettejournal.net,US,4558
neweralive.na,WA,4557
gaijinpot.com,JA,4557
automotive-fleet.com,US,4555
limpopomirror.co.za,SF,4554
wlav.com,US,4553
mapnews.ma,MO,4553
fightnews.com,US,4552
siviaggia.it,IT,4550
fronterasdesk.org,US,4550
thefridaytimes.com,PK,4549
flowrestling.org,US,4548
jetsxfactor.com,US,4548
surdeutsch.com,SP,4547
afrigatenews.net,LY,4546
1057thex.com,US,4545
wksm.com,US,4545
janoubia.com,IR,4544
collingwoodfc.com.au,AS,4543
statehouse.gov.sl,SL,4540
scandasia.com,TH,4540
vidi.hr,HR,4539
africabusiness.com,SF,4535
dunaujvaros.com,HU,4534
carillonregina.com,CA,4533
ua-football.com,UP,4532
jungefreiheit.de,GM,4532
eubusiness.com,BE,4529
wvusports.com,US,4526
ipe.com,UK,4526
thenff.com,NI,4524
greenbiz.com,US,4524
hispanicoutlook.com,US,4523
mwebantu.com,ZA,4523
casoris.si,SI,4521
samoborskiglasnik.net,HR,4521
mactech.com,US,4518
djazairess.com,AG,4517
integra927.com,CH,4516
abitarearoma.it,IT,4515
agridahaber.com,TU,4513
telquel.ma,MO,4512
pm.gov.tn,TS,4512
whodatdish.com,US,4511
1057thexrocks.com,US,4510
urdughar.com,PK,4509
wku.edu,US,4507
werbewoche.ch,SZ,4507
afghanislamicpress.com,AF,4507
occrp.org,RS,4506
nowtolove.com.au,AS,4504
thevarsity.ca,CA,4503
wlni.com,US,4503
marinetechnologynews.com,US,4503
espritdecorps.ca,CA,4501
vt.se,SW,4501
startmag.it,IT,4500
thiennhien.net,VM,4500
aseanbriefing.com,ID,4500
evertiq.se,SW,4500
newsecuritybeat.org,CH,4498
kit.edu,GM,4497
gamereactor.eu,US,4497
informaticien.be,US,4494
bgov.com,US,4494
realclearworld.com,US,4493
barrie360.com,CA,4493
imra.org.il,IS,4493
dxtcampeon.com,SP,4493
skeptic.com,US,4492
rgunotizie.it,IT,4491
callnewspapers.com,US,4489
postandparcel.info,UK,4483
evangelisch.de,GM,4481
aucegypt.edu,EG,4481
edgarcountywatchdogs.com,US,4481
goondiwindiargus.com.au,AS,4480
hechingerreport.org,US,4479
rtoinsider.com,US,4479
eib.org,UP,4478
leominsterchamp.com,US,4477
sggpnews.org.vn,VM,4476
climatecrocks.com,US,4475
ansonrecord.com,US,4475
militaryembedded.com,US,4473
dagen.no,NO,4472
ctnewsonline.com,US,4472
plos.org,UK,4472
ethanolproducer.com,US,4470
981themax.com,US,4470
nextgen-auto.com,SP,4469
financialafrik.com,FR,4468
sky963.com,US,4466
wlkm.com,US,4463
jakartashimbun.com,ID,4458
owensbororadio.com,US,4457
themainemonitor.org,US,4456
gr-sily.ru,RS,4456
draftmag.com,US,4455
kami.com.ph,RP,4454
iradiofm.com,ID,4453
wiu.edu,US,4453
nashagazeta.net,UP,4453
amarillosrockstation.com,US,4452
lookout.co,US,4451
hvnplus.co.uk,UK,4451
thenonprofittimes.com,US,4449
westphillylocal.com,US,4448
jonesborosun.com,US,4447
physiobob.com,UK,4446
omroepwest.nl,NL,4445
earthlingorgeous.com,RP,4444
worldfoodprize.org,US,4444
mo.be,IS,4443
architectmagazine.com,US,4442
sport1.mk,MK,4441
navy.mil,US,4439
gamingintelligence.com,US,4437
ycombinator.com,US,4437
mylakelandnow.com,CA,4437
nmhealth.org,US,4435
thenightly.com.au,AS,4434
zlhr.org.zw,ZI,4433
redbull.com,US,4431
insideover.com,CH,4431
xn--b1aga5aadd.xn--p1ai,RS,4430
slashdot.org,US,4429
metrojacksonville.com,US,4428
firechief.com,US,4426
15rounds.com,US,4426
thearabianpost.com,CH,4424
raiders.com,US,4423
computerworld.pl,PL,4417
unb.com.bd,BG,4416
mydallaspost.com,US,4416
resource.co,UK,4416
935wrqn.com,US,4416
nato.int,UP,4413
bpl.org,US,4412
themeditelegraph.com,IT,4410
amnesty.fr,IS,4408
alwatanalarabi.com,IR,4408
mobilenewscwp.co.uk,UK,4408
fda.gov,US,4408
virtual-strategy.com,US,4407
kkfm.com,US,4406
theaccountant-online.com,UK,4404
hblad.no,NO,4404
factoryofsadness.co,US,4402
gemeente.nu,NL,4401
correioalentejo.com,PO,4396
osp.ru,RS,4395
nuovacosenza.com,IT,4395
infosecurity-magazine.com,UK,4394
joshualandis.com,SY,4393
apollo-magazine.com,UK,4392
kvsh.com,US,4391
sodisce.si,SI,4391
ytali.com,IT,4386
armscontrol.org,RS,4386
aka.fi,FI,4384
mann.tv,GM,4384
pressonline.rs,RI,4383
upstreamonline.com,RS,4381
democracyjournal.org,US,4379
idahocountyfreepress.com,US,4379
annanews.com,US,4377
sinnfein.ie,EI,4375
bravenewcoin.com,US,4372
weedworthy.com,US,4370
thegardnernews.com,US,4369
crn.com,US,4367
cmcmarkets.com,CH,4363
lusomotores.com,PO,4362
f1vilag.hu,SP,4362
955wtvy.com,US,4360
greencarreports.com,US,4360
uphere.ca,CA,4358
thehappinessfxn.com,US,4358
280living.com,US,4358
utahbusiness.com,US,4357
wtju.net,US,4356
newbritainherald.com,US,4354
fox5sandiego.com,US,4351
eyesonisles.com,US,4348
elvacanudo.cl,CI,4348
shootinguk.co.uk,UK,4347
allaccess.com,US,4347
folioweekly.com,US,4345
larchmontchronicle.com,US,4343
balldurham.com,US,4342
winetrails.gr,GR,4341
mercatornet.com,US,4339
hillcountrynews.com,US,4339
karar.com,TU,4339
dairyherd.com,US,4339
contractormag.com,US,4338
inces.gob.ve,VE,4338
dhakatoday.com,BG,4336
rtrfm.com.au,AS,4332
borgenproject.org,IN,4331
cardinalcourieronline.com,US,4330
959kissfm.com,US,4329
metromag.co.nz,NZ,4327
abc23.com,US,4327
thealbanian.co.uk,AL,4326
wgog.com,US,4326
thefranchiseok.com,US,4325
bombmagazine.org,US,4324
packworld.com,US,4323
velvetunderground.co.il,IS,4322
jechange.fr,FR,4322
skipass.com,FR,4321
cultofmac.com,US,4321
president.am,AM,4320
999thefoxrocks.com,US,4320
capitolnewsillinois.com,US,4319
kggo.com,US,4318
foreverblueshirts.com,US,4318
yachtingmagazine.com,US,4317
channellife.co.nz,NZ,4317
elperiodicodelecuador.com,EC,4317
igen.fr,FR,4316
warm1033.com,US,4315
connect.de,GM,4311
onmanorama.com,IN,4311
tigernet.com,US,4311
gopresstimes.com,US,4309
raajje.mv,MV,4308
rbr.com,US,4306
ministeriopublico.gov.py,PA,4306
scsu.edu,US,4305
intrafish.com,US,4305
gavi.org,NI,4304
marhaba.qa,QA,4303
nanduti.com.py,PA,4303
informare.it,IT,4301
dairynewsaustralia.com.au,AS,4300
investineu.com,US,4300
brennancenter.org,US,4300
llanera.com,CO,4299
smartcitiesdive.com,US,4298
ur.ch,CH,4298
1021thefox.com,US,4297
zeibiz.com,US,4295
kashmirwatch.com,IN,4294
thesunmagazine.org,US,4293
ktown1st.com,US,4293
rik.cy,CY,4292
rustonleader.com,US,4291
richmondmagazine.com,US,4290
lasegunda.com,CI,4289
motorbiscuit.com,US,4287
kansasmemory.org,US,4286
climatecontrolnews.com.au,AS,4284
newsrnd.com,UP,4284
gfmag.com,CH,4283
l-echo.info,FR,4282
windowscentral.com,US,4280
cw.no,NO,4278
lonestar923.com,US,4276
visages-du-benin.com,BN,4274
gaboneco.com,GB,4271
diploweb.com,RS,4270
gettysburgconnection.org,US,4270
test-achats.be,BE,4268
gazetapolska.pl,PL,4267
sva.se,SW,4266
gbc.gi,GI,4265
iustel.com,SP,4264
statenews.org,US,4263
csis.org,CH,4263
pelit.fi,FI,4263
niagarafallsreporter.com,US,4261
wxfx.com,US,4261
104thehawk.com,US,4261
wilsoncenter.org,RS,4258
975wabd.com,US,4256
bancaditalia.it,IT,4256
workboat.com,US,4254
clevelandbrowns.com,US,4254
zrock103.com,US,4254
newmarkettoday.ca,CA,4253
airport-technology.com,UK,4253
infosplusgabon.com,GB,4252
ionionotizie.it,IT,4252
aquilon.nt.ca,CA,4252
jimrome.com,US,4250
nrb.org,US,4250
canariasactual.com,SP,4249
slconcordtimes.com,SL,4247
hildesheimer-allgemeine.de,GM,4247
euro-petrole.com,US,4246
wschronicle.com,US,4245
newsnirvana.com,US,4245
pahomepage.com,US,4245
ftvlive.com,US,4244
lecho.be,BE,4244
focus.it,IT,4242
bitcoinmagazine.com,US,4242
purson.ir,IR,4239
assamtimes.org,IN,4239
elclasificado.com,US,4235
infinita.cl,CI,4231
businesstelegraph.co.uk,UK,4231
montecristomagazine.com,CA,4228
t95.com,US,4228
chemeurope.com,GM,4227
lampasasdispatchrecord.com,US,4226
realvail.com,US,4226
libretadeapuntes.com,CO,4225
savoteur.com,US,4225
detroitlions.com,US,4225
v100rocks.com,US,4223
caspianbarrel.org,AJ,4219
intlgymnast.com,US,4217
alsumaria.tv,IZ,4217
labelsandlabeling.com,US,4217
evertiq.com,US,4217
ncpa.org,US,4216
wbtw.com,US,4215
dodgeglobe.com,US,4214
ciwanekurd.net,US,4214
test-aankoop.be,BE,4214
whyisrael.org,IS,4212
worldtempus.com,SZ,4211
ladbible.com,UK,4211
femina.ch,SZ,4210
thedailygopher.com,US,4210
coconuts.co,ID,4210
radioprogresohn.net,HO,4210
bullionvault.com,UK,4210
wustl.edu,US,4209
wzxl.com,US,4209
worldscreen.com,US,4208
artasiapacific.com,CH,4208
nrl.com,AS,4206
unionspringsherald.com,US,4206
bxr.com,US,4205
kber.com,US,4201
midiamax.com.br,BR,4201
therebelwalk.com,US,4199
vivalatravelista.com,MX,4197
slowtwitch.com,US,4197
chronicle-express.com,US,4197
dailyevergreen.com,US,4197
mileswithmcconkey.com,US,4196
hbook.com,US,4195
utah.edu,US,4194
dwiz882am.com,RP,4193
upnorthnewswi.com,US,4193
uow.edu.au,AS,4192
desdemonadespair.net,US,4192
leader-call.com,US,4191
messenger.com.ge,US,4187
thewall.fyi,RS,4184
kindafrugal.com,US,4181
premiumbeautynews.com,FR,4180
universetoday.com,US,4175
reform.ee,EN,4175
racingtv.com,EI,4174
sanfrancescopatronoditalia.it,IT,4173
112achterhoek-nieuws.nl,NL,4173
craftbrewingbusiness.com,US,4169
rock103rocks.com,US,4168
brava.news,CV,4167
indianacitizen.org,US,4166
ilmeridio.it,IT,4165
middleeastevents.com,AE,4164
manutd.com,UK,4162
mebhocam.com.tr,TU,4160
thebocasbreeze.com,PM,4160
newsic.it,IT,4159
etelaabama.ir,IR,4158
azpm.org,US,4155
bitmag.com.br,BR,4155
vna.al,AL,4154
983wlcs.com,US,4153
hashmag.gr,UK,4153
recruiter.co.uk,UK,4153
dailydetroit.com,US,4151
torringtontelegram.com,US,4148
vpr.org,US,4147
wondernetmag.com,IT,4146
gtfm.co.uk,UK,4145
hookii.org,IT,4143
theinvestigatornews.com,UG,4143
pinejournal.com,US,4143
yunnan.cn,CH,4139
marietta.edu,US,4138
929peakfm.com,US,4138
965thewalleye.com,US,4137
thebigstation93blx.com,US,4136
hnn.us,US,4136
legallyindia.com,IN,4133
info07.com,FR,4133
districtondeck.com,US,4133
scinexx.de,GM,4129
995thewolf.com,US,4128
texassports.com,US,4128
sarasotamagazine.com,US,4127
fightsaga.com,US,4127
emerging-europe.com,RS,4125
sgcarmart.com,SN,4122
motorcitybengals.com,US,4121
latinfinance.com,BR,4120
jobsnhire.com,US,4118
madisoncourier.com,US,4118
lephareonline.net,CG,4117
over-blog.com,CT,4116
styleweekly.com,US,4115
independentherald.com,US,4115
autobuzz.my,MY,4114
discapnet.es,SP,4109
varingen.no,NO,4108
thenextweb.com,UK,4107
energyvoice.com,UK,4106
jesrpress.com,SY,4106
omr.gov.ua,UP,4101
ngtnews.com,US,4101
flotrack.org,US,4100
kboo.fm,US,4100
alqarn.dj,DJ,4099
bankingday.com,AS,4099
dynamotheory.com,US,4099
eso.org,CI,4097
freundin.de,GM,4097
diario24horas.com.br,BR,4096
triathlonmagazine.ca,CA,4096
prefeitura.sp.gov.br,BR,4092
nampa.org,IN,4092
dailyfinland.fi,IS,4091
gaapweb.com,UK,4091
donnemagazine.it,IT,4086
beveragedaily.com,UK,4084
flot.com,RS,4081
casa-romanilor.ch,SZ,4081
largeur.com,SZ,4079
everythinglubbock.com,US,4079
znbc.co.zm,ZA,4079
ewtnnews.com,US,4079
laraza.com,US,4078
10magazine.com,UK,4076
bahrainthisweek.com,BA,4073
rermag.com,US,4073
classfmonline.com,GH,4072
1059thehog.com,US,4071
ksam1017.com,US,4070
theguardian.com.au,AS,4069
legacy.com,US,4065
numbersusa.com,US,4064
elvocerous.com,US,4064
investigatemidwest.org,US,4064
al-awassef.com,US,4063
westernnebraskaobserver.net,US,4063
digitalcongo.net,CG,4062
viettan.org,VM,4062
spox.com,GM,4061
vm.ee,EN,4061
pharmatimes.com,UK,4061
worldbank.org,US,4060
elnortero.cl,CI,4059
northeasttimes.com,US,4058
forthoodsentinel.com,US,4057
interestingengineering.com,US,4056
895thelake.ca,CA,4056
tsrus.cn,RS,4056
umaine.edu,US,4055
scmr.com,US,4054
newworldwriting.net,US,4053
tierwelt.ch,SZ,4053
flatwaterfreepress.org,US,4050
gamezone.de,GM,4049
gael.be,BE,4049
panahon.tv,RP,4048
libyaupdate.com,LY,4048
wdvx.com,US,4045
theinstrumentalist.com,US,4044
thewillnigeria.com,NI,4043
limkitsiang.com,MY,4042
southeastsun.com,US,4040
outbreaknewstoday.com,US,4038
centredaily.com,US,4037
sc.gov,US,4037
diariodelweb.it,IT,4036
ksusentinel.com,US,4035
vcreporter.com,US,4034
radiosawa.com,IS,4034
goodmorningamerica.com,US,4034
racenet.com.au,AS,4032
nodepression.com,US,4032
faifaonline.net,SA,4032
kkgb.com,US,4032
telesatellite.com,FR,4031
rudaw.net,IZ,4031
atozsports.com,US,4031
953mnc.com,US,4031
tkma.co.jp,JA,4030
alahednews.news,IS,4029
thenewswheel.com,US,4026
durantdemocrat.com,US,4026
saraya.ps,IS,4025
observerlocalnews.com,US,4024
mysanfordherald.com,US,4023
amimagazine.org,IS,4023
thegreenpapers.com,US,4023
millburysutton.com,US,4019
waxahachietx.com,US,4018
oxfordeagle.com,US,4018
railwaysillustrated.com,UK,4016
peacekeeper.ru,RS,4015
novascotia.ca,CA,4014
defence24.pl,RS,4014
ugandaonline.net,UG,4013
magic93fm.com,US,4012
androidpolice.com,US,4009
kcaw.org,US,4008
dexerto.com,US,4006
pakpassion.com,PK,4006
ediblemanhattan.com,US,4005
winteriscoming.net,US,4003
computerwoche.de,GM,4002
edition.mv,MV,4002
cadforum.cz,EZ,4001
wynn1063.com,US,4001
calcalistech.com,IS,3999
oggicronaca.it,IT,3997
digitallife.gr,GR,3996
iconmagazine.it,IT,3994
lvrach.ru,RS,3993
loc.gov,US,3992
ringtv.com,US,3988
passiontimes.hk,HK,3987
semiconductor-today.com,US,3986
espncricinfo.com,IN,3986
folkebevaegelsen.dk,GL,3986
rcinet.ca,CA,3984
forskersonen.no,NO,3984
ufvcascade.ca,CA,3983
putnamsentinel.com,US,3982
arp.org.py,PA,3981
facua.org,SP,3981
maxima.pt,PO,3981
19fortyfive.com,RS,3979
fit.edu,US,3978
businesscar.co.uk,UK,3976
cannabisbusinesstimes.com,US,3975
nkyTribune.com,US,3975
kbew98country.com,US,3974
indonesia-investments.com,ID,3974
92newshd.tv,PK,3971
novetv.com,IT,3971
livejapan.com,JA,3970
arizonahighways.com,US,3969
mynorthbaynow.com,CA,3968
kiimfm.com,US,3966
wfirnews.com,US,3966
globalgrind.com,US,3965
electionlawblog.org,US,3962
energybangla.com,BG,3961
afera.bg,BU,3959
thedartmouth.com,US,3959
atletico.com.br,BR,3958
alaskajournal.com,US,3955
ekherelakhbar.com,LE,3955
dailycourier.com,US,3954
cw39.com,US,3953
vox-al.com,MK,3953
motor-traffic.de,GM,3952
kgmi.com,US,3952
indiatv.in,IN,3951
sandmountainreporter.com,US,3950
studentnewspaper.org,UK,3949
gazetaslovo.com,PO,3949
aeronoticias.com.pe,PE,3949
fox40.com,US,3948
theslateonline.com,US,3946
ashlandsource.com,US,3945
mansworldindia.com,IN,3945
gov.si,SI,3943
assahifa.com,IS,3942
seputarmiliter.id,ID,3942
eastvillagetimes.com,US,3940
warm98.com,US,3939
sportschatplace.com,US,3939
gigulate.com,US,3937
infonormandie.com,FR,3937
dt.se,SW,3936
islamonline.net,SA,3936
crainsgrandrapids.com,US,3936
greencity.it,IT,3936
universitystar.com,US,3934
sciencefocus.com,US,3932
football24.ua,UP,3932
pbn.com,US,3932
ostbelgienlive.be,BE,3932
wbnq.com,US,3929
elclavo.com,CO,3929
uni.edu,US,3923
lung.org,US,3923
wfxg.com,US,3922
sportmail.ru,RS,3921
drweb.de,GM,3921
thehits.co.nz,NZ,3920
marshfieldmail.com,US,3919
bilanz.ch,SZ,3919
hhs.gov,US,3915
mondediplo.com,IS,3914
nationaleonderwijsgids.nl,NL,3914
evo.co.uk,UK,3913
dfwatch.net,GG,3912
wandsworthtimes.co.uk,UK,3909
eo.nl,NL,3908
sootoday.com,CA,3907
lemoniteur.fr,FR,3906
investorintel.com,CA,3906
imasters.com.br,BR,3905
gaa.ie,EI,3902
eprice.com.hk,HK,3902
elexpresso.com,US,3901
fesmag.com,US,3901
recordherald.com,US,3900
safetyandhealthmagazine.com,US,3896
pittsburghquarterly.com,US,3896
amnestyusa.org,IS,3894
myradioplace.com,US,3894
2ca.com.au,AS,3893
trtbalkan.com,IS,3891
diarioresponsable.com,SP,3891
webnewtype.com,JA,3891
eyeofarabia.com,AE,3890
aaiusa.org,IS,3889
alleghenymountainradio.org,US,3889
theatlantavoice.com,US,3888
capital.sp.gov.br,BR,3888
sacmag.com,US,3888
motorradonline.de,GM,3888
casinocitytimes.com,US,3887
gradickcommunications.com,US,3886
tucollegian.org,US,3886
theperspective.org,LI,3886
thebristolbaytimes.com,US,3886
horsesdaily.com,US,3885
eccellenzemeridionali.it,IT,3885
texasexes.org,US,3883
millstonenews.com,CA,3882
sinchew.com.my,SN,3881
latech.edu,US,3881
fivethirtyeight.com,US,3878
lowyinstitute.org,CH,3877
latrobebulletinnews.com,US,3876
945thehawkradio.com,US,3876
sci.news,US,3876
suinoculturaindustrial.com.br,BR,3874
infotechlead.com,IN,3871
californiadiver.com,US,3871
comune.venezia.it,IT,3870
voaswahili.com,KE,3867
postguam.com,US,3864
partyflock.nl,NL,3864
captiveinsurancetimes.com,US,3863
biopharmadive.com,US,3863
nlpc.org,US,3863
g4media.ro,RO,3862
intrafish.no,NO,3862
epc.eu,UP,3861
kvi.com,US,3861
horsetalk.co.nz,US,3861
labmate-online.com,UK,3860
agenciasp.sp.gov.br,BR,3859
amerisurv.com,US,3858
kr-asia.com,CH,3857
mouthshut.com,IN,3857
rojoynegro.info,SP,3855
bear104.com,US,3855
kgmo.com,US,3854
studvest.no,NO,3854
windtech-international.com,US,3851
11freunde.de,GM,3849
thequint.com,IN,3847
objektifhaber.com,TU,3846
thelasallian.com,RP,3843
relocatemagazine.com,UK,3842
bunka.go.jp,JA,3838
undp.org,UP,3838
fullerton.edu,US,3835
rochellenews-leader.com,US,3834
applesfera.com,SP,3834
kixweb.com,US,3832
iam-media.com,CH,3831
lpga.com,US,3830
caritas.com.py,PA,3829
nbdmasr.com,EG,3828
hawaiireporter.com,US,3828
broadbandtvnews.com,UK,3827
filmweb.pl,PL,3827
dresdenenterprise.com,US,3826
choice.com.au,AS,3825
ucmo.edu,US,3824
ohbulan.com,ID,3824
times.co.zm,ZA,3824
independentpoliticalreport.com,US,3820
ballotpedia.org,US,3819
aip.nu,SW,3818
b98.com,US,3818
406mtsports.com,US,3817
laprensadecolorado.com,US,3816
playground.ru,RS,3816
lorientlejour.com,IS,3814
theseanation.gr,GR,3814
globalconstructionreview.com,US,3813
porttechnology.org,US,3813
nativenewsonline.net,US,3813
africasacountry.com,SF,3809
eoficial.ro,RO,3808
dal.ca,CA,3807
eastietimes.com,US,3803
hubspot.com,US,3803
wmar2news.com,US,3802
wpkyonline.com,US,3801
993thebuzz.com,US,3800
rock1015.com,US,3800
energyintel.com,RS,3799
flyer.co.uk,UK,3797
anu.edu.au,AS,3796
wogb.fm,US,3794
gameranx.com,US,3793
sargasso.nl,NL,3793
pix11.com,US,3793
ilciriaco.it,IT,3792
wikipedia.org,US,3791
wfms.com,US,3787
pref.gouv.fr,FR,3787
almadaralkhaliji.com,SA,3787
ouraynews.com,US,3786
al-aman.com,IS,3786
us963.com,US,3784
nonesuch.com,US,3784
capitalxtra.com,UK,3783
wbszfm.com,US,3782
immigrationimpact.com,US,3782
fijitimes.com.fj,IS,3780
federginnastica.it,IT,3779
clipperholics.com,US,3778
96kzel.com,US,3777
nationofblue.com,US,3776
newnotizie.it,IT,3772
realwire.com,UK,3770
generaccion.com,PE,3766
jobsnews.it,IT,3764
kix96.com,US,3764
diplomat.so,IR,3762
mojo4music.com,US,3761
business2community.com,UK,3759
netafull.net,JA,3759
sunshinestatenews.com,US,3758
lowyat.net,MY,3758
thoroughbredracing.com,US,3757
veneziaradiotv.it,IT,3756
fluther.com,US,3756
fanatik.ro,RO,3755
richardcrouse.ca,CA,3755
w4country.com,US,3755
fides.org,CH,3755
borderchronicle.com.au,AS,3755
kexp.org,US,3754
planeteradio.ca,CA,3753
wwqq101.com,US,3751
swbooster.com,CA,3749
ug.edu.gh,GH,3749
gaeubote.de,GM,3746
chineseembassy.org,CH,3745
sdnews.com,US,3744
katm.com,US,3744
torrentfreak.com,US,3744
shelbycountyreporter.com,US,3741
98q.com,US,3741
ufosightingsdaily.com,US,3737
z92.com,US,3736
comedonchisciotte.org,IT,3736
kpsscafe.com.tr,TU,3736
gramophone.co.uk,UK,3736
ituudised.ee,EN,3733
cityfarmer.info,US,3733
steelersnow.com,US,3732
civil.ge,US,3731
royalpurplenews.com,US,3730
technokrata.hu,HU,3728
khns.org,US,3727
infomigrants.net,IT,3727
ecofinagency.com,NI,3727
fiji.gov.fj,FJ,3726
dallasinnovates.com,US,3722
ksks.com,US,3721
africultures.com,FR,3721
country89.com,CA,3721
1news.co.nz,NZ,3720
ksjd.org,US,3720
magic1029fm.com,US,3719
lideri.mk,MK,3718
agderposten.no,NO,3716
business-live.at,AU,3715
livewiremarkets.com,AS,3710
alltoc.com,US,3710
hhpress.am,AM,3709
ballislife.com,US,3708
vanityteen.com,FR,3706
insauga.com,CA,3706
lawnandlandscape.com,US,3705
dotekomanie.cz,EZ,3704
kmrskkok.com,US,3703
cacianalyst.org,RS,3703
beacononlinenews.com,US,3703
carmillaonline.com,IT,3701
southsudannewsagency.com,SF,3701
mod.gov.cn,CH,3700
orissabarta.com,US,3700
taarifa.rw,RW,3699
epbusinessjournal.com,US,3698
tekedia.com,NI,3697
technext24.com,NI,3696
wlwi.com,US,3696
moneymorning.com.au,AS,3694
miningnews.net,AS,3688
connectedtoindia.com,SN,3688
racintoday.com,US,3688
chestertontribune.com,US,3688
nkrzi.gov.ua,UP,3687
webcenterfairbanks.com,US,3687
983nashicon.com,US,3687
aledotimesrecord.com,US,3686
jamaicaplainnews.com,US,3686
topnews62.com,ID,3686
thepropertypin.com,EI,3683
gulf104.com,US,3683
lasemaineafricaine.net,CF,3682
hunewsservice.com,US,3681
growthbusiness.co.uk,UK,3678
95kqds.com,US,3678
makaangola.org,AO,3677
stuff.tv,UK,3676
classicalite.com,US,3674
remnantnewspaper.com,US,3674
nicerendezvous.com,FR,3673
diamondworld.net,IN,3672
temple.edu,US,3670
steamboatradio.com,US,3670
sofmag.com,RS,3670
dpn-online.com,GM,3670
wshechicago.com,US,3669
uan.edu.mx,MX,3667
kron4.com,US,3667
sportsport.mk,MK,3666
asiasentinel.com,CH,3666
kjmo.com,US,3665
opportunitiesforafricans.com,SF,3663
odishabytes.com,IN,3662
barnsleychronicle.com,UK,3662
btv.bg,BU,3661
darkreading.com,US,3661
chinacdc.cn,CH,3661
modbee.com,US,3659
radio1.be,BE,3657
newpages.com,US,3657
mychesco.com,US,3657
wpgtalkradio.com,US,3657
bestofarkansassports.com,US,3656
wakeweekly.com,US,3656
1075koolfm.com,CA,3655
icar.co.il,CH,3655
2cc.net.au,AS,3655
themarshallproject.org,US,3654
earthisland.org,US,3653
ls666.com,CH,3649
staffingindustry.com,UK,3649
japersrink.com,US,3649
constructionequipment.com,US,3649
jazzjournal.co.uk,US,3647
kix106.com,US,3647
azcardinals.com,US,3647
1041wdlt.com,US,3646
newsbiscuit.com,UK,3646
mountainjournal.org,US,3644
1049nashicon.com,US,3644
ajp.com.au,AS,3644
biznespolska.pl,PL,3643
elizabethton.com,US,3643
gohuskies.com,US,3641
hokiesports.com,US,3640
wwki.com,US,3639
wqow.com,US,3639
shafaq.com,IS,3639
k100country.com,US,3638
rhythmsmonthly.com,TW,3638
klur.com,US,3637
urbanpost.it,IT,3635
bigcountry1073.com,US,3635
plainsproducer.com.au,AS,3635
liberal.org.au,AS,3635
alicetx.com,US,3635
nashfm1025.com,US,3634
kyis.com,US,3633
auto-presse.de,GM,3631
glassonweb.com,US,3631
asiatimes.com,CH,3630
moonshineink.com,US,3630
actusante.net,FR,3630
cavazossentinel.com,US,3629
aap.com.au,AS,3629
majorcadailybulletin.com,SP,3628
relevantradio.com,US,3627
realmadrid.com,SP,3627
hsj.co.uk,UK,3627
financeasia.com,CH,3625
engineersonline.nl,NL,3625
wmac-am.com,US,3624
newsit.com.cy,CY,3624
ksmb.com,US,3623
ktts.com,US,3623
e1.ru,RS,3623
worldpoliticsreview.com,CH,3620
egypttoday.com,EG,3620
dailyrecord.us,US,3618
theoldhamtimes.co.uk,UK,3618
iguazunoticias.com,SP,3617
gocreighton.com,US,3617
novychas.org,BO,3616
newshounds.us,US,3615
magic951.com,US,3613
cosmeticsdesign-asia.com,CH,3613
macmillan.com,US,3612
bancroftthisweek.com,CA,3611
greenpeace.org.uk,UK,3610
griceconnect.com,US,3610
wesleyan.edu,US,3609
thedraftnetwork.com,US,3609
uniandes.edu.co,CO,3609
sh.gov.cn,CH,3608
campolitoral.com.ar,AR,3608
nextgov.com,US,3608
haber50.com,TU,3607
ambergristoday.com,BH,3607
iamexpat.de,GM,3605
hailstate.com,US,3603
guardonline.com,US,3603
foodblog.it,IT,3602
missethoreca.nl,NL,3601
j-14.com,US,3601
999thebuzz.com,US,3601
newportri.com,US,3601
haberalsancak.com,PL,3600
wncv.com,US,3599
industriemagazin.at,AU,3599
atlanticcityweekly.com,US,3595
enlinea.pe,PE,3594
sanilacbroadcasting.com,US,3594
kupbilecik.pl,PL,3594
apparelnews.net,US,3593
highcountryshopper.com,US,3593
theghanareport.com,GH,3593
veb.it,IT,3592
grizzlybearblues.com,US,3591
zennie62blog.com,US,3591
harrodsburgherald.com,US,3590
mystar98.com,US,3590
justicenewsflash.com,US,3588
spektra.com.mk,MK,3586
danslescoulisses.com,CA,3586
mbr.co.uk,UK,3586
sekitarkaltim.id,ID,3585
gloria.hr,HR,3583
wclo.com,US,3583
alquds.edu,IS,3582
933nashicon.com,US,3580
tankonews.jp,JA,3579
africabusinesscommunities.com,KE,3578
vu.nl,NL,3577
bblat.se,SW,3576
csiro.au,AS,3574
odditycentral.com,CH,3574
periodicoexpress.com.mx,MX,3574
ksevradio.com,US,3573
abs.gov.au,AS,3573
miami.edu,US,3572
bqprime.com,IN,3572
wden.com,US,3571
thecity.nyc,US,3569
wsar.com,US,3569
mix103.com,US,3568
cifor.org,ID,3568
theeuropean.de,GM,3566
wxlo.com,US,3566
earth.com,US,3565
minfin.com.ua,UP,3563
teckbote.de,GM,3563
thepolypost.com,US,3562
azomining.com,US,3561
kjarninn.is,IC,3560
abp.bzh,UK,3559
infonegocios.madrid,SP,3558
theblast.com,US,3558
sanapress.ir,IR,3557
nhs.hr,HR,3556
sudbury.com,CA,3556
asemana.publ.cv,PO,3556
praguemonitor.com,EZ,3555
chronicleillinois.com,US,3555
radiofg.com,FR,3555
ashcroftcachecreekjournal.com,CA,3555
nascar.com,US,3554
chicagoreader.com,US,3553
radiogold.it,IT,3549
podatki.biz,PL,3549
scrubsmag.com,US,3546
liveandinvestoverseas.com,PM,3545
cardealermagazine.co.uk,UK,3543
cosmopolitan.com.hk,HK,3541
93q.com,US,3541
livinglutheran.org,US,3541
nextbigfuture.com,CH,3540
thefader.com,US,3540
cemnet.com,US,3538
mix100.com,US,3537
bestmarketing.ee,EN,3537
merrillfotonews.com,US,3536
dailynk.com,KN,3533
wrbl.com,US,3532
utdallas.edu,US,3532
sicnoticias.pt,UP,3532
nashfm100.com,US,3530
winmagpro.nl,NL,3530
louisiana.gov,US,3528
fintechnews.sg,SN,3526
newsmaker.com.au,AS,3526
piusanipiubelli.it,IT,3525
coastalradio.ca,CA,3524
portnews.ru,RS,3523
blackbeltmag.com,US,3522
batdongsan.com.vn,VM,3522
cookpolitical.com,US,3521
whatweekly.com,US,3520
preventionweb.net,US,3520
rollonfriday.com,UK,3518
993kjoy.com,US,3517
iomtoday.co.im,UK,3517
kgrt.com,US,3515
goutsa.com,US,3513
lamudi.com.ph,RP,3513
endtime.com,IS,3512
ourwindsor.ca,CA,3511
scsun-news.com,US,3510
1023thewolf.com,US,3510
wlevradio.com,US,3510
cfjctoday.com,CA,3509
nc.gov,US,3507
tirereview.com,US,3507
nsae.fr,IS,3507
nigeriacommunicationsweek.com.ng,NI,3506
shqipmedia.com,MK,3506
barrierestarjournal.com,CA,3505
wsav.com,US,3502
towntopics.com,US,3497
paperage.com,US,3497
kanal8.mk,MK,3496
ecoaustral.com,MP,3496
zanupf.org.zw,ZI,3496
khay.com,US,3496
indysmix.com,US,3495
agenparl.eu,US,3492
talkingbiznews.com,US,3492
theglobalrecruiter.com,UK,3492
l-a.no,NO,3491
kykz.com,US,3490
inklingsnews.com,US,3489
costa-news.com,SP,3487
zoomsud.it,IT,3486
ereticamente.net,IT,3483
bridgedetroit.com,US,3482
msf.org,SU,3481
starjournalnow.com,US,3481
skyrock.com,FR,3480
eurovision.de,GM,3479
laraza1400.com,MX,3477
asianjournal.ca,CA,3476
tvr.by,BO,3474
dailycorinthian.com,US,3472
slippedisc.com,US,3471
doorcountypulse.com,US,3471
adage.com,US,3470
townlift.com,US,3470
traniviva.it,IT,3468
vista-se.com.br,BR,3466
z96.com,US,3466
fly92.com,US,3465
jornalcontabil.com.br,BR,3465
bluebirdbanter.com,CA,3464
alfabetajuega.com,JA,3464
troymessenger.com,US,3463
business-on.de,GM,3461
turkmenistan.gov.tm,TX,3461
regionnet.com.ar,AR,3459
fluvannareview.com,US,3458
fudzilla.com,CH,3458
supersport.al,AL,3457
supereva.it,IT,3457
silicon.de,GM,3457
marketingjournal.it,IT,3456
92qnashville.com,US,3456
123jump.com,CH,3456
thesuperficial.com,US,3456
alice1077.com,US,3455
silicon.fr,FR,3454
wearemoviegeeks.com,US,3454
mjbizdaily.com,US,3453
wccq.com,US,3453
onlymagazine.ca,CA,3453
power1057.com,US,3452
rundschau.at,AU,3451
thelensnola.org,US,3451
southasiamonitor.org,IN,3446
carve850.com.uy,UY,3445
starradiovegas.com,US,3444
wtloam.com,US,3443
kbcy.com,US,3441
amateurphotographer.co.uk,UK,3439
fierce-network.com,US,3437
grubstreet.com,US,3437
acs.org.au,AS,3436
windpowermonthly.com,US,3435
martlet.ca,CA,3434
masstransitmag.com,US,3434
hot967.fm,US,3433
dailyenergyinsider.com,US,3433
gcn.ie,EI,3433
alloaadvertiser.com,UK,3432
emmys.com,US,3432
theinsightinternational.com,IZ,3430
ascolinotizie.it,IT,3430
951kbby.com,US,3427
rubbernews.com,US,3426
mesquitelocalnews.com,US,3426
clutchfans.net,US,3425
artmatters.info,KE,3424
colombotelegraph.com,CE,3424
cma.gov.cn,CH,3423
di.com.pl,PL,3423
graz.at,AU,3423
pacbiztimes.com,US,3422
divine.ca,CA,3422
entomologytoday.org,US,3422
latinousa.org,US,3421
aeroweb-fr.net,FR,3421
ardmoreite.com,US,3421
hi-fidelity-forum.com,GM,3420
industryweek.com,US,3420
idman.biz,AJ,3419
npoklassiek.nl,NL,3417
cssn.cn,CH,3415
1053hotfm.com,US,3413
premierguitar.com,US,3413
sciencex.com,US,3412
112fryslan.nl,NL,3412
wos.nl,NL,3412
interfax.kz,KZ,3410
travelagentcentral.com,US,3410
makeuseof.com,US,3410
onlineindiannews.com,IN,3409
polisen.se,SW,3408
marketingmag.com.au,AS,3408
foreignpolicyjournal.com,US,3408
consequence.net,US,3407
979nashicon.com,US,3407
1027thevibe.com,US,3407
chattanoogapulse.com,US,3407
jdjournal.com,US,3406
mad.tv,GR,3406
wa1a.com,US,3405
1000ps.at,AU,3405
macmegasite.com,US,3404
dailynews.mk,KV,3404
onofficemagazine.com,UK,3403
wgfaradio.com,US,3403
tauntongazette.com,US,3401
975thevibe.com,US,3399
ganzewoche.at,AU,3397
cascadiadaily.com,US,3394
khmoradio.com,US,3391
venagalicia.gal,SP,3390
aostanews24.it,IT,3390
thecolgatemaroonnews.com,US,3390
pemantiknews.id,ID,3389
fao.org,IT,3389
edinburghlive.co.uk,UK,3388
cnbb.org.br,BR,3387
theecologist.org,UK,3386
monaulnay.com,FR,3384
ngoisao.net,VM,3383
tupolitica.com,PM,3382
hoycanelones.com.uy,UY,3382
radioislam.org.za,SF,3381
espn.com.au,US,3381
989magicfm.com,US,3380
metropolisplanet.com,US,3380
shelbynews.com,US,3378
wanderwithalex.com,US,3378
armada.cl,CI,3377
votebeat.org,US,3377
whiskeyriff.com,US,3376
khop.com,US,3376
citizentribune.com,US,3376
y102montgomery.com,US,3375
iowacentral.edu,US,3375
cronacacomune.it,IT,3374
983thekeg.com,US,3374
lanotizia.ch,SZ,3369
arrl.org,US,3369
ediblebrooklyn.com,US,3368
elmethaq.net,SA,3367
dvz.de,GM,3367
kenyonreview.org,US,3366
jurist.org,US,3365
thepatrioticvanguard.com,SL,3365
saechsische.de,GM,3364
pdclarion.com,US,3361
grocerydive.com,US,3359
topgear.com.ph,RP,3359
thenorthernlight.org,US,3358
95sx.com,US,3358
chiefsdigest.com,US,3358
augustachronicle.com,US,3357
socialeurope.eu,RS,3355
volpromex.ru,RS,3354
svalbardposten.no,SV,3354
theobserver.com,US,3353
telgrafturk.com,TU,3353
kduz.com,US,3353
ians.in,IN,3352
bmn.net.cn,CH,3350
saturdaydownsouth.com,US,3349
knco.com,US,3349
alles-live.at,RS,3347
atl.nu,SW,3346
rtn.asia,IN,3345
ouestaf.com,UV,3344
boltsmag.org,US,3343
smsfadviser.com,AS,3342
yonhapnewstv.co.kr,KS,3342
allthehitsb951.com,US,3339
tcd.ie,EI,3339
bandaancha.eu,SP,3339
fashionmagazine.com,CA,3338
teletrader.com,RS,3336
wherewhatwhen.com,IS,3335
mk-london.co.uk,UK,3334
xataka.com.mx,MX,3331
fcbarcelona.com,SP,3331
punknews.org,US,3330
kqxy.com,US,3330
costarica.com,CS,3329
timeoutdoha.com,QA,3329
carrollconews.com,US,3328
pcwplus.hu,US,3327
khar590.com,US,3326
mainecrimewriters.com,US,3326
yourgv.com,US,3324
edglentoday.com,US,3322
kostenlose-urteile.de,GM,3321
mykemptvillenow.com,CA,3320
etmm-online.com,GM,3319
sportplus.mk,MK,3318
globalspec.com,US,3317
star98.net,US,3317
kwin.com,US,3315
wink104.com,US,3314
syri-vision.tv,KV,3312
znetwork.org,IS,3312
cisanewsafrica.com,KE,3311
grandprix.com,SP,3308
kansasmemory.gov,US,3308
unrwa.org,IS,3307
bicikel.com,SI,3307
theduke.fm,US,3306
tyrokomos.gr,GR,3306
corrieretoscano.it,IT,3305
ibanet.org,UK,3303
bondamanjak.com,MB,3300
modernfix.com,US,3299
lesmobiles.com,FR,3299
coastguardnews.com,US,3299
usda.gov,US,3298
ovv.lv,LG,3297
goobjoog.com,SO,3295
chatelaine.com,CA,3295
astroawani.com,IS,3292
eventhubs.com,JA,3291
hustlebelt.com,US,3291
lifeboxset.com,MX,3289
cheddar.com,US,3288
mix957.net,US,3287
rsci.ru,RS,3286
hollywood.com,US,3285
religiondispatches.org,US,3284
wealthdaily.com,US,3284
npo3fm.nl,NL,3283
alaan.cc,KU,3283
internetworld.de,GM,3281
thedetroitbureau.com,US,3280
thebolditalic.com,US,3280
kfdi.com,US,3277
kentuckystatepolice.org,US,3277
terrenature.ch,SZ,3276
eou.edu,US,3275
indianarrative.com,IN,3275
tvbusa.com,US,3275
motor-exclusive.de,GM,3273
spetteguless.it,IT,3273
berkeleyside.org,US,3272
cgiar.org,KE,3271
greenhousecanada.com,CA,3271
lanostratv.it,IT,3270
z937.com,US,3268
sognavis.no,NO,3268
sienanews.it,IT,3266
theqrocks.com,US,3265
africanewsanalysis.com,GM,3264
amusingplanet.com,US,3263
kpla.com,US,3262
92kqrs.com,US,3261
globalcement.com,IN,3260
lovelandmagazine.com,US,3260
alikonline.ir,AM,3260
myhits106.com,US,3259
myparrysoundnow.com,CA,3259
latarde.com,SP,3258
dagskrain.is,IC,3258
emporiaindependentmessenger.com,US,3256
abc10up.com,US,3254
businessworld.ie,EI,3254
mutigers.com,US,3253
ecu.edu,US,3252
fromfrugaltofree.com,US,3251
washingtonspectator.org,US,3251
jarlsbergavis.no,NO,3249
wa.gov,US,3248
fd.nl,NL,3247
tiedonantaja.fi,FI,3246
thebetterindia.com,IN,3244
mininform.gov.by,BO,3243
pharmaceuticalonline.com,US,3243
narcity.com,CA,3241
theringer.com,US,3241
punjabnewsexpress.com,IN,3241
canyoncourier.com,US,3241
theelectricgf.com,US,3240
dickinsoncountynews.com,US,3240
cde.news,RS,3239
hidesertstar.com,US,3238
capitalist.com.br,BR,3238
newportnewstimes.com,US,3237
wattagnet.com,US,3236
livedoor.blog,JA,3233
delruss.ru,RS,3231
autotalk.co.nz,NZ,3231
starfm1023.com,US,3230
wdjx.com,US,3229
workpermit.com,UK,3228
y101hits.com,US,3227
kvsc.org,US,3227
donegaldaily.com,EI,3227
syvnews.com,US,3227
magnoliaradio.com,US,3226
gurufocus.com,US,3226
frankvermont.com,US,3226
cardplayer.com,US,3224
aclu.org,US,3224
administradores.com.br,BR,3224
militarynews.com,US,3224
fashiontimes.com,FR,3223
sudani.co.za,SU,3222
ilvescovado.it,IT,3221
earthfirstjournal.org,US,3221
q98fm.com,US,3219
satellitetoday.com,US,3219
alsahwayemen.net,YM,3218
939theduck.com,US,3218
arbuturian.com,UK,3217
vizaca.com,US,3217
laramielive.com,US,3215
industryleadersmagazine.com,US,3214
lakshmipur24.com,BG,3214
banklesstimes.com,US,3213
canal6.com.hn,HO,3210
bcmag.ca,CA,3209
watchpro.com,UK,3208
woas-fm.org,US,3207
sportschau.de,GM,3207
extremetech.com,US,3206
housepricecrash.co.uk,UK,3205
lakegastongazette-observer.com,US,3204
lviv-online.com,UP,3204
hwsw.hu,US,3204
outdoorsfirst.com,US,3203
motoresto.id,ID,3203
thetechportal.in,IN,3203
ckm.pl,PL,3202
darmstadtnews.de,GM,3202
pulpapernews.com,US,3202
cardschat.com,US,3201
gothamgazette.com,US,3201
thfire.com,US,3200
drugstorenews.com,US,3200
hot1033.com,US,3197
yourconroenews.com,US,3197
yalealumnimagazine.com,US,3196
film.at,GM,3196
thesouthlandjournal.com,US,3196
fullstopcom.com,SF,3195
emlakgundemi.com.tr,TU,3194
medicalinsider.ru,RS,3193
serbianmonitor.com,RI,3192
jornalnordeste.com,PO,3191
1007thetiger.com,US,3191
sikhsiyasat.net,IN,3191
ruetir.com,IS,3189
hot1077radio.com,US,3188
mnnonline.org,IR,3187
getgeco.com,SP,3186
osinform.org,RS,3186
skessuhorn.is,IC,3186
uchicago.edu,US,3185
1077thebone.com,US,3185
tasr.sk,LO,3183
sprudge.com,US,3183
potatopro.com,US,3182
bakurier.sk,LO,3181
dailycapital.pk,PK,3181
boxingscene.com,US,3180
thepeoplesfriend.co.uk,UK,3180
livenewscentral.com,IN,3178
thrasherbacker.com,JA,3177
myswitzerland.com,SZ,3177
winchestersun.com,US,3176
mentinfuga.com,IT,3176
es.hu,US,3175
airwaysnews.com,FR,3175
apo.org.au,AS,3173
iphoneaddict.fr,US,3169
goodereader.com,CA,3169
wingam.com,US,3169
medicaldaily.com,US,3169
102thebear.com,US,3168
diariodigitalrd.com,US,3166
morganmessenger.com,US,3164
africaoutlookmag.com,SF,3164
arsenalnews.co.uk,UK,3158
riksbank.se,SW,3156
financial-world.org,IS,3156
floordaily.net,US,3156
repairerdrivennews.com,US,3153
kungahuset.se,SW,3153
iraqoilreport.com,IZ,3153
cftktv.com,CA,3153
gcmais.com.br,BR,3152
self.com,US,3152
onlygators.com,US,3151
economiafinanzas.com,SP,3149
mfaapsny.org,GG,3149
elmasacre.com,HA,3148
theelephant.info,KE,3147
maurizioblondet.it,UP,3147
au-senegal.com,SG,3145
amnews.com,US,3145
knittingindustry.com,CH,3143
hartware.de,GM,3143
fxempire.com,RS,3143
pcgamesn.com,US,3143
newsmillenium.com,ES,3141
21alivenews.com,US,3139
power103.com,US,3139
thescore.com,US,3138
andalusiastarnews.com,US,3138
elliderusa.com,US,3138
iecc.edu,US,3136
dottorsalute.info,IT,3136
techenet.com,PO,3135
yaleclimateconnections.org,US,3133
wgni.com,US,3133
248am.com,KU,3130
chronicle.gi,GI,3130
evolutionnews.org,US,3129
lilith.org,US,3127
isracast.com,IS,3127
saigoneer.com,VM,3127
banrep.gov.co,CO,3125
peachtreehoops.com,US,3123
1069theranch.com,US,3123
villagemagazine.ie,EI,3122
pid.gov.pk,PK,3122
stmarys-ca.edu,US,3121
n-mar.ru,RS,3119
wyopreps.com,US,3119
asiangeo.com,CH,3119
languagehat.com,RS,3116
almodon.com,SY,3116
environmentalleader.com,US,3114
osogfusa.no,NO,3114
asamblea.gob.sv,ES,3113
asia-city.com,TH,3113
mindentimes.ca,CA,3113
pinebluffspost.com,US,3113
qrius.com,IN,3112
insidethevatican.com,IT,3111
zw.com.pl,PL,3111
globemagazine.com,US,3111
gga.org,SF,3111
eyesnews.cn,CH,3110
fdd.org,IS,3109
medial.mk,MK,3109
northwestern.edu,US,3108
livingstonenterprise.com,US,3105
og979.com,US,3105
bhatkallys.com,IN,3104
onemileatatime.com,US,3102
lachirico.it,IT,3102
v100fm.com,US,3102
hrc.org,US,3101
tryhardguides.com,US,3100
times.co.nz,NZ,3100
caszazemljo.si,SI,3097
halgan.net,SO,3095
channeleye.co.uk,UK,3095
nutraingredients.com,US,3094
mountainviewtoday.ca,CA,3093
ucsd.edu,US,3093
gld.nl,NL,3092
fbschedules.com,US,3091
arcticstartup.com,FI,3090
cronacaflegrea.it,IT,3090
chinanewscloud.com,TW,3090
redbrick.me,UK,3089
saiia.org.za,SF,3088
metrophiladelphia.com,US,3088
mmsonline.com,US,3087
radarsemarang.com,ID,3084
lakecountyexam.com,US,3084
sputnikarabic.ae,IS,3083
china-embassy.org,CH,3082
nashfm937.com,US,3082
kvartiravmoskve.ru,RS,3081
newsmirrorng.com,NI,3081
coloradocommunitymedia.com,US,3080
travpr.com,IN,3080
pba-online.net,BR,3078
wdhn.com,US,3078
997kmjj.com,US,3076
trust.org,US,3074
vox.gi,GI,3073
wedr.com,US,3073
centrafrique-presse.info,CT,3072
cineuropa.net,FR,3072
krui.fm,US,3072
wrex.com,US,3070
infectioncontroltoday.com,US,3070
thepanamanews.com,PM,3069
voxnews.al,AL,3065
pressreporter.com,US,3065
dutchreview.com,NL,3064
inventorspot.com,US,3062
digitalsignagetoday.com,US,3061
bankofgreece.gr,GR,3061
k991fm.com,US,3061
canarymedia.com,US,3059
tekniikanmaailma.fi,FI,3058
mobypicture.com,US,3057
aerotime.aero,US,3056
am1300.com,US,3056
ky.gov,US,3054
moorefieldexaminer.com,US,3054
alvaradostar.net,AE,3054
scotsmagazine.com,UK,3053
rnli.org,UK,3053
bilnorge.no,NO,3053
dumskaya.net,UP,3051
parmaonline.info,IT,3050
techwireasia.com,MY,3048
vaterland.li,LS,3048
volanteonline.com,US,3047
fiba.basketball,CH,3046
veritenews.org,US,3046
thegeorgeanne.com,US,3046
hillsborofreepress.com,US,3045
veckorevyn.com,SW,3045
economywatch.com,UK,3044
bvibeacon.com,UK,3041
wholehogsports.com,US,3038
dayitalianews.com,IT,3036
newsnextbd.com,BG,3034
motorpasion.com,SP,3032
ifj.org,IS,3032
callutheran.edu,US,3032
fatimamissionaria.pt,PO,3030
zon.it,IT,3029
podiumcafe.com,FR,3029
wild1029.com,US,3029
tourism-review.com,CH,3028
britishsuperbike.com,UK,3028
ukhumanrightsblog.com,UK,3027
lbmjournal.com,US,3027
ndtv.in,IN,3026
vcyamerica.org,US,3024
azmarijuana.com,US,3024
aljazirahnews.com,NI,3024
mymagic106.com,US,3022
spectator.com.au,AS,3022
valleytimes-news.com,US,3021
lynnwoodtimes.com,US,3020
931thebeat.com,US,3020
motorauthority.com,US,3020
magic943fm.com,US,3020
mmr.gov.cz,EZ,3020
lejourguinee.com,FR,3016
engineering.com,US,3016
lionheartv.net,RP,3014
gazzettadellaspezia.it,IT,3013
wers.org,US,3012
barbadosunderground.net,BB,3012
truetalk800.com,US,3011
outtraveler.com,US,3010
baldwin-bulletin.com,US,3010
3amnews.com,EG,3010
netaful.jp,JA,3009
cafonline.com,MO,3005
rakennuslehti.fi,FI,3005
ung.edu,US,3005
surreynowleader.com,CA,3004
mystratfordnow.com,CA,3004
forbes.co.il,IS,3004
thehot1039.com,US,3003
vevaynewspapers.com,US,3003
abstvradio.com,AC,3003
mpo.cz,EZ,3003
whatsonweibo.com,CH,3003
hcdn.gob.ar,AR,3002
waow.com,US,3002
africatime.com,JA,3001
mcclatchydc.com,US,3001
engadinerpost.ch,SZ,3000
tvplus.dn.ua,UP,2999
abladvisor.com,US,2998
laughingsquid.com,US,2998
cricbuzz.com,IN,2997
themirror.com,US,2997
arh-info.ru,RS,2996
mobihealthnews.com,US,2995
gistmania.com,NI,2995
wapcar.my,MY,2995
icelandreview.com,IC,2994
magic1073fm.com,US,2993
accesswire.com,US,2993
ghanacelebrities.com,GH,2992
defector.com,US,2991
gosnovosti.com,RS,2989
fanreport.com,AU,2988
actu-mag.fr,FR,2988
roarmag.org,US,2986
aleqtisady.com,IS,2986
diarioya.es,SP,2986
advancetitan.com,US,2986
ironbladeonline.com,US,2984
swiatczytnikow.pl,PL,2984
hawkeyesports.com,US,2984
publicnow.com,US,2982
macg.co,FR,2981
informazionefiscale.it,IT,2981
gov.sk,LO,2980
sportmanija.mk,MK,2980
jessaminejournal.com,US,2979
haber888.com,TU,2979
afp.com,CH,2979
stellingwerf.nl,NL,2979
wina.com,US,2977
zimbio.com,US,2977
portugal.gov.pt,PO,2977
deplacementspros.com,FR,2977
mymix1061.com,US,2976
informationweek.com,US,2976
hpdetijd.nl,NL,2976
lesindustry.ru,RS,2975
focimagazin.hu,SP,2972
gmdaily.cn,CH,2971
wuga.org,US,2971
mujeresycia.com,SP,2970
naracoorteherald.com.au,AS,2970
juraforum.de,GM,2970
finextra.com,UK,2970
udm.org.za,SF,2969
lithub.com,US,2968
112vallei.nl,NL,2968
985kissfm.net,US,2968
dtnext.in,IN,2967
kiss-1031.com,US,2967
thedeepdive.ca,US,2967
vendingmarketwatch.com,US,2967
internationalbanker.com,US,2966
drenicapress.org,KV,2965
sportingpost.com,US,2965
axess.se,SW,2964
librivox.org,US,2964
georgetown.edu,US,2963
communityvoiceks.com,US,2963
1620thezone.com,US,2962
yourstephenvilletx.com,US,2961
chilkatvalleynews.com,US,2959
10sballs.com,US,2959
mfa-ks.net,KV,2957
961jamz.com,US,2956
nmas.com.mx,MX,2955
mt.gov,US,2955
iconeye.com,UK,2955
thecoast.net.nz,NZ,2954
realiteti.net,KV,2953
b106fm.com,US,2953
businessinsider.com.pl,RS,2952
mtu.edu,US,2952
thetimeshub.in,UP,2950
efeedlink.com,RP,2950
heos.it,IT,2950
stegenherald.com,US,2949
buddytv.com,US,2949
vlnradio.cl,CI,2949
teleanalysis.com,ID,2948
nicolaporro.it,IT,2948
foe.org,US,2948
yachtingworld.com,US,2947
todoenunclick.com,AR,2947
wdzz.com,US,2947
48hills.org,US,2947
murraystate.edu,US,2946
riigikogu.ee,EN,2945
therinklive.com,US,2945
wvowradio.com,US,2943
virginiasports.com,US,2943
940wfaw.com,US,2941
ncbiotech.org,US,2939
latina24ore.it,IT,2939
kwayradio.com,US,2938
aogdigital.com,CH,2938
ubspectrum.com,US,2937
escapistmagazine.com,US,2936
lasabrosita.fm,MX,2934
ifp.org.za,SF,2933
kicdam.com,US,2932
mdpi.com,CH,2931
leeds-live.co.uk,UK,2930
farmscape.com,CA,2930
alaskalandmine.com,US,2930
letemsvetemapplem.eu,EZ,2926
scientias.nl,US,2926
wfnz.com,US,2925
nationworldnews.com,US,2925
sacbc.org.za,SF,2924
knek.com,US,2923
designworldonline.com,US,2921
filmfestivals.com,US,2921
wjjhfm.com,US,2921
timesaerospace.aero,IN,2921
decaturradio.com,US,2920
supercars.com,AS,2920
blackwhitereadallover.com,IT,2919
sify.com,IN,2918
lamejor947.com,US,2917
freshbusinessthinking.com,UK,2915
kemenkeu.go.id,ID,2915
wrnadnet-ve.com,VE,2915
vivelerock.net,UK,2915
myradiolink.com,US,2914
sanjorgevirtual.com.ar,AR,2914
thekansan.com,US,2912
osvnews.com,US,2912
hakaimagazine.com,US,2912
pianetacellulare.it,IT,2909
abclinuxu.cz,EZ,2908
niutoday.info,US,2908
racketmn.com,US,2907
aircargonews.com,US,2906
cruisefever.net,US,2906
thethao247.vn,VM,2905
telesemana.com,BR,2905
csun.edu,US,2904
thecipherbrief.com,RS,2903
marklevinshow.com,US,2903
lesnouvellesnews.fr,FR,2902
bankchart.ca,CA,2900
iskusstvo-info.ru,RS,2899
tech-ish.com,KE,2898
bmbf.de,GM,2898
imore.com,US,2898
kcsufm.com,US,2897
davaotoday.com,RP,2897
theglobalist.com,US,2897
verdenews.com,US,2895
newsweekly.com.au,AS,2895
pacensure.com,MK,2894
sanclementetimes.com,US,2893
foodonline.com,US,2891
cfim.ca,CA,2891
pcguia.pt,PO,2891
j-n.co.jp,JA,2889
oamarumail.co.nz,NZ,2889
met.police.uk,UK,2889
treehugger.com,US,2887
unicef.ca,CA,2887
marionrecord.com,US,2886
projectnoah.org,US,2884
middlenecknews.com,US,2884
examinerlive.co.uk,UK,2883
highplainsobserver.com,US,2883
galtheraldonline.com,US,2882
middleburycampus.com,US,2881
fahrenheitmagazine.com,FR,2879
shqip.media,IS,2878
theflindersnews.com.au,AS,2878
popstaronline.com,US,2878
linncountyleader.com,US,2875
europeanleadershipnetwork.org,RS,2875
76crimes.com,UG,2875
newmoney.gr,GR,2874
ultimaedizione.eu,IT,2874
liberal.gr,RS,2873
fiercepharma.com,US,2873
compsmag.com,US,2872
knom.org,US,2872
takeabreak.co.uk,UK,2872
fox4now.com,US,2871
suburbanchicagoland.com,US,2870
westorlandonews.com,US,2870
armaghi.com,UK,2869
mcla.edu,US,2869
risingkashmir.in,IN,2867
tullahomanews.com,US,2866
dairyreporter.com,CH,2865
istat.it,IT,2864
blogcritics.org,US,2864
indianapublicmedia.org,US,2864
leaderpub.com,US,2864
goblueridge.net,US,2864
siliconcanals.com,NL,2862
xtra.net,NI,2862
geeky-gadgets.com,US,2861
ada.lk,CE,2860
thepiercecountytribune.com,US,2859
krrq.com,US,2859
okay.ng,NI,2858
thepharmaletter.com,CH,2857
reptilesmagazine.com,US,2856
fightful.com,US,2856
athlonsports.com,US,2855
kink.fm,US,2855
riograndeguardian.com,US,2854
magaze.it,IT,2854
sdsmt.edu,US,2854
lawndalenews.com,US,2854
vietnamblogs.net,VM,2854
chicagolawbulletin.com,US,2853
thenewpulsefm.com,US,2853
gov10.ru,RS,2850
955nashicon.com,US,2848
almasalah.com,IZ,2846
govhouse.qld.gov.au,AS,2846
uvureview.com,US,2844
thevincentian.com,VC,2844
directionsmag.com,US,2842
peacecorpsconnect.org,US,2842
glassbytes.com,US,2841
hot103.fm,US,2841
hobartpulp.com,US,2841
hype.my,MY,2841
sonomamag.com,US,2839
palwatch.org,IS,2839
defencenews.in,IN,2837
haberkita.com.tr,TU,2837
kslnewsradio.com,US,2836
cartoonbrew.com,US,2835
academeblog.org,US,2835
crossrhythms.co.uk,UK,2835
goltv.tv,BR,2834
cruiselawnews.com,US,2833
aztagarabic.com,AM,2833
khabarexpress.com,IN,2833
splcenter.org,US,2833
coolsocial.net,US,2831
goldentranscript.net,US,2831
buffalosfire.com,US,2831
thenarwhal.ca,CA,2830
sonorannews.com,US,2829
mainstreet-nashville.com,US,2828
sewardindependent.com,US,2828
federvolley.it,IT,2828
armenianow.com,AM,2828
amac.us,US,2827
jaquealarte.com,US,2827
rough-polished.com,RS,2825
fiveforhowling.com,US,2825
stlouisreview.com,US,2825
bbcmag.com,US,2824
vbjusa.com,US,2822
canplastics.com,CA,2822
financecolombia.com,CO,2822
whrpfm.com,US,2821
aerospace-technology.com,US,2821
allradionews.com,US,2819
periodicoequilibrium.com,ES,2818
missouribusinessalert.com,US,2818
vogue.de,GM,2816
dailybusinessgroup.co.uk,UK,2816
mopocp.gov.gr,GR,2816
anphoblacht.com,EI,2815
eurailpress.de,GM,2815
mundomaritimo.cl,PM,2814
fathomjournal.org,IS,2813
sekitarsurabaya.com,ID,2813
newsbeezer.com,US,2812
halldale.com,US,2810
cjn.cn,CH,2810
episcopalnewsservice.org,US,2808
mainecampus.com,US,2807
daltonsbusiness.com,UK,2807
dni.press,RS,2807
pokernewsdaily.com,US,2806
westernpacificweather.com,RP,2805
bpr.org,US,2805
insidehpc.com,US,2804
winonaradio.com,US,2803
thepointmag.com,US,2803
massey.ac.nz,NZ,2802
newsradio1440.com,US,2801
juan947.com,US,2801
mantovanotizie.com,IT,2801
azorobotics.com,US,2800
domstol.dk,DA,2799
thedailytexan.com,US,2799
literock969.com,US,2799
la-flamme.org,FR,2798
turbo.fr,FR,2797
suspilne.media,UP,2796
tdalabamamag.com,US,2796
ict.org.il,IS,2796
klaus.cz,EZ,2796
expatica.com,RS,2794
nearshoreamericas.com,MX,2793
glamour.de,GM,2792
boatingmag.com,US,2791
presidence.dj,DJ,2791
leadvilleherald.com,US,2790
littleleague.org,US,2789
attaqa.net,IR,2788
wkbkradio.com,US,2787
bridgervalleypioneer.com,US,2786
ambientebrasil.com.br,BR,2786
1043theparty.com,US,2785
949theoutlaw.com,US,2785
daily-mail.co.zm,ZA,2784
mas.gov.sg,SN,2783
udiscovermusic.com,US,2782
mybancroftnow.com,CA,2782
envirotech-online.com,UK,2781
thebusinessyear.com,SA,2781
kvakradio.com,US,2780
wlad.com,US,2779
alaska.edu,US,2779
theirregular.com,US,2779
cheshireherald.com,US,2779
sokodirectory.com,KE,2778
pingwest.com,CH,2776
interfax-religion.com,RS,2776
radiotoday.ie,EI,2775
1019thebeatfm.com,US,2775
flotprom.ru,RS,2773
yogajournal.com,US,2773
kusports.com,US,2772
radioproject.org,US,2771
thedailyguardian.net,US,2771
biomedcentral.com,CH,2771
mby.com,UK,2770
insidearm.com,US,2770
fmyokohama.co.jp,JA,2768
africanbusinessreview.co.za,US,2768
alokitobangladesh.com,BG,2768
blackagendareport.com,US,2768
cision.com,SW,2768
sportski.mk,SP,2767
kdnk.org,US,2766
informs.org,US,2766
coast973.com,US,2765
theshiftnews.com,MT,2764
skiinfo.de,AU,2764
mirrormedia.mg,TW,2763
valleyreporter.com,US,2763
937nashicon.com,US,2762
westvalleyview.com,US,2761
gorodovoy.info,RS,2760
milligazette.com,IS,2758
atlasobscura.com,US,2757
utk.edu,US,2757
liberty.edu,US,2756
dailyregister.com,US,2755
dagogtid.no,NO,2754
ELRECADO.NET,AR,2753
soundonsound.com,UK,2752
ai-online.com,US,2751
camlions.com,CM,2751
dailyrepublicannews.com,US,2750
sntat.ru,RS,2749
algona.com,US,2749
alreporter.com,US,2749
lequotidienalgerie.org,AG,2749
gov.am,AM,2748
ucr.edu,US,2747
grahamleader.com,US,2747
oserrano.com.br,BR,2746
usi.edu,US,2746
ygeianet.gr,GR,2746
bigyan.org.in,IN,2744
bossip.com,US,2742
spinsouthwest.com,EI,2740
equalvoiceforfamilies.org,US,2739
hercampus.com,US,2739
wralsportsfan.com,US,2737
deshabhimani.com,IN,2737
sdsucollegian.com,US,2736
tv7.bg,BU,2735
southernersays.com,US,2735
ccmmagazine.com,US,2735
kokomoperspective.com,US,2735
allmediascotland.com,UK,2735
opp.no,NO,2734
kuzz.com,US,2734
am1430.net,US,2734
sawatdeenetwork.com,TH,2733
recoilweb.com,US,2732
intelligentinsurer.com,UK,2732
mezha.media,UP,2732
attac.es,SP,2732
wupy101.com,US,2732
dr1.com,DR,2732
eastcentraliowanews.com,US,2731
pvamu.edu,US,2730
drleonardcoldwell.com,US,2730
premierleague.com,UK,2730
wheninmanila.com,RP,2730
news10.com,US,2729
telefonguru.hu,CH,2729
wunderweib.de,GM,2729
rapsinews.com,RS,2727
rashidfaridi.com,IN,2726
bocaratontribune.com,US,2726
schengenvisainfo.com,UP,2726
hashtagsyria.com,SY,2725
eg.ru,RS,2723
thesnaponline.com,US,2723
fultoncountynews.com,US,2723
b95.com,US,2723
goldradio.com,UK,2723
1428elm.com,US,2722
memeburn.com,SF,2722
avrupabulteni.com,TU,2722
ourwovenjourney.com,US,2722
laschoolreport.com,US,2721
fivb.com,FR,2720
maceratanotizie.it,IT,2717
oilonwhyte.com,US,2717
thedutchharborfisherman.com,US,2717
si.edu,US,2716
mhwmagazine.co.uk,UK,2716
maxifoot.fr,FR,2716
dartmouth.edu,US,2715
monocle.com,US,2715
clearwaterprogress.com,US,2714
giantrobot.com,US,2712
uccs.edu,US,2711
newsinvestigatorsng.com,NI,2710
shaanxi.gov.cn,CH,2709
epa.gov,US,2709
great98.net,US,2708
autorevue.at,AU,2707
dailyreckoning.com.au,AS,2705
instonians.org,EI,2704
investingdaily.com,US,2704
uc.edu,US,2704
r-a.no,NO,2703
allclassical.org,US,2702
dzwww.com,CH,2701
vaticannews.va,UP,2701
corridorbusiness.com,US,2700
lenouveaureveil.com,SZ,2700
hamodia.com,IS,2699
ntd.com,US,2699
unocero.com,MX,2698
sputnik.md,MD,2697
e110.de,GM,2697
statejournal.com,US,2696
kbyr.com,US,2696
zizonline.com,SC,2693
hardcoregamer.com,JA,2693
newsroom.co.nz,NZ,2692
thecr.com,US,2691
wlns.com,US,2691
crtvg.gal,SP,2689
tse.org.gt,GT,2688
wsbtradio.com,US,2687
pwmnet.com,UK,2687
eastday.com,CH,2687
kidotalkradio.com,US,2686
tom.com,CH,2684
tetova1.mk,MK,2683
unhcr.org,UP,2682
nmk-post.com,MK,2682
adifferentleague.co.uk,UK,2681
uwaterloo.ca,CA,2680
999thehawk.com,US,2679
kchkradio.net,US,2679
lawrentian.com,US,2679
internationalliving.com,SP,2678
techrepublic.com,AS,2676
open-tv.mk,MK,2676
play3.de,JA,2675
theaugeanstables.com,IS,2672
thinkadvisor.com,US,2671
fdiintelligence.com,CH,2670
lescienze.it,IT,2668
yallakora.com,SP,2668
theorion.com,US,2667
inc.com,US,2666
auburn.edu,US,2666
newamerica.org,US,2665
foundry-planet.com,GM,2665
apollo.lv,UP,2664
bovinevetonline.com,US,2664
myscience.uk,UK,2664
designnews.com,US,2664
xtb.com,GM,2663
delawarecurrents.org,US,2662
FLOT.com,RS,2661
celebuzz.com,US,2659
georgiadogs.com,US,2658
nordiskemedier.dk,DA,2657
1055thehawk.com,US,2657
orangecoast.com,US,2657
technologynetworks.com,US,2653
aidesep.org.pe,PE,2653
beppegrillo.it,IT,2653
cinencuentro.com,PE,2649
therocket951.com,US,2649
latecla.info,AR,2649
unherd.com,US,2649
aaii.com,US,2646
provitaefamiglia.it,IT,2646
undark.org,US,2643
rdnoticias.com,US,2642
cliomakeup.com,IT,2642
calbears.com,US,2641
krbe.com,US,2641
blazin1023.com,US,2640
coastalleader.com.au,AS,2639
theramenrater.com,JA,2639
macwelt.de,GM,2638
cochranenow.com,CA,2638
chedonna.it,IT,2637
chinamoneynetwork.com,CH,2636
todaysu.com,US,2636
bankingdive.com,US,2636
cpfc.co.uk,UK,2635
thevoicebw.com,BC,2633
topsport.mk,SP,2633
mubasher.info,EG,2633
ageofautism.com,US,2632
max94one.com,US,2632
tecnelab.it,IT,2632
congres.nc,NC,2632
highdefdigest.com,US,2631
christies.com,US,2629
cmt.com,US,2628
caak.mn,RS,2628
forum-algerie.com,AG,2628
elpasoheraldpost.com,US,2628
torahmusings.com,IS,2627
pacetoday.com.au,AS,2627
outburn.com,US,2626
jamz963.com,US,2626
ilgiornaledabruzzo.it,IT,2626
hackaday.com,US,2625
bronconationnews.com,US,2625
psuvanguard.com,US,2624
surfline.com,US,2624
12thman.com,US,2623
novayagazeta-ug.ru,RS,2623
tireball.com,US,2621
tengrinews.kz,KZ,2620
version2.dk,DA,2619
garnetandblackattack.com,US,2619
hbk.hr,HR,2618
plainsman.com,US,2617
expotimesonline.net,US,2616
wellsvilledaily.com,US,2616
parispi.net,US,2616
earthjustice.org,US,2614
dtoday.de,GM,2613
senate.gov.pk,PK,2612
01net.it,IT,2612
police.bm,BD,2611
arunachaltimes.in,IN,2611
printingnews.com,US,2610
tert.am,AM,2610
wsmiradio.com,US,2609
controleng.com,US,2609
photonics.com,US,2609
qpr.co.uk,UK,2608
dea.gov,US,2607
gamecocksonline.com,US,2605
hi-tech.ua,UP,2605
khybernews.tv,PK,2604
thecinemaholic.com,US,2603
sam1039.com,US,2602
alroeya.com,SY,2601
rfglobalnet.com,US,2601
qctonline.com,CA,2601
grandview.edu,US,2600
gol.com.bo,BL,2600
puntal.com.ar,AR,2600
dynamo.kiev.ua,UP,2599
okstate.edu,US,2599
thenewatlantis.com,US,2598
newrydemocrat.com,UK,2597
sap.org.ar,AR,2596
cyclonefanatic.com,US,2596
beritajakarta.id,ID,2593
europeaninterest.eu,UP,2593
europeanpharmaceuticalreview.com,UK,2593
bjtonline.com,US,2591
rubryka.com,UP,2591
nowtolove.co.nz,NZ,2590
franchisetimes.com,US,2590
metropoles.com,BR,2590
monitor.co.me,RI,2586
microsiervos.com,SP,2586
cleburnetimesreview.com,US,2585
kffb.com,US,2585
harvardpress.com,US,2584
volcanodiscovery.com,RP,2584
forexcrunch.com,CA,2582
popdust.com,US,2582
gephardtdaily.com,US,2580
tiozambia.com,ZA,2580
aisnenouvelle.fr,FR,2580
newswire.lk,CE,2578
bloodstock.com.au,AS,2578
pistolsfiringblog.com,US,2578
sta.si,SI,2576
christiantoday.com.au,AS,2576
hawaii.gov,US,2576
lincolnu.edu,US,2574
smartnews.mk,MK,2573
rayli.com.cn,CH,2573
dni.plus,RS,2572
alaskacommons.com,US,2571
thecincinnatiherald.com,US,2571
azjewishpost.com,US,2568
dcmetrotheaterarts.com,US,2567
hinet.net,TW,2566
ladysmithnews.com,US,2566
geeska.net,SO,2565
tyrepress.com,UK,2565
greatlakesnow.org,US,2565
state-journal.com,US,2565
australasianscience.com.au,AS,2564
1017hotfm.com,US,2564
candysdirt.com,US,2563
sundayobserver.lk,CE,2562
springer.com,IN,2562
acousticguitar.com,US,2561
hk01.com,HK,2561
funtrivia.com,US,2560
yesnetwork.com,US,2560
sdcexec.com,US,2560
womenboxing.com,US,2560
radio-sora.si,SI,2560
wola.org,VE,2559
bolivarmonews.com,US,2559
thelansingjournal.com,US,2559
photonicsonline.com,US,2558
andhranews.net,US,2557
carnegie-mec.org,SY,2557
wineindustryadvisor.com,US,2556
b1015.com,US,2556
flightaware.com,US,2556
ednc.org,US,2555
pep.ph,RP,2555
cmo.com.au,AS,2554
airlinereporter.com,US,2554
essexreporter.com,US,2553
waterpowermagazine.com,US,2553
loudounnow.com,US,2552
ifun.de,GM,2552
proboxing-fans.com,UK,2552
az.com.na,WA,2552
est.ua,UP,2551
loschermo.it,IT,2550
kqky.com,US,2547
uclabruins.com,US,2547
uta.edu,US,2546
managersonline.nl,NL,2545
savingadvice.com,US,2545
thetigernews.com,US,2545
biodieselmagazine.com,US,2544
mytexasdaily.com,US,2543
ayradvertiser.com,UK,2543
overtoncountynews.com,US,2543
wnir.com,US,2543
blackstarnews.com,US,2542
pluggedin.com,US,2542
bellinghamherald.com,US,2542
meiahora.com.br,BR,2542
whby.com,US,2541
sanmarinortv.sm,IT,2541
kiowacountyindependent.com,US,2541
ric.edu,US,2540
thesetonian.com,US,2540
somalilandsun.com,SO,2539
q101.com,US,2539
navaltoday.com,UK,2538
mis-asia.com,CH,2538
wcsg.org,US,2538
indycornrows.com,US,2537
dcnewsnow.com,US,2537
cote-d-ivoire.net,IV,2536
minagro.gov.ua,UP,2536
hornsillustrated.com,US,2535
vatican.va,IT,2535
nau.ch,RS,2533
biztechafrica.com,US,2533
q106dot5.com,US,2531
uni-paderborn.de,GM,2531
afropop.org,US,2531
wwe.com,US,2529
i4u.com,US,2529
wwwhatsnew.com,SP,2528
gmtoday.com,US,2528
ucdavis.edu,US,2528
gesund.at,AU,2528
kpunews.com,UP,2527
ladepechedabidjan.info,FR,2526
express-novosti.ru,RS,2524
umass.edu,US,2523
vipmagazine.ie,EI,2522
report.az,AJ,2522
mobileidworld.com,US,2522
romaniajournal.ro,RO,2522
tlv1.fm,IS,2519
rivistanatura.com,IT,2518
clarkesworldmagazine.com,CH,2518
islamweb.net,IS,2517
sgazeta.ru,RS,2516
football365.com,UK,2515
srr.ro,RO,2513
clickliverpool.com,UK,2511
pulselive.co.ke,KE,2511
bigdog1035.com,US,2510
cricket.com.au,AS,2509
quilivorno.it,IT,2509
unesco.org,CH,2508
model-engineer.co.uk,UK,2508
soapoperadigest.com,US,2508
radiobremen.de,GM,2507
amsat.org,US,2506
touringcartimes.com,UK,2505
info.gouv.fr,FR,2505
garda.com,RS,2505
kixx.com,US,2505
ingenieros.es,SP,2504
voiceofthevalley.com,US,2503
imagenradio.com.mx,MX,2503
tripzilla.ph,RP,2503
uspresidentialelectionnews.com,US,2502
thesouthernscoopnews.com,US,2502
michaelwest.com.au,AS,2501
ktpress.rw,RW,2500
heraldodiariodesoria.es,SP,2498
eventbrite.com.au,AS,2498
ontuscia.it,IT,2498
captimes.com,US,2495
pinkun.com,UK,2494
managementtoday.co.uk,UK,2494
sensaciondeportiva.com,MX,2494
wbuf.com,US,2493
liffey.cat,EI,2493
africanreview.com,SF,2493
roem.ru,RS,2492
springermedizin.at,AU,2492
rivistailmulino.it,IT,2491
wvculture.org,US,2491
hilltimes.com,CA,2491
businesspost.ng,NI,2489
thejournal.com,US,2489
playstationlifestyle.net,JA,2489
scottsdale.org,US,2489
murciatoday.com,SP,2487
theconcordian.com,CA,2487
zoutpansberger.co.za,SF,2487
codepink.org,US,2486
elkintribune.com,US,2486
bestlifeonline.com,US,2484
local8now.com,US,2482
goanews.com,IN,2482
iguru.gr,US,2481
londonnewsonline.co.uk,UK,2480
firdaposten.no,NO,2479
kaleme.com,IR,2478
caymancompass.com,CJ,2477
allthingsfinance.net,US,2476
apu.fi,FI,2476
worldcement.com,US,2476
volunteermatch.org,US,2475
masterbuilders.com.au,AS,2474
nporadio4.nl,NL,2473
easternshorepost.com,US,2472
nexttv.com,US,2472
brandeishoot.com,US,2472
heraldguide.com,US,2471
brewbound.com,US,2471
digboston.com,US,2470
freethinker.co.uk,UK,2470
savannahbusinessjournal.com,US,2470
gannawarratimes.com.au,AS,2469
truthorfiction.com,US,2468
newcoldwar.org,CH,2467
noticiasser.pe,PE,2467
scienzainrete.it,IT,2466
thedailyherald.sx,US,2466
haliburtonecho.ca,CA,2465
zdnet.de,GM,2464
allure.com,US,2463
popsugar.com.au,AS,2463
vecer.press,MK,2461
inews.bg,BU,2461
teinteresa.es,SP,2461
theassemblync.com,US,2461
turkishminute.com,TU,2460
lepays.bf,UV,2459
americanrifleman.org,US,2458
bloggplatsen.se,SW,2456
clipsnation.com,US,2456
toucharcade.com,JA,2456
hawaiilife.com,US,2456
watanserb.com,SY,2455
biv.com,CA,2453
oikoumene.org,IS,2453
folhanit.com.br,BR,2453
guardiacivil.es,SP,2452
mybasin.com,US,2450
umhoops.com,US,2450
managingip.com,CH,2449
sintef.no,NO,2449
newsprom.online,RS,2447
cumnockchronicle.com,UK,2446
radioorhei.info,MD,2446
route-fifty.com,US,2445
sportbox.ru,RS,2445
naturalproductsinsider.com,US,2444
easternnewmexiconews.com,US,2444
contractorslouisiana.com,US,2443
newsblogged.com,US,2443
titusoreily.com,AS,2443
wallstreetpit.com,US,2442
controcampus.it,IT,2442
komando.com,US,2442
goldradiouk.com,UK,2441
sportstation.mk,MK,2441
mainebeacon.com,US,2441
regione.molise.it,IT,2440
allblacks.com,NZ,2440
warrenrecord.com,US,2438
iphonesoft.fr,FR,2438
marchenotizie.it,IT,2436
maxim.com.au,AS,2436
tudno.co.uk,UK,2435
breathecast.com,US,2435
rochestercitynewspaper.com,US,2435
rwandaises.com,RW,2433
ccfgroup.com,CH,2432
bpnews.net,US,2432
badlefthook.com,US,2432
joyonews.jp,JA,2431
uncut.co.uk,UK,2431
carrollcountycomet.com,US,2431
uspoker.com,US,2431
top-shqip.mk,AL,2431
osubeavers.com,US,2431
tiede.fi,FI,2429
phuketindex.com,TH,2429
u-238.com.ar,AR,2429
examiner.net,US,2428
searchlightnm.org,US,2427
passblue.com,IS,2427
ulm.edu,US,2427
neimagazine.com,RS,2426
chicagoreporter.com,US,2426
joehuffman.org,US,2426
jwnenergy.com,CA,2425
zagsblog.com,US,2425
brokensidewalk.com,US,2425
caacnews.com.cn,CH,2425
wncmagazine.com,US,2424
thedispatch.com,US,2424
pratttribune.com,US,2423
corporatecrimereporter.com,US,2423
wmpl920.com,US,2420
ncnewspress.com,US,2420
610kona.com,US,2419
beijing.gov.cn,CH,2417
knoxfocus.com,US,2417
ballabionews.com,IT,2416
cambodiadaily.com,CB,2414
efekto.tv,MX,2414
btimesonline.com,IS,2414
yourclassical.org,US,2413
motherearthliving.com,US,2413
dailyhelmsman.com,US,2412
toynews-online.biz,BR,2411
wizn.com,US,2410
pacificlegal.org,US,2409
fncci.org,NP,2408
atomix.vg,MX,2408
tgspot.co.il,IS,2408
prmaximus.de,GM,2407
actualites-news-environnement.com,FR,2407
zougla.gr,GR,2405
newsitaliane.it,IT,2405
indexoncensorship.org,UK,2404
cryptopolitan.com,CH,2403
travelpulse.com,US,2402
thinkgeoenergy.com,GM,2400
assetservicingtimes.com,UK,2398
zorgvisie.nl,NL,2397
unt.se,SW,2395
thechiefnews.com,US,2394
politicshome.com,UK,2394
pioneertribune.com,US,2394
jpfo.org,US,2391
sabrangindia.in,IN,2390
businessmir.ch,UK,2389
oasport.it,IT,2388
azbusinessdaily.com,US,2388
francedimanche.fr,FR,2388
aerospacemanufacturinganddesign.com,US,2388
atmorenews.com,US,2387
birdlife.org.au,AS,2387
dfa.ie,EI,2387
kino-zeit.de,GM,2386
thai.news,TH,2386
gladwinmi.com,US,2385
femcafe.hu,HU,2385
religionunplugged.com,US,2385
laquincena.es,SP,2384
ciociariaoggi.it,IT,2383
hankfm.com,US,2383
usatf.org,US,2383
kajn.com,US,2383
porthole.com,US,2382
ilnuovo.it,IT,2382
stluciastar.com,ST,2382
ufirms.ru,RS,2382
lehifreepress.com,US,2380
19min.media,BU,2380
newatlas.com,US,2380
thevillagesdailysun.com,US,2379
diariodesign.com,SP,2379
uptownmessenger.com,US,2378
easternherald.com,RS,2378
krebsonsecurity.com,US,2378
idw-online.de,GM,2376
flash.gr,IS,2376
asa3.org,US,2375
baobacninh.com.vn,VM,2375
samacharcentral.com,US,2375
findbiometrics.com,US,2375
edsurge.com,US,2373
fstribune.com,US,2372
aero.de,GM,2372
onefc.com,TH,2371
booklistonline.com,US,2371
stephaniemiller.com,US,2370
slateafrique.com,ML,2369
ids.ac.uk,UK,2369
migranttales.net,FI,2366
eisenbahn-kurier.de,GM,2364
mlyon.fr,FR,2364
cnv.org.kh,CB,2364
todaynewsafrica.com,US,2363
eventbrite.ie,EI,2363
citysuntimes.com,US,2362
sjrnews.com,US,2361
nanya.ru,RS,2360
socialmediatoday.com,US,2360
newyorkjets.com,US,2359
metrosource.com,US,2358
archaeology.co.uk,UK,2358
rechargenews.com,US,2358
ech-chaab.com,AG,2357
utoronto.ca,CA,2357
theanguillian.com,AV,2355
qianjia.com,CH,2354
virginia.edu,US,2354
nil.org.pl,PL,2354
clearancejobs.com,US,2352
thebusinesstimes.com,US,2352
msf.fr,IS,2351
dvb.no,BM,2351
corowafreepress.com.au,AS,2351
brazilian.report,BR,2350
shippingwatch.dk,RS,2350
wbxxfm.com,US,2349
180.com.uy,UY,2346
ilkha.com,TU,2346
guthealthwellness.com,US,2346
filmschoolrejects.com,US,2344
stuttgart-journal.de,GM,2344
opalesque.com,US,2344
scarletknights.com,US,2343
ladyblitz.it,IT,2343
valori.it,IT,2343
kelownanow.com,CA,2343
soundsandcolours.com,US,2343
milwaukeecourier.com,US,2342
shoutoutuk.org,UK,2341
artsound.fm,AS,2338
olisa.tv,NI,2338
dday.it,IT,2337
actu.fr,FR,2337
jiangmen.gov.cn,CH,2337
wkrq.com,US,2337
pesterlloyd.net,HU,2336
presentationministries.com,US,2336
c967.com,CH,2333
radiolac.ch,SZ,2333
skeptic.org.uk,UK,2332
xpn.org,US,2331
shephardmedia.com,UK,2331
q8dailynews.com,KU,2331
navarrepress.com,US,2328
memphisflyer.com,US,2328
paymentweek.com,US,2326
worldsbk.com,AS,2325
aleks-sakh.ru,RS,2324
schonmagazine.com,US,2323
report.md,MD,2323
goblueraiders.com,US,2322
capital.bg,BU,2321
chaco.gov.ar,AR,2321
orer.eu,AM,2321
indepaz.org.co,CO,2320
wfp.org,SU,2320
taltech.ee,EN,2319
geeknewscentral.com,US,2319
mix95.com,US,2318
sundayguardianlive.com,IN,2318
kentwired.com,US,2317
businesspress.vegas,US,2317
lww.com,US,2317
idehalmag.com,IR,2315
imenno.ru,RS,2315
coloradosprings.com,US,2315
nebraska.gov,US,2314
iolaregister.com,US,2314
martinmyersct.com,SF,2313
northtamatelegraph.com,US,2313
cepa.org,RS,2310
campustimes.org,US,2309
sciotopost.com,US,2309
trendsderzukunft.de,GM,2309
stylise.it,IT,2309
bright.nl,NL,2308
oreporter.com,BR,2308
michiganchronicle.com,US,2308
libertymagazine.org,US,2307
blademag.com,US,2305
loyolaphoenix.com,US,2305
eub.no,NO,2304
globalproject.info,IT,2304
republicains.fr,FR,2303
weeklytimesnow.com.au,AS,2303
thevine.com.au,AS,2302
myweekly.co.uk,UK,2302
colunadofla.com,BR,2301
thepropertytribune.com.au,AS,2301
zuerst.de,RS,2300
milforddailynews.com,US,2300
apfelpage.de,GM,2300
desmog.com,US,2299
counterview.net,IN,2299
cryptonews.com,KS,2298
elplanetaurbano.com,AR,2297
sierranewsonline.com,US,2296
australianmining.com.au,AS,2296
kzmu.org,US,2295
iphoned.nl,NL,2295
weatherzone.com.au,AS,2294
fifa.com,QA,2293
uneca.org,ET,2293
meutimao.com.br,BR,2292
financebuzz.com,US,2291
presidence.ci,IV,2290
barrigaverde.com.do,RS,2289
southernstandard.com,US,2288
eie.ng,NI,2288
juritravail.com,FR,2287
gunsandammo.com,US,2287
rejoicemagazine.net,US,2286
bdemo.com,US,2286
theonlycolors.com,US,2286
montgomeryindependent.com,US,2285
roxpile.com,US,2284
mytimminsnow.com,CA,2283
thedrive.com,US,2283
themountvernongrapevine.com,US,2283
performance-radio.com,US,2283
gide.com,FR,2282
capetownetc.com,SF,2282
government.by,BO,2280
familiejournal.dk,DA,2280
streakingthelawn.com,US,2279
tek.no,NO,2278
gallup.com,US,2277
technotoday.com.tr,TU,2277
indiantime.net,US,2277
dfa.co.za,SF,2276
arberia.tv,KV,2275
allenbwest.com,US,2275
switchtv.ke,KE,2274
laprensa.org,US,2272
sligoweekender.ie,EI,2271
mz-web.de,GM,2270
smartbrief.com,US,2269
languagemagazine.com,US,2269
koenigsberger-express.com,RS,2269
madison365.com,US,2269
mfa.gov.bt,BT,2267
entertainmentnow.com,US,2267
ptreyeslight.com,US,2267
latina.com,US,2266
city.bg,BU,2266
snp.org,UK,2266
emagazine.com,US,2265
taxfoundation.org,US,2265
magazine-avantages.fr,FR,2265
normanfinkelstein.com,IS,2264
umd.edu,US,2262
paulsvalleydailydemocrat.com,US,2261
redam.mx,MX,2261
cosafa.com,SF,2261
spoilertv.com,US,2260
atlallday.com,US,2259
times-online.com,US,2259
66wz.com,CH,2258
buildingthedam.com,US,2258
bvmtv.com,US,2258
driva.no,NO,2258
lancs.live,UK,2257
t-ono.net,JA,2255
kentontimes.com,US,2254
ravennaedintorni.it,IT,2254
labnews.co.uk,UK,2254
nonsolocinema.com,IT,2253
logreglan.is,IC,2253
draftkings.com,US,2253
empirewritesback.com,US,2252
creativereview.co.uk,UK,2252
primerahora.com,US,2252
chestercountyindependent.com,US,2250
waupacanow.com,US,2250
aspenjournalism.org,US,2248
idexonline.com,IN,2246
seahistory.org,US,2246
pennathletics.com,US,2244
alexcityoutlook.com,US,2244
undeadwalking.com,US,2244
gobison.com,US,2244
cultmtl.com,CA,2242
ru.ac.za,SF,2241
aidshealth.org,US,2240
kfsk.org,RS,2240
theragblog.com,US,2238
espn.com.br,BR,2238
d1softballnews.com,US,2236
outdoorcanada.ca,CA,2232
cis.org,US,2232
pirelli.com,IT,2232
avherald.com,US,2231
mobilizujeme.cz,CH,2231
theinterrobang.com,US,2231
anacao.cv,CV,2230
adb.org,RP,2230
thecurrentga.org,US,2229
phandroid.com,CH,2229
fadeawayworld.net,US,2228
thepolitic.org,US,2227
westerngazette.ca,UK,2227
crtvg.es,SP,2227
additudemag.com,US,2227
gov.scot,UK,2227
actionnewsnow.com,US,2226
energyandcapital.com,US,2226
wjjm.com,US,2225
fortunaweb.com.ar,AR,2225
infonegocios.barcelona,SP,2224
state.ny.us,US,2223
businessobserverfl.com,US,2223
elivebrescia.tv,IT,2222
mcd.gob.gt,GT,2222
royaldutchshellplc.com,UK,2221
lse.ac.uk,UK,2218
dietagespresse.com,AU,2218
lassennews.com,US,2216
vishwagujarat.com,IN,2216
gatorsports.com,US,2216
k92radio.com,US,2215
htsstlucia.org,ST,2214
thenewcivilrightsmovement.com,US,2214
ifre.com,UK,2211
rapidtvnews.com,UK,2210
91x.fm,CA,2209
rufox.com,RS,2209
nporadio2.nl,NL,2209
gaycities.com,US,2209
gouvernement.ga,GB,2208
balkangreenenergynews.com,RI,2208
project-syndicate.org,RS,2206
dossiernet.com,AR,2205
z1035.com,CA,2204
ecommercenews.co.nz,NZ,2203
perutribune.com,US,2203
goarch.org,US,2202
thefrisky.com,US,2202
theticket.com,US,2202
works.gov.bh,BA,2201
cioperu.pe,PE,2201
nv.gov,US,2200
infonegocios.miami,AR,2200
paralimani.com,TU,2200
74.ru,RS,2199
bestetfs.com.au,AS,2198
networkworld.com,US,2197
linkhay.com,RS,2197
hannapub.com,US,2197
aponet.de,GM,2196
pizzicato.lu,GM,2195
spacenews.com,US,2195
solarbuildermag.com,US,2195
stlucianewsonline.com,US,2194
guardianlv.com,US,2194
gouvernement.fr,FR,2193
manationtogo.com,TO,2193
mhflsentinel.com,US,2192
clarkstonnews.com,US,2189
joodsactueel.be,IS,2189
mybuckhannon.com,US,2187
au.int,ET,2187
thechinaproject.com,CH,2187
mywanderlust.pl,EZ,2186
rtc.cv,CV,2186
touringcars.net,UK,2184
gbnett.no,NO,2184
onceametro.com,US,2183
thehawkrocks.com,US,2182
diarioelmarino.cl,CI,2182
advertisergleam.com,US,2180
superiorcatholicherald.org,US,2180
ft.dk,DA,2180
businessandfinance.com,EI,2180
sunflowerstateradio.com,US,2179
mrtopstep.com,CH,2179
tibet.cn,CH,2179
birthplaceofcountrymusic.org,US,2178
hudsonvalleypost.com,US,2177
musculardevelopment.com,US,2177
gamesvillage.it,IT,2176
poandpo.com,US,2176
professionaljeweller.com,UK,2175
presidence.gov.mg,MA,2173
helahalsingland.se,SW,2171
bartamankantho.com,BG,2171
usu.edu,US,2171
sanspo.com,JA,2171
technicalreviewmiddleeast.com,SA,2170
boulderreportinglab.org,US,2170
thecouriertimes.com,US,2169
patentlyapple.com,CH,2168
lauraingraham.com,US,2168
mfa.gov.af,AF,2167
ftleavenworthlamp.com,US,2166
cidob.org,RS,2166
wingsenvironmental.com,US,2165
telebasel.ch,RS,2165
pd.co.ke,KE,2162
windpowerengineering.com,US,2161
pgfreepress.com,CA,2160
jazzradio.fr,FR,2160
mix1037fm.com,CA,2159
electropages.com,CH,2158
deleciousfood.com,US,2157
private-eye.co.uk,UK,2156
goodnewsnetwork.org,US,2154
journalistsresource.org,US,2153
ventureburn.com,SF,2153
hslda.org,US,2153
traitdunion.com.ar,FR,2152
harvardpolitics.com,US,2151
changzhou.gov.cn,CH,2150
androidworld.nl,NL,2149
crestviewbulletin.com,US,2149
oldnorthbanter.com,US,2148
themandarin.com.au,AS,2148
wiener-online.at,AU,2148
lndnoticias.com.ar,AR,2146
ktna.org,US,2146
chemicalonline.com,US,2146
sheridancountyjournalstar.net,US,2145
notebookcheck.net,CH,2144
02elf.net,GM,2144
inkedmag.com,US,2142
redfm.ca,CA,2141
heilpraxisnet.de,GM,2141
techgoondu.com,SN,2139
ilkehaber.com,TU,2139
sajada.id,ID,2138
crossmap.com,US,2138
sunatimes.com,SO,2138
plastemart.com,IN,2138
dmnews.com,US,2137
brown.edu,US,2137
elevenmyanmar.com,BM,2136
eltecolote.org,US,2136
plastverarbeiter.de,ID,2135
instyle.co.uk,UK,2135
gothic.com.ua,UP,2134
westminster.edu,US,2134
ejinsight.com,CH,2133
bobsguide.com,UK,2133
aleshteraky.com,YM,2133
prensario.net,AR,2133
moosejawtoday.com,CA,2131
perussuomalaiset.fi,FI,2131
xzxw.com,CH,2129
omct.org,RS,2129
classiccountry1070.com,US,2128
gainesvilletimes.com,US,2128
habervaktim.com,TU,2128
stignacenews.com,US,2128
broadway.com,US,2126
lngindustry.com,US,2126
msubobcats.com,US,2126
cinaradio.com,IN,2125
nist.gov,US,2125
gocomics.com,US,2125
kenyabuzz.com,KE,2123
esctoday.com,AU,2122
risk.net,UK,2119
actugaming.net,JA,2119
radiousa.com,US,2117
doi.gov,US,2117
yourblackworld.net,US,2116
edf.org,US,2116
cronicadechihuahua.com,MX,2115
al-khaleeg.com,SA,2115
hawkesburygazette.com,AS,2115
lexpressmontcalm.com,CA,2114
digital-engineering-magazin.de,GM,2113
impresacity.it,IT,2113
circleid.com,US,2113
tvpworld.com,PL,2111
broadsheet.ie,EI,2111
pff.com,US,2111
onlanka.com,CE,2110
goiowaawesome.com,US,2110
discovertnt.com,TD,2109
marcieinmommyland.com,MX,2109
alternativaseconomicas.coop,SP,2109
sever.bg,BU,2109
healthitanalytics.com,US,2108
clclt.com,US,2107
corporatejetinvestor.com,US,2106
wagingnonviolence.org,US,2105
stanfordreview.org,US,2104
finantare.ro,RO,2102
philliesnation.com,US,2102
mondotimes.com,US,2101
libertarianz.org.nz,NZ,2101
freiburg.de,GM,2101
stickybottle.com,EI,2101
vpro.nl,NL,2100
gorby.ru,RS,2099
dni.today,RS,2099
canada.ca,CA,2099
eleutheranews.com,BF,2099
jerusalemnet.co.il,IS,2098
nripulse.com,US,2098
nmindepth.com,US,2098
sanantonioreport.org,US,2097
investingnews.com,CA,2097
nripress.com,US,2096
nupge.ca,CA,2095
jihadology.net,SY,2095
avtomobilizem.com,CH,2095
ilmeteo.it,IT,2094
exhibitionworld.co.uk,UK,2094
txmusic.com,US,2094
bostonirish.com,EI,2093
danskfolkeparti.dk,DA,2093
gdl.de,GM,2093
langleyadvancetimes.com,CA,2092
kmph.com,US,2092
mindefensa.gob.ve,VE,2091
playusa.com,US,2091
thedailyvox.co.za,SF,2090
elonphoenix.com,US,2090
archeowiesci.pl,PL,2089
minpo.jp,JA,2089
motorbox.com,IT,2089
asiaasset.com,CH,2089
utv.ro,RO,2089
brotherlygame.com,US,2089
laotimes.com,LA,2089
itavisen.no,NO,2089
busiweek.com,UG,2088
starmagazine.com,US,2087
ca-news.org,KG,2087
wicc600.com,US,2086
campussafetymagazine.com,US,2085
twisttravelmag.com,EI,2083
hispanicprwire.com,US,2082
designweek.co.uk,UK,2082
employeebenefits.co.uk,UK,2082
medizin-aspekte.de,GM,2082
weber.edu,US,2080
al-kanz.org,FR,2080
umpi.edu,US,2079
defensedaily.com,US,2079
thegabber.com,US,2079
puzha.com,IN,2078
latinalista.com,US,2078
politcom.ru,RS,2077
hiiraan.com,SO,2075
vogue.com.cn,CH,2075
hedgeweek.com,UK,2075
vtb.no,NO,2073
searchengineland.com,US,2073
pshares.org,US,2072
thewestsidejournal.com,US,2072
itespresso.es,SP,2072
963jackfm.com,US,2072
cnpem.br,BR,2072
gridironheroics.com,US,2070
therolladailynews.com,US,2070
inyourpocket.com,PL,2070
elfrente.com.co,CO,2069
cureus.com,SA,2068
flosoftball.com,US,2068
raamatupidaja.ee,EN,2066
impulsegamer.com,AS,2066
publimetro.pe,PE,2066
hyvaterveys.fi,FI,2065
vqronline.org,US,2063
multimedios.com,MX,2063
hometheaterforum.com,US,2062
mingtiandi.com,HK,2062
telefonica.com,SP,2062
dslreports.com,US,2062
thebanker.com,UK,2061
alpinist.com,US,2060
olemisssports.com,US,2060
phonescoop.com,US,2060
cannabisculture.com,US,2060
paralympic.org,IT,2059
thestokesnews.com,US,2059
corrierediroma-news.it,IT,2058
royalcaribbeanblog.com,US,2058
roi-nj.com,US,2058
medicaldialogues.in,IN,2058
ziare-pe-net.ro,RO,2058
leaderunion.com,US,2057
coolhunting.com,US,2056
dogonews.com,US,2056
wissenschaft.de,GM,2055
therealnews.com,US,2054
pm.gc.ca,CA,2053
idboox.com,FR,2053
rsbnetwork.com,US,2052
teatro.it,IT,2052
belaruspartisan.org,BO,2051
hi-techitaly.com,US,2050
gruzovikpress.ru,RS,2049
betanews.com,UK,2049
huntingtonnews.net,US,2048
capitalbnews.org,US,2048
islandfreepress.org,US,2047
egyptian-gazette.com,EG,2046
ketk.com,US,2046
actionaid.org,IS,2046
textilwirtschaft.de,GM,2046
usanetwork.com,US,2042
rwsfm.co.uk,UK,2041
moneyinc.com,US,2040
platow.de,GM,2040
thebedfordcitizen.org,US,2040
universityofcalifornia.edu,US,2039
ship-technology.com,UK,2038
governo.cv,CV,2038
themarketherald.com.au,AS,2037
punchjump.com,JA,2037
comminit.com,NI,2036
racinecountyeye.com,US,2036
kbindependent.org,US,2035
gponline.com,UK,2035
nigeriancurrent.com,NI,2034
radiocormariae.com,CA,2032
howwemadeitinafrica.com,NI,2032
animationinsider.com,US,2032
pinkbike.com,US,2031
shemsfm.net,TS,2030
airlineratings.com,AS,2030
krystal93.com,US,2030
biletyna.pl,PL,2029
auburntigers.com,US,2028
stayinwales.co.uk,UK,2028
fadmagazine.com,UK,2027
thecolu.mn,US,2026
fz.se,SW,2026
whufc.com,UK,2025
nanotech-now.com,CH,2024
buffalobills.com,US,2024
rivistaundici.com,IT,2024
yosoitu.com,MX,2024
fuelsandlubes.com,US,2023
brunswicktimes-gazette.com,US,2023
thenewslib.com,CH,2022
true-news.it,IT,2022
businessofhome.com,US,2021
oakridgetoday.com,US,2021
elaiaskarpos.gr,GR,2021
autoroad.cz,EZ,2019
greatbritishlife.co.uk,UK,2019
cedib.org,BL,2018
southaustralia.com,AS,2018
kvoe.com,US,2018
myfoxzone.com,US,2018
fhmindia.com,IN,2017
cosmeticsandtoiletries.com,US,2016
apfelnews.de,GM,2015
nelsonmandela.org,SF,2014
deutschlandradio.de,GM,2014
lady.co.uk,UK,2014
theafronews.com,CA,2013
kearneycourier.com,US,2012
itcafe.hu,US,2011
newsoninvest.com,US,2011
wdwnt.com,US,2011
nelonen.fi,FI,2011
wwoz.org,US,2009
countrynews.com.au,AS,2009
graincentral.com,AS,2008
uwbadgers.com,US,2007
cavallomagazine.it,IT,2007
fortworthreport.org,US,2007
unbox.ph,RP,2006
fermonotizie.info,IT,2006
wgxl.com,US,2005
buongiornoslovacchia.sk,LO,2004
ildecoder.com,IT,2004
latinodetroit.com,MX,2003
highlandscurrent.org,US,2003
ausdroid.net,AS,2002
dbknews.com,US,2001
moygrad.kiev.ua,UP,2001
19thnews.org,US,2001
sporfm.gr,GR,2001
mediatica.ro,RO,2001
www.gov.ms,MH,2000
fotobankas.lt,LH,2000
naturalsociety.com,US,2000
joroistenlehti.fi,FI,2000
pakistantribune.com.pk,PK,1999
monett-times.com,US,1999
musicfeeds.com.au,AS,1998
christiannews.net,NI,1998
techblog.gr,CH,1997
sambadenglish.com,IN,1996
bluradio.com,CO,1995
mytwintiers.com,US,1995
alfajraljadeed.com,SA,1995
tulsapeople.com,US,1992
radioworld.com,US,1991
saudimoments.com,SA,1990
thetrace.org,US,1990
broadsheet.com.au,AS,1990
bcps.org,US,1990
spanishnewstoday.com,SP,1989
asiatoday.id,ID,1988
healthitsecurity.com,US,1988
live953bakersfield.com,US,1987
redcross.ru,RS,1986
akbizmag.com,US,1985
hot969.com,US,1985
eastgreenwichnews.com,US,1984
examiner-enterprise.com,US,1984
popular-archaeology.com,US,1984
bradenton.com,US,1984
chipleybugle.com,US,1983
ourstate.com,US,1983
kiddnation.com,US,1983
bartabangla.com,BG,1983
in4.pl,PL,1982
liberolehti.fi,FI,1982
powerphilippines.com,RP,1982
aha.org,US,1981
ebrd.com,UP,1980
datacenterfrontier.com,US,1979
modernsalon.com,US,1979
qatarday.com,QA,1979
hashtag.al,AL,1977
inventiva.co.in,IN,1974
nbc.com,US,1973
isismagazine.org.uk,UK,1973
dawgpost.com,US,1972
languagemonitor.com,US,1972
tv6.news,US,1972
memphismagazine.com,US,1971
belapan.by,BO,1971
gpsworld.com,US,1971
forecastinternational.com,UP,1969
electrive.com,GM,1968
caribbeannewsglobal.com,US,1968
goldnews.com.cy,CY,1963
marshallnews.com,US,1963
france-rwanda.info,RW,1963
selectscience.net,US,1962
mcb.org.uk,UK,1959
hothardware.com,US,1959
sanef.org.za,SF,1958
aps.org,US,1958
bomboradyo.com,RP,1958
san.com,US,1957
marn.gob.gt,GT,1957
pepper966.gr,GR,1957
conventuslaw.com,ID,1956
expres.sk,LO,1956
insidethestar.com,US,1956
wyep.org,US,1955
douglascountysentinel.com,US,1955
udeoghjemme.dk,DA,1955
eternitynews.com.au,AS,1955
alyomnews.com,EG,1955
northstarmonthly.com,US,1953
redcuprebellion.com,US,1953
arena4g.com,BR,1953
gd.gov.cn,CH,1952
allatsea.net,US,1951
askmen.com,US,1950
noticieirogalego.com,SP,1950
thefishsite.com,US,1947
duke-energy.com,US,1945
pga.org.au,AS,1945
courtsofnz.govt.nz,NZ,1945
yadkinripple.com,US,1944
corrieredicomo.it,IT,1943
icij.org,US,1943
ragusah24.it,IT,1942
gouv.nc,NC,1940
thefinance.sg,SN,1940
itp.net,AE,1939
sn.se,SW,1939
globalreinsurance.com,UK,1939
ricemedia.co,SN,1938
gobytrucknews.com,US,1938
kiratas.com,IS,1938
themoth.org,US,1938
starhit.ru,RS,1938
seesaa.net,JA,1937
donnaglamour.it,IT,1937
marashaberi.com,US,1937
gz.gov.cn,CH,1936
alphagalileo.org,GM,1935
industrytap.com,US,1935
felixonline.co.uk,UK,1935
designyoutrust.com,US,1934
1045bobfm.com,US,1934
akhbaralaalam.net,CH,1934
cronacaqui.it,IT,1931
corona-live.at,AU,1931
ethioobserver.net,US,1930
thereminder.com,US,1930
wingingitinmotown.com,US,1930
micromega.net,IT,1929
bl.uk,UK,1928
thehilltoponline.com,US,1928
bpn.hu,HU,1928
indeks.mk,KV,1928
lidkopingsnytt.nu,SW,1926
thexboxhub.com,US,1925
altamontenterprise.com,US,1924
lifedon.info,UP,1923
faroutmagazine.co.uk,US,1921
journallecitoyen.com,CA,1920
saveur.com,US,1919
khn.org,US,1918
cosmeticsdesign-europe.com,UK,1918
itmag-dz.com,AG,1917
groundwork.org.za,SF,1917
3gg.com.au,AS,1917
euro.cz,EZ,1917
maxisciences.com,FR,1915
channel4000.com,US,1915
silverbelt.com,US,1915
bitterrootstar.com,US,1914
1017lagrande.com,US,1912
monitor.si,SI,1912
lavoce.it,IT,1911
colchestersun.com,US,1910
thezimbabwenewslive.com,ZI,1910
un.org,IS,1910
arkansas.gov,US,1910
currenttime.tv,RS,1909
bigbeargrizzly.net,US,1909
owu.edu,US,1909
codkamudug.com,CH,1909
philadelphiaweekly.com,US,1908
cow97.com,US,1907
1010xl.com,US,1907
justhorseracing.com.au,AS,1907
information-age.com,UK,1906
musicalamerica.com,US,1906
smilepolitely.com,US,1906
humaneworld.org,US,1905
travelingcheesehead.com,US,1905
goshockers.com,US,1904
eleconomista.net,US,1903
todaysdietitian.com,US,1903
kamapress.com,IR,1903
zdrave.net,BU,1903
hardwareluxx.de,GM,1902
gaiaitalia.com,IT,1902
foodista.com,US,1902
kanal3.bg,RS,1901
correttainformazione.it,IT,1901
newsonnline.com,US,1901
thevermontstandard.com,US,1900
hudsonreview.com,GR,1900
kxci.org,US,1900
espnsiouxfalls.com,US,1899
belarusinfocus.info,BO,1898
hiamag.com,SA,1898
autorentalnews.com,US,1898
rushisaband.com,CA,1898
bigwestcountry.ca,CA,1897
fortmyersbeachtalk.com,US,1897
jazz.fm,CA,1897
spiritofjefferson.com,US,1896
zdravlje.gov.rs,RI,1895
1029thebuzz.com,US,1895
untappedcities.com,US,1894
kingdomsriwijaya.id,ID,1894
pt.se,SW,1894
impactalpha.com,US,1894
sn.dk,DA,1893
newyorkupstate.com,US,1891
independentarabia.com,IR,1890
ozarks.edu,US,1890
ran.de,GM,1890
maxmymoney.org,US,1889
wjbf.com,US,1889
star105.com,US,1888
froggy1003.com,US,1888
titan24.com,CH,1887
carabinieri.it,IT,1886
historiccity.com,US,1885
qhnews.com,CH,1885
my957.com,US,1884
hillsboroherald.com,US,1884
iit.edu,US,1882
countryghana.com,GH,1880
93x.com,US,1880
kreatio.info,IN,1879
flipboard.com,US,1878
italiasalute.it,IT,1878
sublimemagazine.com,UK,1877
refugeesinternational.org,IS,1876
computerworld.com,US,1875
ravenna24ore.it,IT,1875
archives.gov,US,1874
mooresvilletribune.com,US,1874
stockstar.com,CH,1874
bnnvara.nl,NL,1873
thekoalition.com,US,1871
geopolitica.info,CH,1871
lshtm.ac.uk,UK,1870
4flush.com,US,1870
le10sport.com,SP,1869
healthline.com,US,1868
surfacemag.com,US,1867
minamishinshu.jp,JA,1867
farmvilleherald.com,US,1867
101thefox.net,US,1866
justbollywood.in,IN,1866
senzacolonnenews.it,IT,1863
rree.go.cr,CS,1863
thefiscaltimes.com,US,1863
thetrentonline.com,NI,1862
hobbsnews.com,US,1862
vtv.com.uy,UY,1862
flyernews.com,US,1862
indiedb.com,US,1861
sneakerbardetroit.com,JO,1860
puls24.at,AU,1860
travelzoo.com,US,1859
advnture.com,US,1859
kvinnheringen.no,NO,1859
adimesaved.com,US,1859
spin.ph,RP,1858
shogakukan.co.jp,JA,1858
myself.de,GM,1858
06242.ua,UP,1857
vanderbilt.edu,US,1857
confectionerynews.com,US,1857
ptcnews.tv,IN,1857
claycord.com,US,1856
noypigeeks.com,RP,1856
orlandomagazine.com,US,1856
diarioelanalista.com.ar,AR,1856
diariodeiguape.com,FR,1856
danvillesanramon.com,US,1855
christianhistoryinstitute.org,US,1854
aliraqnews.com,IZ,1854
168.hu,RS,1853
loudersound.com,UK,1852
usracing.com,US,1852
filmcomment.com,US,1852
fsunews.com,US,1850
barnstablepatriot.com,US,1850
rusi.org,RS,1850
upmatters.com,US,1850
bhutannewsnetwork.com,BT,1849
poetrysociety.org.uk,UK,1848
valleycentral.com,US,1848
moneymorning.com,US,1848
maqnews.com,US,1848
azgovernor.gov,US,1847
www.gov.vc,VC,1847
suffolknewsherald.com,US,1847
fakte.mk,MK,1846
q1061.com,US,1846
labroye.ch,SZ,1846
labotana.com,MX,1846
whporadio.com,US,1846
francemobiles.com,FR,1846
neurosciencenews.com,US,1844
idenyt.dk,DA,1843
sportclub.mk,MK,1843
eplocalnews.org,US,1842
rockefellerfoundation.org,US,1842
badmintonews.id,ID,1842
aesby.no,NO,1841
miradaprofesional.com,US,1841
gonepuckwild.com,US,1841
aveyron.fr,FR,1840
dickinson.edu,US,1840
theobserver.media,US,1840
bcn-news.com,US,1839
n4g.com,JA,1838
enquirerjournal.com,US,1837
gat.no,NO,1836
ballstatedailynews.com,US,1836
sportshandle.com,US,1836
uq.edu.au,AS,1835
metvmall.com,US,1835
corrieredilamezia.it,IT,1834
jl.gov.cn,CH,1834
restaurantdive.com,US,1834
kulttuurivihkot.fi,FI,1834
innovationintextiles.com,US,1833
durangotelegraph.com,US,1833
979nashfm.com,US,1832
mercedsunstar.com,US,1832
wine-searcher.com,FR,1832
jsu.edu,US,1832
sunny.fm,US,1831
kcck.org,US,1831
avrotros.nl,NL,1831
partitodemocratico.it,IT,1830
hindiabroad.com,CA,1830
newdaily.co.kr,KS,1829
cofo.edu,US,1828
themovechannel.com,US,1828
lasvegasoptic.com,US,1828
publicpolicy.it,IT,1828
newportplaintalk.com,US,1827
newforestpost.co.uk,UK,1827
mysullivannews.com,US,1827
theharvardadvocate.com,US,1826
austin360.com,US,1826
foreignpolicyblogs.com,RS,1825
thebamabuzz.com,US,1825
mpacuk.org,IS,1825
bdlive.co.za,ID,1825
downeast.com,US,1825
studio040.nl,NL,1824
andronova.net,TU,1824
aislombardia.it,IT,1823
muddyrivernews.com,US,1822
azonano.com,US,1822
dailyddt.com,US,1822
knowyourmobile.com,CH,1821
admkholmsk.ru,RS,1821
ecanadanow.com,CA,1821
theannapurnaexpress.com,NP,1821
rrmodelcraftsman.com,US,1821
fema.gov,US,1821
xn--j1aidcn.org,UP,1821
biofuels-news.com,US,1820
viply.de,GM,1820
art-telecom.fr,FR,1819
hestafrettir.is,IC,1818
chitawan.com,NP,1818
xedoisong.vn,VM,1817
zoopla.co.uk,UK,1815
aaas.org,US,1815
thatslife.com.au,AS,1815
county17.com,US,1814
packagingeurope.com,UK,1814
sun-courier.com,US,1814
fcnl.org,US,1814
i98fm.com.au,AS,1813
inecnigeria.org,NI,1812
claremont.org,US,1812
wsjs.com,US,1811
thebody.com,US,1811
dialogo-americas.com,US,1811
shippingcargo.co.id,ID,1810
gbn.gd,GJ,1810
ulkopolitiikka.fi,FI,1810
bladet.no,NO,1810
currypilot.com,US,1809
itpro.co.uk,UK,1808
police.govt.nz,NZ,1808
davidatlanta.com,US,1808
24.kg,KG,1806
pisainformaflash.it,IT,1805
australiangeographic.com.au,AS,1805
anti-semitism.net,US,1804
buffalo.edu,US,1804
bowlersjournal.com,US,1802
awf.org,KE,1802
lahamag.com,EG,1800
gg.ca,CA,1800
complianceweek.com,US,1800
ostnyland.fi,FI,1799
snv.hr,HR,1798
mobilidadesampa.com.br,BR,1798
elgrafico.com,SW,1797
torinocronaca.it,IT,1797
gq-magazin.de,GM,1797
fox16.com,US,1795
cocolog-nifty.com,JA,1795
indycar.com,US,1795
utro.media,RS,1794
theurbanist.org,US,1793
senado.cl,CI,1793
ln.gov.cn,CH,1792
foodformzansi.co.za,SF,1792
elnuevodia.com,US,1792
stirlingnews.co.uk,UK,1792
bates.edu,US,1791
carnegie.ru,RS,1791
utulsa.edu,US,1791
xatakandroid.com,SP,1791
punters.com.au,AS,1791
infodent24.pl,PL,1791
gcn.com,US,1790
reformaustin.org,US,1790
morefm.co.nz,NZ,1790
tornosnews.gr,GR,1789
ebilet.pl,PL,1786
colemanconcierge.com,US,1786
juvefc.com,IT,1786
kgoskerm.com,US,1786
disy.org.cy,CY,1785
auroraadvertiser.net,US,1785
wimz.com,US,1784
quotidianomotori.com,IT,1784
liveuamap.com,UP,1783
6sqft.com,US,1783
radiobiafra.co,NI,1781
itsnicethat.com,UK,1781
scbiznews.com,US,1780
tv-media.at,GM,1779
gowyo.com,US,1778
sociales.com.bo,BL,1778
mactechnews.de,GM,1777
davidpakman.com,US,1777
operationrainfall.com,JA,1776
thefp.com,US,1776
omojuwa.com,NI,1775
wallstreetrebel.com,US,1775
kentuckymonthly.com,US,1774
owensborotimes.com,US,1773
charlestonchronicle.net,US,1773
sylvanlakenews.com,CA,1772
kitekinto.hu,US,1771
bridgton.com,US,1771
campaignbriefasia.com,SN,1769
lequotidiendumedecin.fr,FR,1769
beenews.com,US,1769
thedailyhoosier.com,US,1768
diaripublic.cat,SP,1768
cio.com,US,1768
bilety24.pl,PL,1766
srpressgazette.com,US,1766
uaar.it,IT,1765
russianlife.com,RS,1765
theplanetd.com,US,1764
root.cz,EZ,1763
somalicurrent.com,US,1763
bocaratonobserver.com,US,1763
wiog.com,US,1763
indianapublicradio.org,US,1763
mwinda.org,CF,1762
sandpointreader.com,US,1762
worldakkam.com,US,1761
obalandmagazine.com,NI,1761
farevela.net,IT,1761
businessplus.ie,EI,1760
aucklandairport.co.nz,NZ,1760
drownedinsound.com,UK,1760
papreplive.com,US,1760
packagingdigest.com,US,1760
kgoradio.com,US,1759
searchenginejournal.com,US,1759
spec.com.au,AS,1758
catchnews.com,PK,1757
popmech.ru,RS,1757
uncrate.com,US,1756
mydailytribune.com,US,1756
dstv.com,SF,1755
123helpme.com,US,1755
globalasia.org,CH,1755
obkom.net.ua,UP,1755
coloradorapids.com,US,1755
americanhunter.org,US,1754
restofworld.org,CH,1754
norwalkplus.com,US,1753
simplemost.com,US,1753
altervista.org,IT,1753
amgathering.org,GM,1753
prad.de,GM,1752
orlytaitzesq.com,US,1752
multiplesclerosisnewstoday.com,US,1752
vellinakshatram.com,IN,1752
iberianet.com,US,1751
fantraxhq.com,US,1749
vlast.kz,KZ,1749
ossola24.it,IT,1749
thewashingtondailynews.com,US,1749
sumnernewscow.com,US,1748
oboz.ua,UP,1748
njbmagazine.com,US,1748
idest.com.br,BR,1747
kitguru.net,UK,1747
1075kzl.com,US,1747
gardenersworld.com,UK,1746
malheurenterprise.com,US,1744
korea.kr,KS,1744
dni.city,RS,1744
qcnerve.com,US,1744
northern-scot.co.uk,UK,1743
midline-news.net,SY,1742
sec.gov,US,1741
wpln.org,US,1741
sciotovalleyguardian.com,US,1741
hrdive.com,US,1740
conquistedellavoro.it,IT,1739
albaniandailynews.com,IS,1738
mycitizensnews.com,US,1737
valawyersweekly.com,US,1737
unlv.edu,US,1736
exchange4media.com,IN,1735
futurecar.com,CH,1735
petersburgpilot.com,US,1735
collive.com,US,1734
bahamas.gov.bs,BF,1733
farmlandgrab.org,BR,1733
bqk-kos.org,KV,1732
ptb.be,BE,1731
weather.com,IN,1731
journaldemorges.ch,SZ,1730
dollarsanity.com,US,1730
ccxmedia.org,US,1729
hamburgreporter.com,US,1729
legion.org,US,1728
moemisto.ua,UP,1728
notesandqueries.ca,CA,1728
csoonline.com,US,1727
mvskokemedia.com,US,1726
partidoaragones.es,SP,1725
californiaglobe.com,US,1724
laphamsquarterly.org,US,1724
chetv.ru,RS,1723
looktothestars.org,US,1722
altrenotizie.org,UP,1722
ghanavibes.com,GH,1722
eposten.se,SW,1721
wng.org,US,1721
mwananchi.co.tz,TZ,1721
primabrescia.it,IT,1720
derbyinformer.com,US,1719
usccb.org,US,1719
collinsvillepress.com,US,1718
clubamerica.com.mx,US,1718
mundoenlinea.cl,CI,1718
serbiananimalsvoice.com,RI,1717
angola.org,AO,1717
gaycitynews.com,US,1715
hamradio.si,SI,1715
healthcarepackaging.com,US,1713
princessanneindy.com,US,1713
kgwanews.com,US,1711
climatecentral.org,US,1709
theflume.com,US,1709
polsatsport.pl,PL,1708
mta.ca,CA,1708
kashmirobserver.net,IN,1706
kulturpart.hu,HU,1706
thefern.org,US,1704
ckrw.com,CA,1704
macupdate.com,UP,1704
automoblog.net,US,1704
miiz.waw.pl,PL,1703
seymourtelegraph.com.au,AS,1703
nettips.dk,DA,1702
transmedia.cl,CH,1700
rsc.org,UK,1700
saltcityhoops.com,US,1700
lefilmfrancais.com,FR,1699
chronicart.com,FR,1698
milehighcre.com,US,1698
wrns.com,US,1698
oilreviewmiddleeast.com,SA,1698
96fm.com.au,AS,1698
americanwineryguide.com,US,1697
iphoneitalia.com,SY,1696
picayuneitem.com,US,1696
inthemoodforcinema.com,FR,1696
nashfm1065.com,US,1695
metal-am.com,US,1694
revistadelibros.com,SP,1694
whimsysoul.com,US,1693
jorf.co.jp,JA,1693
wonderwall.sg,SN,1692
shrm.org,US,1692
mindanaotimes.com.ph,RP,1691
aujardin.info,FR,1690
vsuspectator.com,US,1689
celebrityaccess.com,US,1689
civileats.com,US,1689
fieldtechnologiesonline.com,US,1687
publicsource.org,US,1687
sirenonline.co.uk,UK,1687
limesonline.com,UP,1686
orange.fr,FR,1686
theappeal.org,US,1686
kampusiana.id,ID,1686
airliners.net,US,1685
coastalbreezenews.com,US,1685
kinejun.jp,JA,1684
microsoftnewskids.com,US,1684
thedesertreview.com,US,1684
birdguides.com,UK,1683
newsam.com,AM,1683
kizzmyanthia.com,UK,1683
msf.ch,IS,1683
xhgts.com,MX,1682
chinanews.com,CH,1681
dialogochino.net,BR,1680
opposingviews.com,US,1680
strahnadzor.ua,UP,1679
nowhabersham.com,US,1678
24heures.ca,CA,1678
sunpeaksnews.com,CA,1678
abitare.it,IT,1678
chasquis.cl,CI,1677
globalcomment.com,RS,1677
compoundsemiconductor.net,UK,1677
diagnosa.id,ID,1675
satenaw.com,ET,1675
feednavigator.com,UK,1673
nordhordland.no,NO,1673
osteopathic.org,US,1673
bautzenerbote.de,GM,1672
nj.gov,US,1672
kstatesports.com,US,1671
foodinjapan.org,JA,1670
idaho.gov,US,1670
tucsonfoodie.com,US,1669
kennesaw.edu,US,1669
dewittobserver.com,US,1668
udreview.com,US,1668
terra.com.pe,CH,1668
celebritynetworth.com,US,1667
madagate.org,MA,1667
lethbridgenewsnow.com,CA,1666
trt1.com.tr,TU,1666
wnrn.org,US,1666
columbusalive.com,US,1666
yourbasin.com,US,1664
monde-diplomatique.de,RS,1664
germandailynews.com,GM,1663
amnesty.org,IS,1663
thebvnewspaper.com,US,1663
securityweek.com,US,1662
drumhellermail.com,CA,1662
oodmag.com,CA,1662
stevivor.com,AS,1661
zita.be,BE,1661
lecanardenchaine.fr,FR,1660
fotbollskanalen.se,SW,1660
rekord.co.za,SF,1659
tse.jus.br,BR,1659
oreanda.ru,RS,1659
comune.terni.it,IT,1658
denverstiffs.com,US,1658
bay.com.mt,MT,1658
frankie.com.au,AS,1658
northernstandard.ie,EI,1657
newsheater.com,US,1656
nurhaberajansi.com,VM,1656
radioresultsnetwork.com,US,1655
isaaa.org,RP,1654
hailvarsity.com,US,1653
rusradio.ru,RS,1653
commondreams.org,US,1652
journal.lu,LU,1652
gazettereview.com,US,1651
thailande-fr.com,TH,1651
oup.com,US,1651
asiapacificreport.nz,ID,1650
mywestman.ca,CA,1650
auto24.ee,EN,1649
georgiastatesignal.com,US,1649
summerlandreview.com,CA,1648
thebahamasweekly.com,BF,1648
security.gov.vc,VC,1648
veidas.lt,LH,1648
logisticsit.com,UK,1648
baltimorefishbowl.com,US,1646
pcworld.com,US,1646
bonnersferryherald.com,US,1646
publicfinance.co.uk,UK,1646
norwich.edu,US,1644
lavieimmo.com,FR,1643
motorcyclenews.uk,UK,1643
northbaybusinessjournal.com,US,1643
onzemondial.com,FR,1643
oyeyeah.com,PK,1642
stiintasitehnica.com,RO,1641
thehoneycombers.com,SN,1641
s-bc.ru,RS,1641
aostasera.it,IT,1641
kx947.fm,CA,1641
pcr-online.biz,UK,1640
medienhaus.com,AU,1640
globalcapital.com,UK,1638
thetomahawk.com,US,1638
realclearmarkets.com,US,1638
avaruus.fi,FI,1637
dritare.net,AL,1637
psu.com,JA,1637
antarajateng.com,ID,1636
chicagobears.com,US,1635
mediebedriftene.no,NO,1635
birminghamwatch.org,US,1635
live-pr.com,US,1635
hot973.net,US,1634
magentatoday.id,ID,1634
chemengonline.com,US,1633
folkbladet.se,SW,1633
bouldercityreview.com,US,1633
baobinhduong.vn,VM,1632
sbs.co.kr,KS,1632
costar.com,US,1632
noladefender.com,US,1631
womansday.com,US,1631
aif.ua,UP,1631
mosaicmagazine.com,IS,1631
sportskeeda.com,US,1630
debka.com,IS,1630
jgpr.net,US,1629
gopsusports.com,US,1629
boomlive.in,IN,1629
intercontinentalcry.org,US,1628
motherblog.co.kr,KS,1628
cflx.qc.ca,CA,1628
ed.ac.uk,UK,1628
theeducatoronline.com,AS,1626
sheepsheadbites.com,US,1626
bmz.de,GM,1625
columbusmessenger.com,US,1625
lbbonline.com,AS,1625
www.altoadige.it,IT,1625
sujuiceonline.com,US,1625
luvernejournal.com,US,1625
gunboyugazetesi.com.tr,TU,1625
automedia.mk,CH,1624
pbsfm.org.au,AS,1624
sobhtazeh.news,IR,1623
pressenterprise.com,US,1623
ytro.news,RS,1623
5pillarsuk.com,IS,1622
panews.com,US,1622
casinonewsdaily.com,US,1622
fosna-folket.no,NO,1622
macobserver.com,CH,1620
ufc.com,US,1620
myparistexas.com,US,1620
barrietoday.com,CA,1620
thejoyfm.com,US,1619
three.fm,UK,1619
thehub.ca,CA,1618
dnasyndication.com,US,1617
visittucson.org,US,1617
thenewsmarket.com,FR,1617
heraldsun.com,US,1616
hu-berlin.de,GM,1616
bellingcat.com,RS,1615
connecticutplus.com,US,1615
fiercetelecom.com,US,1615
nitrkl.ac.in,IN,1614
elcolombiano.net,CO,1613
utm.edu,US,1612
bitolanews.mk,MK,1612
lebanonlocalnews.com,US,1612
covingtonleader.com,US,1612
thompsononline.ca,CA,1611
fun1043.com,US,1610
mydailysentinel.com,US,1610
of.nl,NL,1610
vivathematadors.com,US,1610
midnighteast.com,IS,1610
harlanonline.com,US,1610
fiercebiotech.com,US,1608
americancraftbeer.com,US,1607
uschess.org,US,1607
mlh.by,BO,1607
wordswithoutborders.org,US,1606
extratv.com,US,1606
ski1.at,AU,1606
afampointofview.com,US,1605
tennis.com.au,AS,1605
maine207.org,US,1605
nereview.com,US,1605
realscreen.com,UK,1604
thisisraleigh.com,US,1604
myhostnews.com,CH,1604
suarakita.org,ID,1604
newsbd71.com,BR,1603
custercountychief.com,US,1603
my98rock.com,US,1603
news-graphic.com,US,1602
gaming.net,US,1602
techgadgetcentral.com,US,1602
metv.com,US,1601
cgdev.org,US,1601
getawaycouple.com,US,1601
northeastnews.net,US,1601
nbcpalmsprings.com,US,1600
xm105fm.com,CA,1599
prohardver.hu,US,1599
southernmarylandchronicle.com,US,1598
byuh.edu,US,1598
scienmag.com,US,1597
swxbt.com,US,1597
who.int,UP,1596
oregonstate.edu,US,1594
dukefmduluth.com,US,1594
kulturradet.no,NO,1594
douglasnow.com,US,1594
americanantiquarian.org,US,1593
thenewsjournal.net,US,1593
politiko.mk,MK,1592
techjuice.pk,PK,1592
karriere.at,AU,1592
ilveggente.it,IT,1592
urotoday.com,US,1590
pattayapeople.com,TH,1590
kfmradio.ca,CA,1589
newcountry991.com,US,1588
kilkennygaa.ie,EI,1588
dailyo.in,IN,1588
granta.com,US,1588
charismamag.com,US,1588
investigativeproject.org,IS,1587
rcmp-grc.gc.ca,CA,1586
charlestownbridge.com,US,1585
georgefm.co.nz,NZ,1585
harakamp.ma,MO,1585
wfrd.com,US,1584
theleaflet.in,IN,1583
tsunagujapan.com,JA,1583
bucknellbison.com,US,1583
uno.edu,US,1583
journaldesfemmes.fr,FR,1583
imaeil.com,KS,1582
98online.com,US,1581
fraza.ua,UP,1581
venetoinfesta.it,IT,1580
siyassa.org.eg,EG,1580
xula.edu,US,1579
hoosierhuddle.com,US,1579
channelworld.cz,EZ,1578
state.nm.us,US,1578
berlin-partner.de,GM,1578
southwesttimes.com,US,1577
pokesreport.com,US,1577
vman.com,US,1577
sbv-usp.ch,SZ,1576
pmindia.gov.in,IN,1576
postsen.com,US,1576
sherdog.com,US,1575
twst.com,US,1575
diffuser.fm,US,1575
basnews.com,IZ,1574
cieonline.co.uk,UK,1573
ocalagazette.com,US,1573
justhere.qa,QA,1572
icarros.com.br,BR,1571
bigcountry1031.com,US,1571
wgclradio.com,US,1571
wm.edu,US,1570
readymadeinvest.com,US,1569
k-zap.org,US,1569
wivb.com,US,1569
molletama.cat,SP,1568
tumblerridgenews.com,US,1568
balochistan24.com,PK,1567
wyrz.org,US,1566
krishijagran.com,IN,1566
khelnow.com,IN,1565
streamingmedia.com,US,1565
1tv.ge,US,1565
discovermoosejaw.com,CA,1564
wspynews.com,US,1564
advice.lk,CE,1564
pcf.fr,FR,1564
myrgv.com,US,1563
clinicalleader.com,US,1563
informnny.com,US,1563
ieidiseis.gr,GR,1562
strandbuen.no,NO,1561
wanderer.com,US,1561
autoworld.com.my,MY,1560
headlineplanet.com,US,1560
azure.org.il,IS,1560
rusdialog.ru,RS,1560
belarusdigest.com,BO,1560
biharprabha.com,IN,1559
accord.org.za,SF,1559
tetova1.com,MK,1558
uip.org.py,PA,1558
ecsu.edu,US,1558
conchovalleyhomepage.com,US,1557
gamepur.com,US,1557
gorgecountry.com,US,1557
dancingastronaut.com,US,1557
medportal.ru,RS,1557
vg247.com,UK,1557
seacoastecho.com,US,1556
newsradioklbj.com,US,1555
alpineavalanche.com,US,1554
journal-republican.com,US,1554
iwantabuzz.com,US,1554
atlantaprogressivenews.com,US,1553
949starcountry.com,US,1552
mod.uk,UK,1552
yule.com.cn,CH,1552
usaherald.com,US,1552
africacenter.org,CH,1552
primeraplana.com.co,CO,1548
thetrumpet.com,US,1548
mainstreetdailynews.com,US,1547
presagalati.ro,RO,1547
tunisienumerique.com,TS,1547
kusc.org,US,1547
bulgarianmilitary.com,RS,1546
signalng.com,NI,1546
worldsocialism.org,RS,1546
entergynewsroom.com,US,1545
boulder-monitor.com,US,1545
ri.gov,US,1545
pcworld.hu,US,1544
ctk.cz,EZ,1544
computerworld.cz,EZ,1544
bertoua.info,CM,1543
bgsu.edu,US,1543
blackandredunited.com,US,1543
axcessnews.com,US,1542
financialit.net,UK,1542
cellesche-zeitung.de,GM,1542
zikoko.com,NI,1541
dbw.cn,CH,1541
ckiafm.org,CA,1540
hospitality-on.com,FR,1540
cna.al,AL,1539
startsat60.com,AS,1538
davidemaggio.it,IT,1538
journaldemocrat.com,US,1538
ilcorriere.net,IT,1536
mdcounties.org,US,1536
nachrichten.ch,SZ,1536
touchstonemag.com,US,1536
qazvin.net,US,1535
maine.edu,US,1534
russia-briefing.com,RS,1534
67hailhail.com,JA,1533
crn.de,GM,1533
televizijastar.com,MK,1533
bruxelles.be,BE,1532
uni-marburg.de,GM,1531
coe.int,UP,1530
ilmattinoquotidiano.it,IT,1530
pi-news.net,GM,1530
afriqueitnews.com,MO,1529
sharewise.com,US,1528
safcei.org,SF,1527
streets.mn,US,1526
kaumudiglobal.com,US,1526
mining-journal.com,AS,1526
dallasweekly.com,US,1526
telemundodeportes.com,MX,1524
fol.mk,MK,1524
eurogamer.pl,PL,1524
gsu.edu,US,1522
ictsd.org,US,1522
itnet.com.br,BR,1522
fau.mil.uy,UY,1522
sparksunderland.com,UK,1522
cbr.ru,RS,1521
womenspost.ca,CA,1520
venomstrikes.com,US,1520
greenwich-post.com,US,1519
wjvl.com,US,1519
hendersondailynews.com,US,1519
thereddingpilot.com,US,1519
zamanamerika.com,US,1519
cbs4indy.com,US,1517
kenbridgevictoriadispatch.com,US,1517
okemahnewsleader.com,US,1517
ucsf.edu,US,1516
hastingsstargazette.com,US,1516
ringgitplus.com,MY,1516
pulseheadlines.com,US,1516
webtalkradio.net,US,1516
completecar.ie,EI,1515
obektiv.info,BU,1515
nd.gov,US,1515
uprrp.edu,US,1514
uktamilnews.com,CE,1514
sabc.co.za,SF,1513
penguinrandomhouse.com,US,1513
noz.ch,SZ,1512
truenumbers.it,IT,1512
article19.org,IS,1512
evenement-bf.net,UV,1511
pravdiko.mk,MK,1511
maximaonlinee.com,AR,1511
bbcrussian.com,RS,1511
fox47news.com,US,1511
chillicothenews.com,US,1511
adirondackexplorer.org,US,1510
ndtvprofit.com,IN,1510
lpgasmagazine.com,US,1510
iosconews.com,US,1509
sgbonline.com,US,1509
gospelherald.com,CH,1509
tricitytimes-online.com,US,1509
mercercluster.com,US,1508
test.de,GM,1508
excal.on.ca,CA,1508
elblogdelasalud.info,US,1508
mca.gov.cn,CH,1507
talkandroid.com,CH,1507
ksje.com,US,1506
profiboksz.hu,US,1506
icrc.org,IS,1506
thelandonline.com,US,1506
ofcom.org.uk,UK,1505
eightysixforever.com,CA,1505
iom.int,SU,1504
face2faceafrica.com,US,1504
ey.com,US,1503
smu.edu,US,1503
ecdailynews.com,SF,1503
alairelibre.cl,CI,1503
theallstate.org,US,1502
redpepper.org.uk,UK,1502
tomahawkleader.com,US,1502
scitation.org,US,1502
mysansar.com,NP,1501
hattiesburgamerican.com,US,1501
womensenews.org,US,1501
automation.com,US,1501
globalpressjournal.com,UG,1500
constructorio.es,SP,1499
totalnews.com.ar,AR,1499
dollarsandsense.sg,SN,1499
bruxelles2.eu,UP,1498
svethardware.cz,CH,1497
bayjournal.com,US,1497
capital.it,IT,1497
foodindustryexecutive.com,US,1496
du.edu,US,1496
us-rs.si,SI,1495
hogansirishcottages.com,EI,1495
prurgent.com,US,1494
annarbors107one.com,US,1493
fokal.org,HA,1493
zvedavec.org,RS,1493
mobilfunk-talk.de,US,1493
twnpnews.com,US,1493
sonic-seducer.de,GM,1492
localsyr.com,US,1492
channelbuzz.ca,CA,1491
gokunming.com,CH,1491
southfloridagaynews.com,US,1491
todostartups.com,SP,1491
uvm.edu,US,1489
gnewsonline.it,IT,1489
visualcapitalist.com,US,1489
oc-media.org,AM,1489
sedlabanki.is,IC,1488
newstopicnews.com,US,1488
firda.no,NO,1488
tyla.com,US,1488
kstk.org,US,1488
timesofassam.com,IN,1487
caswellmessenger.com,US,1487
codot.gov,US,1486
puglialive.net,IT,1486
24baires.com,AR,1486
stereophile.com,US,1485
oneworld.nl,NL,1485
thedrinksreport.com,UK,1485
opprairie.com,US,1484
sierraclub.org,US,1484
macrumors.com,US,1484
f1aldia.com,MN,1484
faze.ca,CA,1482
wiwsport.com,SG,1482
thederrick.com,US,1481
linformaticien.com,FR,1481
perugiaonline.net,IT,1480
bobcesca.com,US,1479
impulse.de,GM,1479
107thebull.com,US,1479
dailystandard.com,US,1479
fom.ru,RS,1478
beaconhilltimes.com,US,1477
clearwatertribune.com,US,1477
pcrecordtimes.com,US,1477
tsr-media.ru,RS,1477
theedge.co.nz,NZ,1475
sdjewishjournal.com,US,1475
newsantaana.com,US,1474
morenytt.no,NO,1474
praguemorning.cz,EZ,1473
wrde.com,US,1473
slicksandsticks.com,US,1472
kokoomus.fi,FI,1471
voxeu.org,RS,1471
nevadasagebrush.com,US,1470
peru.com,PE,1470
worldstagenews.com,NI,1470
wjjr.net,US,1469
liveforlivemusic.com,US,1469
cbtnews.com,US,1468
roanoke-chowannewsherald.com,US,1468
rotafono.pe,PE,1467
arcinfo.ch,SZ,1467
iclarified.com,US,1467
churchtimes.co.uk,UK,1466
romea.cz,EZ,1466
mountainstatespotlight.org,US,1466
cepkolik.com,TU,1465
hornfm.com,US,1465
nevadapress.com,US,1464
moidagestan.ru,RS,1464
newswire.net,US,1464
everythreeweekly.com,US,1464
funkuhr.de,GM,1463
unpo.org,IR,1462
portaldogoverno.gov.mz,MZ,1461
ff.org,US,1461
elghad.co,SA,1461
briarcliff.edu,US,1461
europawire.eu,GM,1460
theabingtonjournal.com,US,1460
thecheckeredflag.co.uk,SG,1460
tribunadamadeira.pt,PO,1459
collegenews.com,US,1458
fernandinaobserver.com,US,1457
kicks96.com,US,1457
regnum.news,RS,1457
supplychaindigital.com,UK,1457
opopular.com.br,BR,1457
europalibera.org,MD,1457
kachinnews.com,BM,1457
latinnews.com,MX,1456
newsandpress.net,US,1456
myjrpaper.com,US,1455
krty.com,US,1454
humanrightsfirst.org,US,1453
jfb.hu,HU,1453
vivario.org.br,BR,1452
wicklownews.net,EI,1452
zr.media,RS,1451
justpushstart.com,SA,1451
ormianie.pl,AM,1451
opptrends.com,US,1451
cadetcollegeblog.com,BG,1451
kmfa.org,US,1451
opelikaobserver.com,US,1451
lovin.ie,EI,1450
amnestyalgerie.org,IS,1450
filtermag.org,US,1449
zoomerradio.ca,CA,1449
decaturtribune.com,US,1449
wdav.org,US,1448
startupitalia.eu,IT,1448
pravdamoskvy.ru,RS,1448
jalta.nl,NL,1447
stattimes.com,US,1447
dumsk.com,RS,1447
stj-sy.org,SY,1445
cyclingnews.com,FR,1444
mineco.gob.gt,GT,1444
kenyon.edu,US,1443
nsg.co.jp,JA,1443
kadokawa.co.jp,JA,1442
gilbertsunnews.com,US,1442
wcexaminer.com,US,1442
thesixthaxis.com,JA,1440
dynamitenews.com,IN,1440
tolafghan.com,AF,1440
wawataynews.ca,CA,1439
laprogressive.com,US,1439
thelandcle.org,US,1438
capitalteresina.com.br,BR,1438
napoli.com,IT,1437
automoto.it,IT,1437
ohio.edu,US,1436
healthcare-digital.com,US,1435
evangelici.net,IT,1435
localnewsmatters.org,US,1434
freetelegraph.com,US,1434
tnq.ca,CA,1433
mediabistro.com,US,1433
supcourt.ru,RS,1433
telecompetitor.com,US,1432
nsa.gov.pl,PL,1432
rock95.com,CA,1431
haidagwaiiobserver.com,CA,1431
nenpa.com,US,1430
texomashomepage.com,US,1430
nashvillelifestyles.com,US,1429
dawsonnews.com,US,1428
fnac.com,FR,1428
michiganreview.com,US,1428
isnews.it,IT,1428
basearticles.com,IN,1427
silkroadbriefing.com,CH,1427
wfxd.com,US,1427
dailynewsen.com,FR,1427
northpennnow.com,US,1424
asferainfo.ru,RS,1424
sonora.com.gt,GT,1424
eventingnation.com,US,1424
fordcountychronicle.com,US,1424
selmatimesjournal.com,US,1422
hypehair.com,US,1420
gsusigmanu.org,US,1420
alleghenyfront.org,US,1420
capitalradiomalawi.com,MI,1419
rumbonews.com,US,1418
newsdemocrat.com,US,1418
crnobelo.com,MK,1418
zgjohu.mk,KV,1417
utilities-me.com,AE,1417
digitalic.it,IT,1417
meiemaa.ee,EN,1417
unian.info,UP,1416
973espn.com,US,1416
panolian.com,US,1416
toofab.com,US,1416
vegoutmag.com,US,1416
stumptownfooty.com,US,1416
labmanager.com,US,1416
lsonews.com,US,1414
classical-music.com,UK,1414
tercuman.com,TU,1414
focustechnica.com,US,1414
bluebonnetnews.com,US,1413
iflscience.com,US,1413
makezine.com,US,1413
corrieredellosport.it,IT,1412
hakusensha.co.jp,JA,1412
seminolesentinel.com,US,1411
ieee.org,US,1411
radionigeria.gov.ng,NI,1411
cwc.edu,US,1410
e-tlaxcala.mx,MX,1410
edhat.com,US,1409
mcvuk.com,UK,1409
eplindex.com,SP,1408
hellenicparliament.gr,GR,1407
climatechangenews.com,BR,1407
dilei.it,IT,1406
vowfm.co.za,SF,1406
uml.edu,US,1405
jacobinitalia.it,IT,1405
sportsnaut.com,US,1404
theferret.scot,UK,1404
prishtinapress.org,KV,1404
wmscradio.com,US,1404
ridlife.ru,US,1403
vinepair.com,US,1402
metalsucks.net,US,1402
bonitonoticias.com.br,BR,1401
pakistantimesusa.net,PK,1400
corriereetrusco.it,IT,1400
internationalaffairs.org.au,AS,1399
mogreenway.com,US,1398
training.com.au,AS,1397
luther.edu,US,1397
passherald.ca,CA,1397
inspiremore.com,US,1397
sipiapa.org,MX,1397
capecodtoday.com,US,1396
kkuriren.se,SW,1396
gizmolead.com,US,1396
dainikshiksha.com,BG,1396
pogledi.rs,RB,1395
primamilanoovest.it,IT,1395
finnishcanadian.com,FI,1395
1037thegame.com,US,1395
campustechnology.com,US,1393
heissatopia.com,US,1393
ordinarypatrons.com,SN,1392
loccidentale.it,IT,1392
valdemarne.fr,FR,1391
kf.cn,CH,1391
oilinuganda.org,UG,1391
ibtimes.co.jp,JA,1391
cityof7lakes.com,NP,1391
olorisupergal.com,NI,1390
971thefan.com,US,1390
fsu.edu,US,1389
americanindependent.com,US,1389
syria-report.com,SY,1388
oed.com,US,1388
trailtimes.ca,CA,1388
sommelierindia.com,IN,1387
derrynews.com,US,1387
canadianreviewer.com,CA,1387
turizm.ru,RS,1386
equities.com,US,1386
nubareports.org,SU,1385
cartercenter.org,US,1385
rsf.org,RS,1385
snowbrains.com,US,1384
newstalk1230.net,US,1384
ziv.ru,RS,1384
fshf.org,AL,1384
beavercountyradio.com,US,1383
surfersjournal.com,US,1383
clarionherald.org,US,1383
dailygamecock.com,US,1383
pcformat.pl,US,1383
whattowatch.com,US,1383
e-n.org.uk,UK,1383
itep.org,US,1381
kb.se,SW,1381
alliancetimes.com,US,1381
cairo24.com,SY,1381
geopoliticalfutures.com,RS,1380
bradfordtoday.ca,CA,1379
mfa.gov.tr,TU,1379
cellulari.it,IT,1379
kdpolitik.com,RS,1379
timminstoday.com,CA,1378
elmundo.com,CO,1378
fastcompany.com,US,1377
kubatana.net,ZI,1377
finbold.com,US,1376
twinfinite.net,JA,1376
plataformaarquitectura.cl,MX,1376
red.es,SP,1375
kos.mk,MK,1375
sailingworld.com,US,1375
bangpremier.com,US,1375
tn.gov.in,IN,1375
theasianconnectionsnewspaper.com,CA,1375
mintrud.gov.by,BO,1375
recordcollectormag.com,UK,1373
igad.int,KE,1373
bviplatinum.com,VQ,1372
candianews.gr,GR,1372
northfortynews.com,US,1372
siusalukis.com,US,1371
campaignsandelections.com,US,1370
scmagazineuk.com,UK,1370
umnews.org,US,1368
rvahub.com,US,1368
gosuslugi.ru,RS,1367
timespub.com,US,1367
wltv.it,IT,1366
behindthehedges.com,US,1365
cnas.org,US,1365
minutemirror.com.pk,PK,1365
abante.com.ph,RP,1365
mosoblpress.ru,RS,1364
thevillagereporter.com,US,1364
focusur.fr,FR,1364
marines.mil,US,1364
remocontro.it,UP,1364
thethirdpole.net,IN,1364
q106fm.com,US,1363
georgiasouthern.edu,US,1363
strategy-business.com,US,1363
z1075.com,US,1363
coronadotimes.com,US,1362
zetaluiss.it,IT,1362
themarijuanaherald.com,US,1362
stthomassource.com,US,1362
mbokamosika.com,CF,1362
hoyendelaware.com,US,1360
financialbuzz.com,US,1360
kselcountry.com,US,1360
wieringa-advocaten.nl,NL,1360
woot.com,US,1359
camara.cl,CI,1358
nenow.in,IN,1356
insidegnss.com,US,1356
centralwinews.com,US,1355
tiras.ru,MD,1355
thepostsa.au,AS,1354
azosensors.com,US,1354
courrierconfidentiel.net,UV,1353
957thevibe.com,US,1353
nyacknewsandviews.com,US,1352
telesurenglish.net,RS,1351
cyprustimes.com,CY,1351
bollywoodshaadis.com,IN,1350
elpitazo.net,VE,1349
screenhub.com.au,AS,1347
clantonadvertiser.com,US,1347
publiktv.live,AL,1347
dailyislam.pk,PK,1347
indiaretailing.com,IN,1347
denverite.com,US,1346
gcdailyworld.com,US,1345
hauraki.co.nz,NZ,1345
deshgujarat.com,IN,1345
teenvogue.com,US,1345
cmaj.ca,CA,1344
ecocuyo.com,AR,1344
yorku.ca,CA,1344
kltz.com,US,1343
historiadomundo.com.br,BR,1343
villagerpublishing.com,US,1343
footballscoop.com,US,1343
defence24.com,PL,1343
energynow.ca,RS,1342
mandegardaily.com,AF,1342
iflr.com,SZ,1342
loveradio.ru,RS,1342
press-release.com.ua,UP,1342
thephiladelphiacitizen.org,US,1341
dublingazette.com,EI,1341
outsmartmagazine.com,US,1341
qcodemag.it,IT,1341
610cktb.com,CA,1341
wrjc.com,US,1341
insp.com,US,1340
westsidenewsny.com,US,1340
freemanjournal.net,US,1340
scienceafrica.co.ke,KE,1339
rochesterfirst.com,US,1339
berkeleydailyplanet.com,US,1338
1440wrok.com,US,1338
lemessager.ch,SZ,1338
cerigua.org,US,1338
quinewsvaldelsa.it,IT,1338
h2-view.com,US,1337
catholiccourier.com,US,1337
neweurope.eu,RS,1336
iredellfreenews.com,US,1336
ckcufm.com,CA,1336
profesionaleshoy.es,SP,1335
actualitesdroitbelge.be,BE,1335
weather5280.com,US,1335
marfapublicradio.org,US,1335
dbsa.org,SF,1334
owz-zum-sonntag.de,GM,1333
sixx.at,GM,1333
ccr-mag.com,US,1331
communicatemagazine.com,UK,1331
td.org,US,1331
streetroots.org,US,1331
nportal.rs,RB,1330
easterneye.biz,UK,1330
gamenguide.com,US,1329
livabl.com,US,1329
grampianonline.co.uk,UK,1329
allongeorgia.com,US,1329
cbs46.com,US,1328
baltic-review.com,LH,1327
prtime.ru,RS,1325
lepotaizdravlje.rs,FR,1325
natureasia.com,JA,1324
periodicocubano.com,CU,1324
nysenate.gov,US,1324
mega.mu,MP,1324
grey-panthers.it,IT,1324
maritimejournal.com,UK,1323
talksport.com,UK,1323
microgridknowledge.com,US,1323
yourcentralvalley.com,US,1323
futurism.com,US,1323
ilcaffegeopolitico.net,CH,1322
channelcity.it,IT,1321
seri-sa.org,SF,1320
nim.ru,RS,1319
econintersect.com,US,1319
lacimade.org,FR,1319
hernandosun.com,US,1319
cosmopolitan.com.au,AS,1319
readfrontier.org,US,1318
taxpolicycenter.org,US,1318
qatarmoments.com,QA,1317
elvisti.com,UP,1317
freepressonline.com,US,1317
hydrocarbononline.com,US,1317
worldipreview.com,CH,1317
pitcherlist.com,US,1317
branchez-vous.com,CA,1316
honestreporting.ca,IS,1316
midcurrent.com,US,1316
uhcougars.com,US,1315
bloginity.com,US,1315
uri.edu,US,1315
werewolf.co.nz,NZ,1315
beirutobserver.com,LE,1315
openvld.be,BE,1314
pehub.com,US,1314
manchestergazette.co.uk,UK,1314
theburningspear.com,US,1313
country929.com,US,1311
asi.it,IT,1311
tech.co,US,1311
spsrasd.info,WI,1311
oost.nl,NL,1311
realcleardefense.com,RS,1311
cityonahillpress.com,US,1310
radiomaria.it,UP,1310
cuny.edu,US,1309
n-joy.de,GM,1309
holyrood.com,UK,1309
tesfanews.net,ER,1309
yalealumnimagazine.org,US,1308
newslj.com,US,1308
southseattleemerald.com,US,1308
maifm.co.nz,NZ,1308
n-tv.pt,PO,1307
sovanow.com,US,1307
elindependientedehidalgo.com.mx,MX,1306
acpcongo.com,CF,1306
globalist.org.ua,UP,1305
bundesregierung.de,GM,1305
scan-tv.com,RS,1305
newgamenetwork.com,US,1305
gaffneyledger.com,US,1305
documentedny.com,US,1305
lacote.ch,SZ,1304
ssa.se,SW,1304
bde.es,SP,1304
crudeaccountability.org,AJ,1304
nerdreactor.com,US,1304
elfaro.net,ES,1303
cricnepal.com,NP,1303
eia.gov,US,1303
thenational.wales,UK,1303
hotrod.com,US,1302
youredm.com,US,1301
amsterdam.nl,NL,1301
partnersinfire.com,US,1300
optimagazine.com,IT,1300
digitalcameraworld.com,US,1300
hancockclarion.com,US,1300
chathamhouse.org,UK,1300
bernardgoldberg.com,US,1300
androidics.nl,NL,1299
thecommonwealth.org,UK,1299
worldpumps.com,US,1299
socialistsanddemocrats.eu,UP,1299
cinefilos.it,IT,1299
cranestodaymagazine.com,UK,1298
americanhandgunner.com,US,1298
slembassyusa.org,CE,1298
catholicmessenger.net,US,1298
baylorbears.com,US,1296
radioclassique.ca,CA,1296
pagenews.gr,GR,1296
rhinotimes.com,US,1296
liliputing.com,CH,1295
care.org,SU,1295
caneswarning.com,US,1295
935kkmi.com,US,1295
heroesandiconstv.com,US,1294
kcbeacon.org,US,1294
grundycountyherald.com,US,1294
factor-news.net,BU,1294
speakingtree.in,IN,1293
psucollegio.com,US,1293
magnetmagazine.com,US,1293
vegasinc.com,US,1292
harnessracingupdate.com,US,1292
hope.edu,US,1291
hope1032.com.au,AS,1291
disabledveterans.org,US,1290
gaboteur.ca,CA,1290
bicmagazine.com,US,1290
worldpropertyjournal.com,US,1289
1069morefm.com,US,1289
941theduke.com,US,1289
alainet.org,RS,1288
hafryat.com,IR,1288
unseenjapan.com,JA,1288
cea.fr,FR,1288
roadsbridges.com,US,1288
sumatralink.id,ID,1287
atptour.com,AS,1287
cadtm.org,SF,1287
androidguys.com,CH,1287
songlines.co.uk,UK,1286
navyrecognition.com,RS,1286
vibriance.com,US,1286
pcchip.hr,CH,1285
bona.co.za,SF,1284
gazprom-media.com,RS,1284
nkek.gov.ua,UP,1283
bighorncountynews.com,US,1283
eubulletin.com,RS,1282
katasztrofavedelem.hu,HU,1281
thecharlotteweekly.com,US,1281
mayfield-messenger.com,US,1280
annabelle.ch,SZ,1280
chartattack.com,US,1280
trinidadandtobagonews.com,TD,1279
c913.com.au,AS,1279
fjuken.no,NO,1279
expatgo.com,MY,1278
court.gov.by,BO,1278
bornfreeusa.org,US,1277
hbs.edu,US,1276
citywireselector.com,UK,1276
channeltrends.cz,EZ,1276
azooptics.com,CH,1275
says.com,MY,1275
literaryreview.co.uk,UK,1274
onlinepokerreport.com,US,1274
thefreshloaf.com,US,1274
qu.edu,US,1274
kodinkuvalehti.fi,FI,1273
kamusonhaber.com.tr,TU,1273
abilene-rc.com,US,1273
charlottejewishnews.org,IS,1272
hnec.ly,LY,1272
umaleht.ee,EN,1271
flathatnews.com,US,1271
kget.com,US,1271
replicavedetelor.ro,RO,1271
farmerpublishing.com,US,1270
mendovoice.com,US,1269
icmc.net,UP,1269
radiomilwaukee.org,US,1269
montanasports.com,US,1269
anarkismo.net,RS,1268
wiproud.com,US,1265
cellulare-magazine.it,CH,1265
technave.com,MY,1265
diken.com.tr,TU,1264
trfradio.com,US,1264
elections.org.za,SF,1263
wjjq.com,US,1263
mtltimes.ca,CA,1262
dailian.co.kr,KS,1262
ehstoday.com,US,1262
westernherald.com,US,1261
realclearenergy.org,US,1261
slow-journalism.com,UK,1261
lafamilytravel.com,US,1261
miltonindependent.com,US,1261
gamedeveloper.com,US,1260
wtip.org,US,1260
popnews.com,FR,1260
cardekho.com,IN,1259
justitsministeriet.dk,DA,1259
earlycountynews.com,US,1258
spiceislander.com,GJ,1258
apparelresources.com,BG,1257
kommunisterna.org,SW,1257
therock.net.nz,NZ,1256
presidentofindia.nic.in,IN,1255
rockstgeorge.com,US,1255
shippingwatch.com,RS,1255
newnevvs.com,CH,1255
agenziagiornalisticaopinione.it,IT,1254
helmholtz.de,GM,1254
steelguru.com,CH,1254
mephisto976.de,GM,1254
2chblog.jp,JA,1253
nextbigwhat.com,IN,1253
blizz.co.ug,UG,1253
www.gob.cl,CI,1253
odisha360.com,IN,1252
c-span.org,US,1252
sxsw.com,US,1251
cyclones.com,US,1251
soprissun.com,US,1251
infonegociosgalicia.es,SP,1251
timesuniononline.com,US,1250
beirut.com,LE,1250
nukethefridge.com,US,1250
hpenews.com,US,1249
kam.lt,LH,1249
idolator.com,US,1249
nylonmanila.com,RP,1249
1854.photography,CH,1248
ppic.org,US,1248
minnesotamonthly.com,US,1247
mynewsdesk.com,SW,1247
titrekootah.ir,IR,1247
pafrike.al,AL,1246
bassmusicianmagazine.com,US,1246
geist.com,CA,1246
watson.de,GM,1246
ecumenicalnews.com,US,1245
ilcorrieredellacitta.com,IT,1245
televisionacademy.com,US,1245
citr.ca,CA,1245
americanscientist.org,US,1245
powdersvillepost.com,US,1244
novaramedia.com,IS,1243
imperialrepublican.com,US,1243
oilreviewafrica.com,NI,1243
poets.org,US,1242
peruviantimes.com,PE,1242
latpro.com,US,1242
nzcatholic.org.nz,NZ,1242
chinatoday.com.cn,CH,1242
laurivahtre.ee,RS,1241
affairscloud.com,IN,1241
csurams.com,US,1241
onbeing.org,US,1241
nouse.co.uk,UK,1241
todaysmedicaldevelopments.com,US,1240
cricadium.com,IN,1240
auswaertiges-amt.de,GM,1239
yorkvision.co.uk,UK,1239
villagenews.com,US,1239
teslarati.com,US,1239
myukraineis.org,UP,1238
parliament.uk,UK,1237
alasu.edu,US,1237
reversemortgagedaily.com,US,1236
numismaticnews.net,US,1236
hwzone.co.il,IS,1235
itwoman.com.ua,UP,1235
lionsroarnews.com,US,1235
minfin.gov.by,BO,1234
wmubroncos.com,US,1233
nmstatesports.com,US,1233
beautifulnara.com,ID,1232
inspirock.com,US,1232
1045wjjk.com,US,1232
theclarionnews.com,US,1232
neworleanssaints.com,US,1231
nec.edu,US,1231
poz.com,US,1231
sc.edu,US,1231
alabama.gov,US,1230
europe-echecs.com.,FR,1230
lekari-bez-hranic.cz,IS,1229
greaterlongisland.com,US,1229
nintendoworldreport.com,JA,1228
theshovel.com.au,AS,1228
focustech.it,IT,1227
tourism-insider.com,GM,1227
caama.com.au,AS,1227
hrstandard.pl,PL,1226
lapopu.com.ar,AR,1225
kuriren.nu,SW,1225
nakedpunch.com,PK,1225
virginradio.fr,FR,1225
burnettcountysentinel.com,US,1225
byui.edu,US,1224
dublinohiousa.gov,EI,1224
959watd.com,US,1224
africa-confidential.com,UK,1224
sanjosespotlight.com,US,1224
magic1053.com,US,1224
isu.edu,US,1223
archregina.sk.ca,CA,1223
pan.org.mx,MX,1223
wpxz1041fm.com,US,1223
msumavericks.com,US,1223
worldcurling.org,CA,1221
bizportal.rs,RI,1221
dcu.ie,EI,1221
cannabiswire.com,US,1221
jazzpolice.com,US,1221
isi.org,US,1220
muskoka411.com,CA,1220
westernmirror.com,JM,1220
africaintelligence.com,FR,1219
tnt-online.ru,RS,1218
dodgersnation.com,US,1218
klubtejano.com,US,1218
techaeris.com,US,1217
sluchay.ru,RS,1217
everythingzoomer.com,CA,1216
healthdata.org,US,1216
badmintoneurope.com,DA,1216
domain.com.au,AS,1216
beckersdental.com,US,1216
power965.com,US,1215
goduke.com,US,1215
apmreports.org,US,1215
smithmountaineagle.com,US,1214
jamesmagazine.it,IT,1214
hendersonvillestandard.com,US,1214
klaz.com,US,1213
wvu.edu,US,1213
banknews.ro,RO,1213
thevision.com,IT,1213
bizlive.vn,VM,1212
alghad.tv,IR,1211
floridahealth.gov,US,1211
interieur.gov.dz,AG,1209
lifeofguangzhou.com,CH,1209
winemakermag.com,US,1208
africom.mil,SO,1208
theburgnews.com,US,1208
economonitor.com,CH,1208
libertaegiustizia.it,IT,1208
thenewsleaders.com,US,1207
zhitomir.info,UP,1207
profootballnetwork.com,US,1207
nonproliferation.org,RS,1206
popspoken.com,SN,1206
sterlingterrell.net,US,1206
hollywoodunlocked.com,US,1205
marketoracle.co.uk,US,1205
wisconsinproject.org,CH,1205
pcworld.com.mx,MX,1204
roadracingworld.com,US,1204
military-history.org,UK,1203
bustle.com,US,1203
fergusfallsjournal.com,US,1203
knightnews.com,US,1203
klassikradio.de,GM,1203
aranzulla.it,IT,1202
rslsoapbox.com,US,1202
kopalniawiedzy.pl,PL,1201
55online.news,IR,1200
cafemom.com,US,1198
thetruecitizen.com,US,1198
ustrottingnews.com,US,1198
beliefnet.com,US,1197
smartshanghai.com,CH,1197
mywestnipissingnow.com,CA,1196
whichcar.com.au,AS,1196
conseil-national.mc,MN,1195
skyatnightmagazine.com,UK,1195
statements.qld.gov.au,AS,1195
gilaherald.com,US,1194
eparisextra.com,US,1194
cityindex.co.uk,RS,1194
fiia.fi,FI,1194
993thevine.com,US,1194
primacomo.it,IT,1194
bitcity.it,IT,1194
jmi.ac.in,IN,1194
depauw.edu,US,1194
ktucam.com,US,1193
baptistpress.com,US,1193
labonline.com.au,AS,1193
roughguides.com,SF,1193
mikeomearashow.com,US,1193
midwestfarmreport.com,US,1192
collegeofidaho.edu,US,1191
defence-ua.com,UP,1190
ri.se,SW,1190
olympic.ca,CA,1189
naviny.by,BO,1189
economie.gouv.fr,FR,1189
cleanenergy.org,US,1188
frostingen.no,NO,1188
guestofaguest.com,US,1187
columbusceo.com,US,1186
kool1033fm.com,US,1186
wcluradio.com,US,1186
navalnews.com,RP,1186
pctribune.com,US,1185
lycoming.edu,US,1185
coffeeordie.com,US,1185
lakelandtoday.ca,CA,1184
bereaonline.com,SY,1183
design-reuse.com,CH,1183
westernslopenow.com,US,1183
jumpuprecords.com,US,1183
christendom.edu,US,1182
heraldchronicle.com,US,1182
canbyfirst.com,US,1182
kormedi.com,US,1181
catholictranscript.org,UK,1181
stb.ua,UP,1180
iep.org.pe,PE,1180
technical420.com,US,1180
brenau.edu,US,1179
multichannelmerchant.com,US,1179
shinshokan.com,JA,1179
batterypower.com,US,1179
vastranyland.fi,FI,1179
waterford-today.ie,EI,1178
newseria.pl,US,1178
hoosieragtoday.com,US,1178
commerce.gov,US,1177
kafila.org,US,1177
news-shield.com,US,1175
pv-magazine-india.com,IN,1175
1053thepoint.com,US,1174
russkiymir.ru,RS,1174
areawidenews.com,US,1174
luskherald.com,US,1174
ft.com,CH,1173
revista.mk,MK,1173
senefoot.com,US,1172
bellevueheraldleader.com,US,1172
olemiss.edu,US,1171
camelcitydispatch.com,US,1169
bread.org,US,1169
visitcalifornia.com,US,1168
sou.edu,US,1168
escape.com.au,PE,1167
racplus.com,UK,1167
pasdecalais.fr,FR,1166
cartoq.com,IN,1166
earthtimes.org,US,1166
welovebudapest.com,HU,1166
canadianliving.com,CA,1166
ahewar.org,SY,1165
whatthefab.com,US,1165
online-911.com,AR,1164
unipymes.com,CO,1164
cursus.edu,FR,1164
wirtschaft.ch,SZ,1164
ps.be,BE,1163
bullfrag.com,US,1162
seatrade-cruise.com,US,1162
gctelegram.com,US,1162
girlslife.com,US,1161
tonga-broadcasting.net,US,1161
northernfarmer.co.uk,UK,1161
audiomediainternational.com,UK,1161
umt.edu,US,1159
thecutoffnews.com,US,1158
publicist24.com,FR,1158
lercio.it,IT,1157
lootpress.com,US,1157
cheapflights.com,US,1155
pewsitter.com,US,1155
napost.com,JA,1154
iata.org,US,1154
littler.com,US,1153
arkansasfight.com,US,1153
news.ch,SZ,1153
oversixty.com.au,AS,1152
theliberal.ie,EI,1152
dualjuridik.org,US,1152
siberiantimes.com,RS,1151
bonus.ch,SZ,1151
kleanindustries.com,US,1151
suncoastnews.com,US,1151
nowinsa.co.za,SF,1150
libelle.be,SW,1149
energoportal.ru,RS,1149
thecatholicspirit.com,US,1148
rutgersfoundation.org,US,1148
webcommentary.com,US,1148
ilsimplicissimus2.com,UP,1147
iwmbuzz.com,KS,1147
news-reporter.com,SA,1147
eurofestivalnews.com,IT,1147
webe108.com,US,1146
inria.fr,FR,1146
miningdigital.com,US,1146
goracers.com,US,1146
veteknoloji.com,TU,1146
thewire.co.uk,US,1145
thelandmark.com,US,1145
professionalplanner.com.au,AS,1145
construction-physics.com,US,1145
unitedinfocus.com,BR,1145
richfieldreaper.com,US,1145
gematsu.com,JA,1144
kfai.org,US,1144
markets.com,UK,1143
focusjunior.it,IT,1142
lakeconews.com,US,1142
diverseeducation.com,US,1142
hamradio.hr,HR,1142
bjconline.org,US,1142
drexeldragons.com,US,1141
alkhanadeq.com,IR,1141
dolphinstalk.com,US,1141
sekretar.ee,EN,1139
taylorsvilletimes.com,US,1139
talbotspy.org,US,1138
distrifood.nl,NL,1138
chabad.org,IS,1138
3bmeteo.com,IT,1138
todaysparent.com,CA,1138
chinaso.com,CH,1138
internationaltaxreview.com,IN,1137
dallasexaminer.com,US,1137
webun.jp,JA,1137
rivistastudio.com,IT,1137
und.com,EI,1137
cwi.it,IT,1137
southgatearc.org,US,1136
mereja.com,ET,1135
huawei.com,CH,1135
foodandwaterwatch.org,US,1135
dundeefc.co.uk,UK,1134
lebanonews.net,LE,1134
lbs.edu.ng,NI,1133
scifinow.co.uk,US,1133
realnoevremya.com,RS,1132
mediaviikko.fi,FI,1132
chromjuwelen.com,US,1132
cmswire.com,US,1131
coastal.edu,US,1131
sportmania.al,SP,1131
setubalnarede.pt,PO,1131
101gold.com,US,1130
journalenterprise.com,US,1130
112hm.nl,NL,1130
daggerpress.com,US,1130
kiss925.com,CA,1130
artbiogs.co.uk,UK,1130
cottagelife.com,CA,1130
conscourt.gov.mn,MG,1130
bltv.tv,CH,1129
planneratheart.com,US,1129
globalgenes.org,US,1129
weirduniverse.net,US,1128
wild1049hd.com,US,1128
sssh.hr,HR,1128
kfru.com,US,1128
mexfiles.net,MX,1128
primabergamo.it,IT,1127
socialnewsdaily.com,US,1127
metior.com.au,AS,1127
sullivan-times.com,US,1127
baratuni.es,SP,1127
backpackinglight.com,US,1126
isustudentmedia.com,US,1125
paconline.it,IT,1125
ngex.com,NI,1125
937theeagle.com,US,1125
syr.edu,US,1124
trendfm.hu,HU,1124
cincyontheprowl.com,US,1124
commarts.com,US,1123
921thefan.com,VM,1123
minnesotasnewcountry.com,US,1123
kdp.mk,MK,1122
illinoisnewsroom.org,US,1122
wherearethosemorgans.com,KS,1122
newz.it,IT,1122
pennbizreport.com,US,1122
uptownmagazine.com,US,1122
cyclist.co.uk,FR,1121
unipanthers.com,US,1120
cogconnected.com,US,1118
globalhappenings.com,BR,1117
rassegnastampa-totustuus.it,IT,1117
naseej.com,SA,1117
profind.com,US,1117
folhafinanceira.com.br,BR,1116
rbc.com,CA,1115
incmedia.org,US,1115
te1.com.br,BR,1115
fhu.edu,US,1115
forexfactory.com,CH,1115
backstage.com,US,1114
kkoj.com,US,1114
kmaj.com,US,1114
wildfiretoday.com,US,1113
miss.at,AU,1112
missourian.com,US,1112
apparata.nl,NL,1112
thecurrent.org,US,1112
berlin030.de,GM,1112
sharenews.com,CA,1112
onlinecasinoreports.com,US,1112
grandangoloagrigento.it,IT,1112
panolawatchman.com,US,1112
lesprom.com,RS,1111
valleypatriot.com,US,1111
kvno.org,US,1111
oep.org.bo,BL,1110
caterermiddleeast.com,SA,1110
wccsradio.com,US,1110
peoplenewspapers.com,US,1110
equaltimes.org,US,1110
heatingnewsjournal.com,US,1109
extra.cz,EZ,1109
dutchbirding.nl,NL,1109
therams.com,US,1109
kzum.org,US,1108
alsharqiya.com,IZ,1108
teleprogramma.pro,RS,1108
fvw.de,GM,1108
paydayreport.com,US,1108
gaana.com,US,1108
lavoixdelavallee.ca,CA,1107
vihreat.fi,FI,1107
wwdbam.com,US,1107
growingyourbaby.com,US,1107
dahuawang.com,CH,1106
norwoodnews.org,US,1106
insuranceinsider.com,UK,1106
crankyflier.com,US,1106
viterbopost.it,IT,1106
nipponnews.net,JA,1106
wicn.org,US,1105
theelders.org,IS,1105
magshop.com.au,AS,1105
heraldandtribune.com,US,1105
deltanews.tv,US,1104
johnnyjet.com,US,1104
communityjournal.net,US,1104
unmultimedia.org,UP,1103
lindro.it,UP,1103
kcpr.org,US,1103
intothecalderon.com,SP,1103
jornalmedico.pt,PO,1103
thedigitalfix.com,US,1102
ilri.org,KE,1102
alyaum.com,SA,1102
comic-gene.com,JA,1102
chfi.com,CA,1101
tremblantexpress.com,CA,1101
metrodoska.ru,RS,1101
constructionbtp.com,FR,1101
petrescuereport.com,US,1101
blogtivvu.com,IT,1100
australianjewishnews.com,IS,1099
rptnoticias.com,CO,1099
irishracing.com,EI,1099
perlapace.it,IT,1099
shethepeople.tv,IN,1098
cronicalibre.cl,FR,1098
irmagazine.com,UK,1098
baytobaynews.com,US,1098
sydin.fi,FI,1097
sarawakreport.org,MY,1097
altustimes.com,US,1097
hardylive.com,US,1096
elon.edu,US,1096
jstor.org,US,1096
waz.de,RS,1096
lenouvelliste.ch,SZ,1096
crossingbroad.com,US,1096
azator.gr,GR,1095
gossipetv.com,IT,1095
newsreview.com,US,1095
goacom.com,FR,1095
universharrypotter.com,FR,1094
fasozine.com,UV,1094
giornaledilecco.it,IT,1094
iop.org,CH,1094
ckdo.ca,CA,1093
insidethemagic.net,US,1093
businessamlive.com,NI,1092
wmich.edu,US,1092
sedaily.com,KS,1092
godubai.com,AE,1092
massreview.org,US,1091
stonesoup.com,US,1090
politiko.al,RS,1089
solarquotes.com.au,AS,1089
moelane.com,US,1089
aquabase.org,US,1089
stuckonthego.com,US,1089
houston.org,US,1089
dailyfly.com,US,1088
theshoegame.com,US,1088
bigcountryhomepage.com,US,1088
miningnews.co.za,SF,1087
95x.com,US,1087
producebusiness.com,US,1087
icis.com,CH,1087
dazn.com,US,1087
cbnbible.us,IS,1087
kulichki.net,RS,1086
collectivitedemartinique.mq,MB,1085
travelweek.ca,CA,1085
weblogtheworld.com,US,1085
baltimorebrew.com,US,1085
shufu.co.jp,JA,1085
hot1015tampabay.com,US,1085
wwf.ch,SZ,1083
thefabricator.com,US,1083
mediahiburan.my,ID,1083
merrionstreet.ie,EI,1082
secularism.org.uk,UK,1082
ciemat.es,SP,1081
louisvillecardinal.com,US,1081
uniquefm.ca,CA,1081
hammerandrails.com,US,1081
nejm.org,US,1080
indianaenvironmentalreporter.org,US,1080
trackalerts.com,JM,1080
americasbestracing.net,US,1080
mondoitaliano.net,IT,1079
basilicatanews.it,IT,1079
hdmotori.it,IT,1079
cornerstonenewsng.com,NI,1079
pisali.ru,RS,1078
lovelycitizen.com,US,1078
ikhwanweb.com,EG,1077
dakotastudent.com,US,1077
thrillist.com,US,1077
av-avis.no,NO,1077
sclawyersweekly.com,US,1076
airtrafficmanagement.net,UK,1076
globalbankingandfinance.com,UK,1076
princewilliamtimes.com,US,1076
yanmaga.jp,JA,1075
justice.ie,EI,1075
kululiraq.com,IZ,1075
idler.co.uk,UK,1075
bra.se,SW,1074
salient.org.nz,NZ,1074
tvn-2.com,PM,1074
counselheal.com,US,1074
parstoday.com,IR,1074
rumorscena.com,IT,1074
trackandfieldnews.com,US,1074
spotify.com,US,1074
everythinggp.com,CA,1074
bleepingcomputer.com,US,1073
signalcleveland.org,US,1073
giornaledimonza.it,IT,1073
gpblog.com,BA,1073
hiiraanweyn.net,SO,1073
planetdetroit.org,US,1072
fintechnews.ch,SZ,1072
chathamjournal.com,US,1071
autocarpro.in,IN,1071
8days.sg,SN,1071
terrelltribune.com,US,1071
redmondspokesman.com,US,1071
thecarconnection.com,US,1070
claytoncountyregister.com,US,1070
brighterkashmir.com,IN,1070
netflu.com.br,BR,1070
scottishdailyexpress.co.uk,UK,1069
makkahnewspaper.com,IR,1069
scdailypress.com,US,1069
imf.org,US,1069
techstage.de,GM,1069
bsquarebulletin.com,US,1069
openaccessgovernment.org,UK,1068
avlwatchdog.org,US,1068
invw.org,US,1067
ahmedabadmirror.com,IN,1067
knnindia.co.in,IN,1067
blogherald.com,US,1065
rdnewsnow.com,CA,1065
mufclatest.com,SP,1064
wileyc.edu,US,1064
theasialive.com,CH,1063
estesparknews.com,US,1063
thecyberwire.com,RS,1063
anna.aero,UK,1062
next.ink,FR,1062
labornotes.org,US,1062
imperial.ac.uk,UK,1062
southasiaanalysis.org,PK,1062
rete5.tv,IT,1061
realtor.com,US,1061
synapse-blog.jp,JA,1061
tamddon.com,CH,1061
nyetroms.no,NO,1061
newsvl.ru,RS,1060
datadriveninvestor.com,LU,1059
smartguidesdaily.com,AS,1059
nationalnursesunited.org,US,1059
chesterfieldobserver.com,US,1059
leavenworthtimes.com,US,1058
computerwelt.at,AU,1058
agreenliving.org,US,1058
inverse.com,US,1057
post-gazette.com,US,1057
jasarat.com,PK,1057
flohoops.com,US,1056
neweconomics.org,UK,1056
cjsw.com,CA,1056
thetravel.com,BR,1056
semafor.com,US,1056
thebentmusket.com,US,1056
wisconsin.gov,US,1055
knuj.net,US,1055
sensorsandsystems.com,US,1055
360grade.al,AL,1054
digitalnewsasia.com,MY,1054
bitcoin.com,RS,1054
uasmagazine.com,US,1054
muslimmirror.com,IS,1053
mosr.sk,LO,1053
strazgraniczna.pl,PL,1053
ameyawdebrah.com,GH,1053
eteknix.com,UK,1053
centraltrack.com,US,1051
zocalopublicsquare.org,US,1051
asabametro.com,NI,1051
lbl.gov,US,1051
dairyfoods.com,US,1051
jiaxing.gov.cn,CH,1051
travelweekly-asia.com,SN,1050
priceofoil.org,US,1050
tvm.co.mz,MZ,1050
hollywoodgazette.com,US,1050
outinjersey.net,US,1050
ideas-daily.de,GM,1049
lincolnshirelive.co.uk,UK,1048
poultrymed.com,US,1047
precinctreporter.com,US,1047
97rock.com,US,1047
israelbehindthenews.com,IS,1047
palo.gr,GR,1047
uncmirror.com,US,1046
passioneastronomia.it,IT,1046
tvchoicemagazine.co.uk,UK,1046
9thlevel.ie,EI,1044
thebricspost.com,CH,1044
conncoll.edu,US,1043
cjlo.com,CA,1043
e-sante.fr,FR,1042
petplace.com,US,1042
thesil.ca,CA,1042
elojodigital.com,AR,1041
kulturdirektoratet.no,NO,1041
coloradoboulevard.net,US,1041
wouwolves.com,US,1041
fanack.com,SY,1041
contentmanager.de,GM,1038
holycitysinner.com,US,1038
mltnews.com,US,1038
wessonnews.com,US,1037
6parknews.com,CH,1037
101touchfm.co.uk,ID,1037
pcgamer.com,US,1037
presidence.ne,NG,1037
mysoutex.com,US,1036
psaworldtour.com,EG,1036
allaboutfeed.net,RS,1036
amazon.com,US,1036
themoorecountynews.com,US,1036
theinsider.ug,UG,1035
impactocna.com,MX,1035
revistasusana.com,US,1035
nigrizia.it,IT,1035
powerpage.org,US,1035
heidi.news,SZ,1034
meddeviceonline.com,US,1034
qcitymetro.com,US,1034
gov.nl.ca,CA,1034
roommagazine.com,CA,1034
ip.gov.py,PA,1034
thepresstribune.com,US,1033
pulse.ru,RS,1033
freenewsonline.it,IT,1033
smikbr.ru,RS,1033
drexel.edu,US,1032
gazetaesportiva.com,BR,1032
kibskbov.com,US,1031
nachrichten.at,AU,1031
mexicodailypost.com,MX,1031
upriseri.com,US,1030
binghamtonhomepage.com,US,1030
thegayuk.com,UK,1030
oevsv.at,AU,1030
sports.cn,CH,1030
951ksky.com,US,1029
scidev.net,IN,1028
finland.fi,FI,1027
madisoncountycourier.com,US,1027
finegardening.com,US,1026
themortgagepoint.com,US,1026
greenarea.me,US,1025
winthroptranscript.com,US,1025
ksum.com,US,1025
politiqueinternationale.com,RS,1025
thebuckeyeflame.com,US,1025
blogbaladi.com,LE,1025
wastetodaymagazine.com,US,1025
infoguidenigeria.com,NI,1024
primalariviera.it,IT,1024
buttenews.net,US,1024
greenvilleadvocate.com,US,1024
oas.org,US,1023
latitudeslife.com,IT,1023
sierraexpressmedia.com,SF,1023
themessenger.com,US,1022
peoplesdemocraticparty.com.ng,NI,1022
philadelphiaunion.com,US,1021
hudsonvalleyone.com,US,1021
buckscountyherald.com,US,1021
rpgamer.com,JA,1021
foyles.co.uk,UK,1021
itexpo.com,US,1020
nwtntoday.com,US,1020
mindsitenews.org,US,1019
gamerevolution.com,JA,1019
starfm.com,CA,1019
cyclicdefrost.com,AS,1018
cityviewmag.com,US,1016
healthtimes.com.au,AS,1016
horseandcountry.tv,UK,1015
alkhabar.ma,MO,1015
thediplomatmagazine.com,AE,1015
trending.ph,RP,1014
epicstream.com,JA,1013
waheagle.com,US,1013
remate.ph,RP,1013
kkam.com,US,1012
thinkspain.com,SP,1012
bobatthebeach.com,CH,1012
modeldmedia.com,US,1012
capitaloutlook.com,US,1011
rit.edu,US,1011
thefmextra.com,US,1011
benefitnews.com,US,1011
nrel.gov,US,1010
ted.com,CA,1010
nrq.com,US,1010
android-mt.com,FR,1010
icreatemagazine.nl,NL,1009
morningexpress.in,IS,1009
washingtonsblog.com,US,1009
unicef.org.au,AS,1009
nrvnews.com,US,1008
autoguide.com,US,1008
reportafrique.com,NI,1007
jolie.de,GM,1007
nsenergybusiness.com,US,1007
algoafm.co.za,SF,1007
spacecityweather.com,US,1007
quchronicle.com,US,1006
vezess.hu,HU,1006
fresher.gr,GR,1006
ytronews.ru,RS,1006
dvalnews.com,US,1005
musicbusinessworldwide.com,US,1005
mountainjackpot.com,US,1005
newyorkyimby.com,US,1004
thumbwind.com,US,1004
newsd.in,US,1003
thelodownny.com,US,1003
moderndogmagazine.com,US,1003
studieportalen.dk,DA,1003
laprensa-sandiego.org,US,1003
hellomagazin.rs,RB,1003
alfapress.al,AL,1003
power923.com,US,1003
familylaw.co.uk,UK,1002
analytica-world.com,GM,1002
1057news.com,US,1002
travelinmissouri.com,US,1001
motorlegend.com,UK,1001
debka.co.il,RS,1001
ecb.co.uk,UK,1000
bioedge.org,US,999
robbreport.com.my,MY,999
benchmarkmonitor.com,US,999
energyfm.net,UK,998
rice.edu,US,998
nuovasocieta.it,IT,998
pittsburghpanthers.com,US,998
schoolnewsnetwork.org,US,997
change.inc,NL,997
transindex.ro,RO,997
russianireland.com,EI,997
epicureasia.com,ID,997
hcinnovationgroup.com,US,997
shenandoahliterary.org,US,996
brisnet.com,US,996
iowafarmbureau.com,US,996
parrotlla.org,KV,996
hammers.news,UK,996
moniban.news,IR,996
atheists.org,US,995
bavarianfootballworks.com,GM,995
nsw.gov.au,AS,994
uwbrandingiron.com,US,994
mozo.com.au,AS,994
worldofbuzz.com,MY,994
economichardship.org,US,993
kcbi.org,US,993
carstarnews.com,RS,993
theimpulsetraveler.com,US,993
ckpr.com,US,992
hottalkradio.com,US,992
apg-wi.com,US,992
landwirt.com,AU,992
fourteeneastmag.com,US,992
kggfradio.com,US,991
klix.mk,MK,991
parlamentoandino.org,CO,991
levittownnow.com,US,991
palmoilmagazine.com,ID,988
idec.org.br,BR,988
futurefive.co.nz,NZ,987
radio7media.com,US,987
loudandquiet.com,UK,985
gisreportsonline.com,RS,985
wrfi.org,US,985
vitonica.com,SP,985
woodenboat.com,US,985
kiwibox.com,US,985
insider.co.uk,UK,984
latozradiem.pl,PL,984
clubofmozambique.com,MZ,984
thenewsprogress.com,US,984
herfamily.ie,EI,983
pocketgamer.com,JA,983
centerforhealthjournalism.org,US,982
tdworld.com,US,982
environmentamerica.org,US,982
cosmo.ph,RP,982
socialnews.xyz,IN,982
calgary.ca,CA,981
msf.ie,SU,981
theutahreview.com,US,981
tvevropa.com,UP,980
aircargoweek.com,US,980
interlic.md,MD,980
ucbjournal.com,US,979
industrytoday.co.uk,US,979
idealista.com,SP,978
giornalenisseno.com,IT,978
proremodeler.com,US,978
planetradio.co.uk,UK,978
ari.it,IT,978
carexpert.com.au,AS,977
eltoque.com,CU,977
canalturf.com,FR,977
thedaily.sk,LO,977
giornaletrentino.it,IT,977
greensprout.com,US,976
wmmr.com,US,976
tigo.com.gt,GT,976
electricautonomy.ca,CA,976
vbgov.com,US,975
thesouthasiantimes.info,IN,975
newsmediauk.org,UK,975
myanmar-now.org,BM,974
primalamartesana.it,IT,974
lincsonline.co.uk,UK,974
notiziaoggi.it,IT,974
kisssudbury.com,US,974
flagler.edu,US,974
infosoir.com,FR,974
startlandnews.com,US,973
contactmusic.com,US,973
therainbowtimesmass.com,US,973
kbek.com,US,973
educationworld.com,US,973
chachingqueen.com,US,972
avnetwork.com,US,972
inaf.it,IT,972
shelterforce.org,US,972
valuechampion.sg,SN,972
wyborcza.biz,PL,972
arcamax.com,US,972
nll.com,CA,971
scottishfa.co.uk,UK,971
thebreakingtimes.com,US,971
900theticket.com,CH,971
fightsite.hr,HR,971
prezident.sk,LO,971
afsa.org,US,970
nagasaki-np.co.jp,JA,970
femmesdaujourdhui.be,BE,970
marketintelligencecenter.com,US,969
counterview.org,CA,968
dailyegyptian.com,US,968
genderlinks.org.za,SF,968
off-road.com,US,968
24hlive.it,IT,968
orleansonline.ca,CA,968
kprf.ru,RS,968
butfootballclub.fr,FR,967
themonthly.com.au,AS,967
difc.ae,AE,967
blackfootvalleydispatch.com,US,966
mechel.ru,RS,965
drydenwire.com,US,964
minfor.gov.gy,GY,964
cknx.ca,US,963
newsismybusiness.com,RQ,963
gg2.net,PK,963
lipstiq.com,MY,961
ae.com.br,BR,961
usctrojans.com,US,961
arsenalinsider.com,SP,961
951wayv.com,US,961
spaceflightinsider.com,US,961
homesandgardens.com,US,960
sevenfifty.com,US,960
aljazeerh-alarabiya.com,EG,960
debat.mk,MK,960
europeanforum.net,RS,959
opengovasia.com,SN,959
catholicdigest.com,US,959
ulmwarhawks.com,US,959
mega979.com,US,958
ninjamarketing.it,IT,958
boholnewstoday.com,CH,958
concreteproducts.com,US,958
care-international.org,IS,957
duala.info,CM,957
ut.edu,US,956
redlandscommunitynews.com,US,956
bowmanextra.com,US,956
thedailyupside.com,US,956
sdna.gr,GR,956
uconnhuskies.com,US,956
chicotnewspapers.com,US,956
granttribune.com,US,955
chinadailymail.com,US,955
ccm.net,US,955
azamn.com,CH,954
agcnews.eu,UP,954
utsa.edu,US,954
ajudaily.com,KS,953
chok.com,US,953
wareable.com,CH,953
coloradofoic.org,US,953
qnewshub.com,US,952
96five.com,AS,952
libyannewswire.com,US,952
nara-np.co.jp,JA,952
greenqueen.com.hk,US,951
virsanghvi.com,IN,951
abamako.com,ML,951
rti.org.tw,TW,950
business-gazeta.ru,RS,949
irancartoon.com,IR,949
wtlocal.com,US,949
matildas.com.au,AS,948
thecoalfieldprogress.com,US,948
newsmeter.in,IN,948
wdna.org,US,948
historycolorado.org,US,948
hydro-international.com,US,947
ucanr.edu,US,947
healthpayerintelligence.com,US,947
hoover.org,US,947
z1023online.com,US,947
novynarnia.com,UP,947
curved.de,GM,947
newsfeed.ph,RP,947
lesillon.info,FR,946
proallstars.com,CH,946
cgil.it,IT,946
a4medier.dk,DA,946
fabio.com.ar,RS,946
nv1.org,US,946
sabhlokcity.com,IN,945
nogeoingegneria.com,IT,945
myhaliburtonnow.com,CA,945
businessmag.al,AL,945
scoopswithdannymac.com,US,945
odessa-daily.com.ua,UP,945
americustimesrecorder.com,US,944
nippon.com,JA,944
moviehole.net,US,944
lifescienceleader.com,US,944
akitashoten.co.jp,JA,944
lasalle.edu,US,943
secretchina.com,CH,943
yesicannes.com,FR,943
mpbonline.org,US,943
maliyye.gov.az,AJ,943
mwcnews.net,FR,942
perspectivesmed.com,UP,942
allthatsinteresting.com,US,942
colorado.gov,US,942
gbnews.com,UK,941
globalutmaning.se,SW,941
delawaretoday.com,US,941
mhealthintelligence.com,US,940
telecoms.com,UK,940
aptnnews.ca,CA,940
gazetaenigma.com,KV,940
nih.gov,US,940
kanglaonline.com,IN,940
bettergov.org,US,940
edexlive.com,IN,940
churchofjesuschrist.org,US,939
antoniosocci.com,IT,939
theactuary.com,UK,939
medicisenzafrontiere.it,IT,939
property24.com,SF,939
theglobalamericans.org,US,939
thejetnewspaper.com,FJ,938
bioxconomy.com,CH,937
aircargonews.net,CH,937
telugustop.com,IN,937
chamberlainsun.com,RS,937
destinasian.com,ID,937
lsusports.net,US,937
shawneemissionpost.com,US,937
unfpa.org,SU,937
chestertownspy.org,US,937
suara-timor-lorosae.com,CH,936
jessicarulestheuniverse.com,RP,936
finder.com.au,AS,936
mining.com.au,AS,935
goodmorningwilton.com,US,935
fa-mag.com,US,935
fxmag.com,CH,935
ucg.org,US,935
skillednursingnews.com,US,935
wasteadvantagemag.com,US,935
nusoj.org,SO,935
milanosud.it,IT,934
mdm.com,US,934
liberianembassyus.org,LI,934
mof.gov.ae,AE,934
livedoor.biz,JA,934
radarfm.mx,MX,934
psmag.com,US,933
radiokaos.info,SI,933
nbs.sk,LO,933
hortidaily.com,NL,933
moreaboutadvertising.com,UK,933
nationalgeographic.it,US,933
hola-arkansas.com,UP,933
pireport.org,BP,932
fcbarcelonanoticias.com,SP,932
zerotackle.com,AS,932
european-coatings.com,CH,931
outsourcing-pharma.com,US,930
passengertrainjournal.com,US,930
womeninandbeyond.org,US,930
brandforum.it,IT,930
royalsblue.com,US,928
polygraph.info,RS,928
oilandgasmiddleeast.com,SA,928
thecommonsenseshow.com,US,928
cfcr.ca,CA,928
thestandard.nz,NZ,928
gmfus.org,CH,928
sealynews.com,US,928
uidaho.edu,US,927
galencentre.org,MY,927
lequotidien-oran.dz,AG,927
americanmachinist.com,US,927
infonegocios.com.py,PA,927
inishowennews.com,EI,926
spaopportunities.com,UK,926
isanti-chisagocountystar.com,US,926
sportsline.com,US,926
theath.ca,CA,925
unep.org,KE,925
jinan.gov.cn,CH,925
baokhanhhoa.vn,VM,925
bobedre.dk,DA,925
business-humanrights.org,RS,924
bceagles.com,US,924
insidesources.com,US,924
moodyonthemarket.com,US,924
k-ryhma.fi,FI,924
gzeromedia.com,RS,923
msf-azg.be,IS,923
kerdos.gr,GR,923
thespaceshow.com,US,922
hobokengirl.com,US,922
eastcorkjournal.ie,US,922
ckpgtoday.ca,CA,921
marysvilleonline.net,US,921
icj.org,IS,921
objevit.cz,EZ,921
williamsonherald.com,US,921
aciafrica.org,KE,920
culture.gouv.fr,FR,920
2minutemedicine.com,US,920
maxoe.com,FR,919
maltabusinessweekly.com,MT,919
nostalgie.fr,FR,919
kaukaunacommunitynews.com,US,919
sampan.org,US,919
advisory.com,US,919
lstribune.net,US,919
graydc.com,US,918
riotinto.com,AS,918
gazetesaglik.com,TU,918
channel941.com,US,918
regione.campania.it,IT,918
keluarga.my,CI,918
heraldodemexico.com.mx,MX,918
jerryratcliffe.com,US,917
manometcurrent.com,US,917
worldpressonline.com,US,917
weqx.com,US,917
olympic.cn,CH,917
raptorsrepublic.com,CA,917
record-review.com,US,917
africanarguments.org,SU,917
comunicarseweb.com,AR,916
millenniumpost.in,IN,916
eol.cn,CH,916
thechampionnewspaper.com,US,916
munciejournal.com,US,915
cfif.org,US,914
mix97.com,US,914
xjmty.com,CH,914
bristol.ac.uk,UK,914
lapsi.mk,KV,913
udayton.edu,US,913
harpalgeo.tv,PK,913
bsc.by,BO,913
ahtv.cn,CH,913
krock1057.ca,US,913
playstation.com,JA,912
colombiacompra.gov.co,CO,911
planetrugby.com,EI,911
thecollegianur.com,US,911
sportbible.com,SP,911
momentomt.com.br,BR,911
journal-aviation.com,FR,911
theurbandeveloper.com,AS,911
wrcitytimes.com,US,910
realtynow.com,US,910
frandroid.com,CH,910
forsythnews.com,US,910
astronet.pl,PL,910
hawaiiswave.com,US,910
mcphersonsentinel.com,US,910
akhbaralaan.net,IR,908
thetowerpost.com,UG,908
oregonobserver.com,US,908
theswellesleyreport.com,US,907
southernenvironment.org,US,907
battellemedia.com,US,907
sportsbettingdime.com,US,907
spoe.at,AU,907
missingpersonsofamerica.com,US,907
sc4.edu,US,907
solidbau.at,AU,906
deltacountyindependent.com,US,906
womiowensboro.com,US,906
tertangala.net,AS,905
moneyfacts.co.uk,UK,905
rockntech.com.br,BR,904
upstatebusinessjournal.com,US,904
shape.com,US,903
tradewindsnews.com,CH,903
makfudbal.mk,SP,903
tcm.com,US,903
stocktoncanews.com,US,903
excelsio.net,US,902
apc.com.ng,NI,902
gettysburgian.com,US,901
cnmn.com.cn,CH,901
fldoe.org,US,900
southwestfarmer.co.uk,UK,900
widerightnattylite.com,US,900
democraticaudit.com,UK,900
planetary.org,US,900
f1i.com,AS,900
andnowuknow.com,US,900
hawaiiathletics.com,US,899
minnesotanewsnetwork.com,US,899
lewisherald.com,US,899
irelandbeforeyoudie.com,EI,899
wapl.com,US,899
radiosurvivor.com,US,898
spectrumnews.org,US,898
madonna.edu,US,898
helpage.org,UP,898
webstercountycitizen.com,US,897
dvm360.com,US,897
asianaviation.com,CH,897
va.gov,US,896
fudder.de,GM,896
football-italia.net,IT,896
citizenpost.fr,FR,896
duvarenglish.com,TU,896
reporterbf.net,UV,896
artmonthly.co.uk,UK,895
magaconservatives.com,US,895
siteselection.com,US,894
espnswfl.com,US,894
theweedblog.com,US,893
westerncape.gov.za,SF,893
realcleareducation.com,US,892
hedgeco.net,US,892
asiae.co.kr,KS,891
bahrainmoments.com,BA,891
tankeroperator.com,CH,891
pac-12.com,US,891
hie.co.uk,UK,891
fratellowatches.com,SZ,891
bdview24.com,BG,891
chemistryworld.com,UK,890
am9501007fm.com,US,890
theracingbiz.com,US,890
australiantimes.co.uk,AS,890
ukdefencejournal.org.uk,UK,890
thenationalera.com,US,890
ispionline.it,CH,889
economicpolicyjournal.com,US,889
atavist.com,US,889
tasteradio.com,US,889
upandcomingweekly.com,US,889
utica.edu,US,889
montgomerycountymd.gov,US,889
thecrunchzone.com,US,888
geekzone.co.nz,NZ,888
chri.ca,CA,888
thelickingnews.com,US,888
elifesciences.org,US,887
railadvent.co.uk,UK,887
idsa.in,IN,887
zazoom.eu,IT,887
thelibertyline.com,US,887
menzmag.com,US,886
ngmisr.com,EG,886
cippec.org,AR,886
avenuenews.com,US,886
koop.org,US,885
lgr.co.uk,UK,885
tearaway.co.nz,NZ,884
gutekueche.at,AU,884
editorialcartoonists.com,US,883
record-courier.com,US,883
cairoportal.com,EG,882
vermontpublic.org,US,881
computerworld.com.pt,PO,881
bverwg.de,GM,881
shqiperia-ime.com,AL,881
archercountynews.com,US,881
interior.gob.cl,CI,881
gesund24.at,AU,880
mybobcountry.com,US,880
auto55.be,BE,879
sakhanews.ru,RS,879
nutfieldnews.net,US,879
financialsense.com,CH,879
worldfishcenter.org,EG,879
chez106.com,US,878
whoufm.com,US,878
cowcotland.com,FR,878
agenziaradicale.com,IT,878
manilashopper.com,RP,877
alsaudiaweb.com,SA,877
goo-pharmacy.com,JA,877
scarsdalenews.com,US,876
maltadaily.mt,MT,876
alsaudiya.net,SA,876
prothomalo.com,BG,876
infzm.com,CH,875
oltreilfatto.it,IT,875
madeinchinajournal.com,CH,875
urfahaber.net,TU,874
jubileeusa.org,US,874
hendrix.edu,US,874
thepeoplescube.com,US,874
voiceofoc.org,US,874
imlebanon.org,LE,873
thetimesweekly.com,US,873
thelawyer.com,UK,873
territoryfm.com,AS,873
poetsandquants.com,US,872
southwarknews.co.uk,UK,872
investedwallet.com,US,872
macworld.com,US,872
bcdemocratonline.com,US,871
entilocali-online.it,IT,871
infonegocios.info,AR,870
hootsuite.com,US,870
oaklandside.org,US,869
4minuti.it,IT,869
venezuelaaldia.com,VE,869
kika.de,FR,868
politonline.ru,RS,868
ashkaar.ir,IR,868
innovations-report.com,US,868
whcuradio.com,US,868
arij.org,IS,868
kissottawa.com,US,867
nationalcrimeagency.gov.uk,UK,867
newvoices.org,IS,867
turismomisiones.com.ar,AR,867
brazilreports.com,BR,867
accessatlanta.com,US,867
efectococuyo.com,VE,867
hometown-pasadena.com,FR,866
greens.org.au,AS,866
whats-on-netflix.com,US,865
scottishsocialistparty.org,UK,865
americanrivers.org,US,865
newstribune.info,US,865
cinematographe.it,IT,865
desiringgod.org,US,865
keepup.com.au,AS,865
nnbw.com,US,865
mainstreetpreps.com,US,864
benton.org,US,864
bordercountiesadvertizer.co.uk,UK,864
presidentrdc.cd,US,864
caribbeanandco.com,BB,863
huntscanlon.com,US,862
petitpaume.com,FR,862
thisiscolossal.com,US,862
zenhar.news,IR,862
dailypedia.net,RP,861
997classicrock.com,US,861
erdely.ma,RO,861
worldreligionnews.com,US,861
fishingworld.com,US,861
paintsvilleherald.com,US,861
reflexiondz.net,FR,861
algarvedailynews.com,PO,860
ladrome.fr,FR,859
ozy.com,US,859
dancehallmag.com,JM,858
indianola-ia.com,US,858
987kisscountry.com,US,858
smallcapnetwork.com,CA,858
socaltech.com,US,858
metalinjection.net,US,858
newsdrum.in,IN,858
fark.com,US,858
catholicreview.org,US,858
106khq.com,US,858
buzzsouthafrica.com,SF,857
crossroadstoday.com,US,857
partidocolorado.uy,UY,856
thecurrentla.com,US,856
adland.tv,US,856
aihrc.org.af,AF,856
tudn.com,MX,855
iaindale.com,UK,855
narrativemagazine.com,US,855
democracy.ru,RS,855
mwanaspoti.co.tz,TZ,855
offshorewind.biz,UK,855
government.fo,FO,854
biblearchaeology.org,IS,854
list.solar,US,854
decrypt.co,US,854
worldpress.org,US,853
nautil.us,US,853
lkldnow.com,US,853
papermag.com,US,852
williamsnews.com,US,852
upstatetoday.com,US,852
archeologiaviva.it,IT,852
redbookmag.com,US,852
kissnorthbay.com,US,852
styleblueprint.com,US,851
truecrimezine.com,US,851
kunming.cn,CH,850
lincolnnewsnow.com,US,850
the-scientist.com,US,849
ugbusiness.com,UG,849
cpomagazine.com,US,849
alriyadhdaily.com,SA,849
boom973.com,CA,849
kiss1023.ca,US,849
weforum.org,CH,848
newssc.org,CH,848
adamcarolla.com,US,848
hsuoracle.com,US,848
lascrucesbulletin.com,US,848
tbrnewsmedia.com,US,847
sunny1027.com,US,847
bordercrossingsmag.com,CA,847
radiomayak.ru,RS,847
kisssoo.com,US,847
scirp.org,KE,847
tradingcharts.com,US,847
latintrade.com,US,847
thesunflower.com,US,847
whiskeyraiders.com,US,847
se.edu,US,846
natureworldreport.com,US,846
gijn.org,US,846
crookstontimes.com,US,846
comicsalliance.com,US,845
bdmorning.com,BG,845
edtechmagazine.com,US,845
narrabricourier.com.au,AS,844
journaldebangui.com,CT,843
spmetrowire.com,US,843
jacksonnewspapers.com,US,843
area-arch.it,IT,843
gurnee.il.us,US,843
kisstimmins.com,US,842
4gnews.pt,CH,842
ccw.com.cn,CH,842
thejewishnews.com,IS,841
alzforum.org,US,841
therecord.media,UP,841
lavocedinewyork.com,US,841
989thevibe.com,US,840
koululainen.fi,FI,840
aquieuropa.com,SP,840
pollutionsolutions-online.com,UK,840
wxkr.com,US,840
fyne.co.uk,UK,840
worldwildlife.org,US,839
katyd.cz,EZ,839
saitama-np.co.jp,JA,839
smotrim.ru,RS,838
spolok-narodohospodarov.sk,LO,838
legalzoom.com,US,837
mofa.gov.la,LA,837
laurenscountyadvertiser.net,US,837
entsoc.org,US,836
mediamonitoringafrica.org,SF,836
therobotreport.com,US,836
campaigniran.org,IR,836
huaweicentral.com,CH,836
jeuxvideo.com,FR,836
wedg.com,US,835
impactpub.com.au,AS,835
sciencetimes.com,US,835
hgazette.com,US,835
rock92.com,US,835
tiebreakertimes.com.ph,RP,835
radiowave.com.na,WA,834
rruga.mk,MK,834
jeccomposites.com,US,834
fdbusiness.com,EI,833
yearsoftraveling.com,US,833
dengeki.com,JA,833
visitnorway.com,NO,833
mysociety.org,UK,832
themtnear.com,US,832
therockstationz93.com,US,832
indiancountrytodaymedianetwork.com,US,832
informaciondelonuevo.com,MX,831
oeildafrique.com,SG,831
downthetubes.net,UK,831
mil.am,AM,831
washjeff.edu,US,831
thestockdork.com,US,830
profi-forex.us,US,830
tylerstarnews.com,US,830
habersefi.com,JA,830
thenigerialawyer.com,NI,829
reminetwork.com,CA,829
newafricanmagazine.com,NI,829
radiodkl.com,FR,828
ucf.edu,US,828
inside-digital.de,GM,828
theamericanmercury.org,US,828
wiley.com,US,828
dailymemphian.com,US,828
altadensidad.com,VE,828
legia.net,PL,828
techwire.net,US,827
letempsdz.com,FR,827
nyfa.edu,US,827
cin.ba,BK,826
thetidewaternews.com,US,826
uwsp.edu,US,826
typeinvestigations.org,US,826
thefulcrum.us,US,826
uae-embassy.org,US,825
midiacon.com.br,BR,825
0404.co.il,IS,824
theaimn.com,AS,824
techrecur.com,IN,824
netpme.fr,FR,824
sakhalin.info,RS,823
tn.se,SW,823
atlanteguerre.it,IS,823
bloomsbury.com,UK,823
randolphcountyheraldtribune.com,US,823
sifted.eu,UK,822
labroots.com,US,822
eurohandball.com,DA,822
empirestatenews.net,US,822
kukinews.com,KS,821
waterstechnology.com,US,821
chinabooksreview.com,CH,821
snb.ch,SZ,821
biobuzz.io,US,820
moneytimes.com.br,BR,820
shippingherald.com,RS,820
michigantechhuskies.com,US,820
ifdc.org,NI,820
avtovzglyad.ru,RS,820
uwire.com,US,820
otakuusamagazine.com,JA,820
villanova.edu,US,819
israeldefense.co.il,IS,819
seasidesignal.com,US,819
astrospace.it,IT,818
bosnewslife.com,ER,818
benininfo.com,BN,817
triquarterly.org,US,817
ocnjdaily.com,US,817
hot933hits.com,US,817
bicommunitynews.co.uk,UK,817
blocku.com,US,817
flicksided.com,US,816
sillyid.com,CH,816
thecryptosphere.com,US,816
argentinaindependent.com,AR,815
abacityblog.com,NI,815
thelocal.com,AU,815
intereconomics.eu,CH,814
irishtechnews.ie,EI,814
worldcoal.com,AS,814
utahpulse.com,US,814
confavc.cat,SP,814
sciencebasedmedicine.org,US,814
nedoma.ru,RS,814
bahoneza.com,UG,814
kq98.com,US,813
rock94.com,US,813
behindthethrills.com,US,813
fgcuathletics.com,US,813
yourglenrosetx.com,US,813
justice.gouv.fr,FR,813
lcnme.com,US,813
lamorindaweekly.com,US,813
kjhk.org,US,812
theedgesusu.co.uk,UK,812
libreonline.com,CU,812
golf.com,US,812
parlament.md,MD,812
whatsuppub.com,US,812
whitehousedossier.com,US,811
nationalmagazine.ca,CA,811
interlochen.org,US,810
ptbotoday.ca,CA,810
osceolasun.com,US,810
thedirect.com,US,810
microsoft.com,US,810
chicagoparent.com,US,810
saatchiart.com,US,809
demopolistimes.com,US,809
thecollegiatelive.com,US,809
ominho.pt,PO,809
puntocellulare.it,IT,808
kentonbee.com,US,808
methowvalleynews.com,US,808
ifinnmarkdebatten.no,NO,808
russianradio7.com,US,808
plastxnow.de,GM,808
handyshippingguide.com,UK,807
inreview.com.au,AS,807
radioutd.com,US,807
osu.edu,US,807
chaser.com.au,AS,807
corydondemocrat.com,US,807
pet-advices.com,US,807
faktor.al,AL,807
newstrackindia.com,IN,807
purewow.com,US,806
frontnews.ge,US,806
thecanadianencyclopedia.ca,CA,806
the-express.com,US,806
holyokeenterprise.com,US,806
riverjournalonline.com,US,805
rvamag.com,US,805
wioe.com,US,805
turkhaber.com,TU,804
adncuba.com,CU,804
sciencefiction.com,US,804
teknofilo.com,SP,803
grainnet.com,US,803
supplysidesj.com,US,803
country959.com,US,803
coloradocollege.edu,US,802
collinsdictionary.com,UK,802
riftvalley.net,SO,802
latviansonline.com,LG,801
bioenergy-news.com,UK,801
basilicatamagazine.it,IT,801
government.bg,BU,800
exhibitoronline.com,US,800
culturu.com,NS,800
protestinfo.ch,SZ,800
globalsouthafricans.com,SF,800
mountvernongazette.com,US,800
insead.edu,CH,800
walesartsreview.org,UK,800
azobuild.com,UK,800
gomountaineers.com,US,799
thelocalvoice.net,US,799
avas.mv,MV,799
91mobiles.com,IN,799
vestnytt.no,NO,798
tulane.edu,US,798
cfl.ca,CA,798
aldryn.io,IS,798
playpennsylvania.com,US,798
romeing.it,IT,797
bluestarmedia.org,US,797
drtvchannel.com,US,797
nbcolympics.com,US,797
malaysianwireless.com,MY,797
fotoblogia.pl,UP,796
hollywoodchicago.com,US,796
unimelb.edu.au,AS,796
gerceknews.com,TU,796
heart.org,US,796
thecherokeean.com,US,796
toulouseinfos.fr,FR,796
carnegieindia.org,IN,795
prismanews.gr,GR,795
christianismeaujourdhui.info,FR,795
gpfans.com,BA,795
smninewschannel.com,RP,795
2oceansvibe.com,SF,795
sunriseradio.com,IN,795
rapidgrowthmedia.com,US,794
yamu.lk,CE,794
primature.gouv.ht,HA,794
1019online.com,US,794
watereducationcolorado.org,US,794
corrientes.gob.ar,AR,794
wqln.org,US,793
breckenridgetexan.com,US,793
soundandvision.com,US,793
chicagoleader.com,US,793
boonvilledailynews.com,US,792
mpssaa.org,US,792
riverreporter.com,US,792
ineer.org,VM,792
accessnow.org,IS,792
mc-doualiya.com,ML,791
texasfarmbureau.org,US,791
comesa.int,ZA,791
contexts.org,US,791
auto.co.il,IS,790
theeastsiderla.com,US,790
themonroetimes.com,US,789
thehawaiiherald.com,JA,789
newportbeachindy.com,US,789
usustatesman.com,US,789
parking-net.com,US,788
mspmag.com,US,788
bethelks.edu,US,788
101greatgoals.com,UK,788
hbtv.com.cn,CH,788
primavercelli.it,IT,788
nezavisen.mk,MK,788
inanews.com,US,788
chaskor.ru,RS,787
ntindependent.com.au,AS,787
newsclick.in,IN,787
hdnews.net,US,786
bou.org.uk,UK,786
cpt.org,IS,786
wysokieobcasy.pl,PL,786
palisadeshudson.com,US,786
pari.com.mk,CH,786
ommcomnews.com,IN,786
lionsdelatlas.ma,MO,785
jpgames.de,JA,785
eyemagazine.com,UK,785
portalix.mk,MK,785
peoplesdefender.com,US,784
oe-mag.co.uk,US,784
ht4u.net,GM,784
kcalfm.com,US,784
minorityreporter.net,US,784
aerasnews.gr,GR,784
siliconsemiconductor.net,US,784
ombudsman.parliament.nz,NZ,784
q105.fm,US,784
spiritfm.com,US,783
buckshealthcare.nhs.uk,UK,783
cnbcarabia.com,RS,783
keremeosreview.com,CA,782
buffaloreflex.com,US,782
deepapple.com,RS,782
technewsworld.com,US,781
bowdoin.edu,US,781
nrrl.no,NO,781
filmusiku.com,ID,781
ngxchange.org,US,781
brownsnation.com,US,780
advfn.com,BR,780
v1.ru,RS,780
chagrinvalleytoday.com,US,780
hobbyfarms.com,US,780
dealbreaker.com,US,780
climatecouncil.org.au,AS,780
quotidianodellumbria.it,IT,780
aetnanet.org,IT,779
drishtiias.com,IN,779
unk.edu,US,779
theaterjones.com,US,779
giampierogramaglia.eu,UP,778
process-worldwide.com,US,778
libdems.org.uk,UK,778
pnas.org,US,778
news24web.it,IT,778
phillybite.com,US,778
upperniletimes.net,TH,777
vidas.pt,PO,777
lemanbleu.ch,UP,777
newsandvibes.com,GH,776
worksinprogress.co,US,776
greenbot.com,US,776
restaurantnewsresource.com,US,776
citymilano.com,IT,776
ubergizmo.com,CH,775
osce.org,FI,775
foley.com,US,775
sina.cn,CH,775
fm95online.com,US,774
be24.at,GM,773
ormondbeachobserver.com,US,773
canalnet.tv,AR,773
apenewsnet.com,US,773
globalcompliancenews.com,UK,772
nsoud.cz,EZ,772
carissaraman.com,CH,772
technode.global,ID,771
wasr.net,US,771
dailylifetravels.com,US,771
peninsulanews.asn.au,AS,771
monvalleyindependent.com,US,771
realclearpennsylvania.com,US,771
argument.mk,MK,771
highlandnews.net,US,771
sundaypost.com,UK,770
queenseagle.com,US,770
baoji.gov.cn,CH,770
blueshieldca.com,US,770
weru.org,US,770
quiuboestereo.com,PM,769
agencyequity.com,US,769
presby.edu,US,769
ogj.com,US,769
ala.org,US,768
sikhsiyasatnews.net,IN,768
nacionale.mk,KV,768
culvercityobserver.com,US,768
realestatenews.com,US,767
j2me.pl,PL,767
darksky.org,US,767
newsverge.com,NI,766
justia.com,US,766
beincrypto.com,US,766
express.gr,GR,766
72.ru,RS,766
asiainsurancereview.com,IS,766
jurnalfm.md,RO,766
sukabumikini.com,ID,766
azmiaksahin.com,TU,765
lemonicks.com,CE,765
eyyubiye63.com,BR,765
officialcharts.com,UK,765
pen.org,US,765
primachivasso.it,IT,764
thecoconet.tv,NZ,764
danamic.org,SN,764
quincyinst.org,CH,763
afdb.org,NI,763
cdr.cz,US,763
tweakpc.de,GM,763
floridanationalnews.com,US,763
minenergo.gov.by,BO,763
spd-lsa.de,GM,763
guter-rat.de,GM,763
zoldpalya.hu,HU,762
insideunmannedsystems.com,US,762
worldconstructionnetwork.com,US,762
nfca.org,US,762
dfb.de,GM,762
weatherwatch.co.nz,NZ,762
sunnhordland.no,NO,761
chicagoreview.org,US,761
radicalfire.com,US,760
lotterypost.com,US,760
avgeekery.com,US,760
hautetime.com,US,759
whatculture.com,US,759
keene.edu,US,759
gamblingnews.com,US,759
tfl.gov.uk,UK,759
reporter-ua.com,UP,759
itfglobal.org,UK,759
globalinvestigationsreview.com,UK,759
governo.it,IT,758
directrelief.org,US,758
tusc.org.uk,UK,758
goodto.com,UK,757
aim.org,US,757
tiffinohio.net,US,757
northernontario.ca,CA,756
breckenridgeamerican.com,US,755
yooper.fm,US,755
orangeleader.com,US,755
dailywire.com,US,755
921news.com,US,754
travelnoire.com,US,754
dnamagazine.com.au,AS,754
commercialrealestate.com.au,AS,754
concordacademy.org,US,754
constructionreviewonline.com,TZ,754
intelligenceonline.fr,US,753
bastabugie.it,IT,753
ksibradio.com,US,753
dogsblog.com,UK,753
coastcommunitynews.com.au,AS,753
robohara.com,US,752
drugstoredivas.net,US,752
iwpr.net,RS,752
da.org.za,SF,752
archbishopofcanterbury.org,UK,751
meylesokhan.com,IR,751
nai500.com,US,751
atlantaciviccircle.org,US,751
statetechmagazine.com,US,751
poundsterlinglive.com,NZ,750
wellingtondailynews.com,US,750
thepaper24-7.com,US,750
fanabc.com,ET,750
timesofpakistan.pk,PK,750
wheel.ie,EI,750
bobvila.com,US,749
nyas.org,US,749
technicshistory.com,US,748
ottawaherald.com,CA,748
renx.ca,CA,748
trinicenter.com,TD,748
gobearcats.com,US,748
utv.ie,US,748
unkantelope.com,US,747
alexandrialivingmagazine.com,US,747
opennet.ru,RS,747
premierconstructionnews.com,UK,747
ukip.org,UK,747
isranews.com,UP,747
xflboard.com,US,747
networksasia.net,ID,747
cruiseandferry.net,NO,746
highereddive.com,US,746
jura.fr,FR,746
valpo.edu,US,745
redaksia.mk,KV,745
boydellandbrewer.com,UK,745
leafly.com,US,745
esa.int,US,745
westnewsmagazine.com,US,745
womenews.net,IT,745
bayt.com,PK,745
cheekiemonkie.net,SN,745
wknc.org,US,744
mandria.ua,UP,744
ussurmedia.ru,RS,744
beverlyreview.net,US,744
unodc.org,NI,744
f1news.cz,SP,743
equaleducation.org.za,SF,743
delcopa.gov,US,743
fmfstateofmind.com,MX,743
crimereads.com,US,743
moreradio.online,UP,742
theuptake.org,US,742
lafourchegazette.com,US,742
thehackernews.com,RS,741
nyu.edu,US,741
gpf1.cz,DO,741
africanelections.org,GH,740
puglia.com,IT,740
centralvalleybusinesstimes.com,US,740
sportswar.com,US,740
kjjr.com,US,740
theouterhaven.net,JA,740
basketball-world.news,GM,740
andoverbeacon.com,US,739
centcom.mil,IR,739
fogaonet.com,BR,739
armscontrolwonk.com,IR,738
cheshire-live.co.uk,UK,738
magadanmedia.ru,GM,737
bankofamerica.com,US,737
ildetonatore.it,IT,737
purpleptsd.com,US,737
starnewsphilly.com,US,737
americanbar.org,US,737
finewoodworking.com,US,736
capemaycountyherald.com,US,736
nashfm1055.com,US,736
theenterprise.net,US,736
ntr.nl,NL,735
rifuture.org,US,735
flight.com.gr,GR,735
cfodive.com,US,735
kormend.hu,HU,735
finance.gov.au,AS,735
thecigarauthority.com,US,735
1035thearrow.com,US,734
investchronicle.com,US,734
techpp.com,IN,733
tenisportal.cz,AS,733
ksaday.net,SA,733
sanfernandosun.com,US,733
centenary.edu,US,733
nevisradio.co.uk,UK,733
ketagalanmedia.com,TW,733
cruise.blog,US,732
nodo50.org,RS,732
ttbook.org,US,732
financemagnates.com,US,732
ricethresher.org,US,732
sdk.mk,MK,732
elferrolchimbote.com,PE,732
tag43.it,IT,732
teamworld.it,IT,731
oilersnation.com,US,731
ing.com,CH,731
centerforpolitics.org,US,731
opp.today,IN,731
heho.com.tw,TW,731
krcoam.com,US,730
agrifarming.in,BR,730
magic925.com,US,730
farmforum.net,US,730
wwdmag.com,US,730
cqn.com.cn,CH,730
guineeconakry.info,GV,730
mellow947.fm,RP,729
psc.ro,RO,729
diem25.org,IS,729
coinbuzz.com,UK,729
blackshoediaries.com,US,728
consumerreports.org,US,728
mattlakeman.org,ES,728
saarlane.ee,EN,728
citizenwells.com,US,728
primadanoi.it,IT,728
apdnews.com,CH,728
aschmann.net,US,727
parlamento.pt,PO,727
eweek.com,US,727
ihf.info,SW,726
kyrgyztuusu.kg,KG,726
fx678.com,US,726
yournews.com,US,726
vocentar.com,US,725
conflictosmineros.net,AR,725
rioonwatch.org,BR,725
milanotopnews.it,IT,725
nsidc.org,US,724
meridian.mi.us,US,724
outbackmag.com.au,AS,724
jornadanet.com,BL,724
kcnawatch.org,KS,724
badatel.net,US,723
gistreel.com,NI,723
k1053.com,US,723
legislation.gov.uk,UK,723
interpark.co.uk,US,723
delmarvalife.com,US,723
wtosfm.com,US,722
thetexan.news,US,722
newscaststudio.com,US,722
intellinews.com,RS,722
hotelscombined.com,US,721
ceotech.it,CH,721
github.com,US,721
profm.ro,RO,721
colombiapress.co,CO,721
beerandbrunch.gr,GR,720
britcham.org.sg,SN,720
mahamegha.lk,CE,720
shoredailynews.com,US,720
uswitch.com,UK,720
ontopmag.com,US,720
theloadstar.com,CH,720
latinlawyer.com,US,719
irakna.com,CH,719
grannar.no,NO,719
globalpossibilities.org,US,719
ilsudonline.it,IT,719
cubainformacion.tv,CU,718
famagusta.news,CY,718
fifthestate.org,US,717
tryondailybulletin.com,US,717
orilliamatters.com,CA,717
seehafernews.com,US,717
morningstar.com.au,AS,717
947qdr.com,US,717
cas.cn,CH,717
jose921.com,CH,717
cronachefermane.it,IT,717
dcinematoday.com,US,716
futnet.com.br,BR,716
yellowad.co.uk,UK,716
pocketnow.com,CH,716
rznews.cn,CH,716
usofarn.com,US,715
kurier.lt,LH,715
fredhutch.org,US,715
srbijadanas.com,UP,715
tricountyleader.com,US,715
biopharma-reporter.com,US,715
vsr.mil.by,BO,715
blackburnnews.com,CA,715
ibsintelligence.com,EG,715
flagstaffbusinessnews.com,US,715
huntingdondailynews.com,US,714
mos.ru,RS,714
thereddirtrebel.com,US,714
mediastatements.wa.gov.au,AS,714
pandaily.com,CH,714
3rddegree.net,US,714
elnacional.cat,SP,713
uams.edu,US,713
geographyrealm.com,US,713
vasarnap.com,US,713
informa.com,RS,713
geektime.co.il,IS,713
thepublicslate.com,US,712
subletteexaminer.com,US,712
lightning100.com,US,712
radionwtn.com,US,712
bxtimes.com,US,712
oprahdaily.com,US,711
elkvalleytimes.com,US,711
psni.police.uk,UK,711
infonegociosvalencia.es,SP,711
necliberia.org,LI,711
chymfm.com,CA,711
cailianxinwen.com,CH,711
nraila.org,US,711
atmoreadvance.com,US,710
radioopensource.org,US,710
morganstatebears.com,US,710
cdaction.pl,PL,709
radioandmusic.com,IN,708
92profm.com,US,708
bornfree.org.uk,KE,708
maghrebnaute.com,AG,707
investmentmonitor.ai,UK,707
wougnet.org,UG,707
asmarino.com,ER,707
confinionline.it,IT,707
onemorething.nl,US,706
countrymessenger.com,US,706
romanilachicago.org,RO,706
thewoodstockindependent.com,US,705
sgu.edu,GJ,705
psuconnect.in,IN,705
keia.org,KS,705
kpl.gov.la,CH,704
whus.org,US,704
pisa24.info,IT,704
p5w.net,CH,704
business24-7.ae,AE,704
crs.org,US,703
thepostsearchlight.com,US,703
theurbanlist.com,AS,702
futurecurrencyforecast.com,UK,702
noemamag.com,US,702
cimmyt.org,IN,702
elnuevodiario.com.do,DR,702
clubtroppo.com.au,AS,702
arteradio.com,FR,701
techworm.net,US,701
baltische-rundschau.eu,LH,701
newframe.com,SF,700
vidilab.com,HR,700
starostove-nezavisli.cz,EZ,700
nationalworld.com,UK,700
earthquake-report.com,IT,700
unomaha.edu,US,700
hinghamanchor.com,US,700
legalsportsreport.com,US,700
livingblues.com,US,700
floracing.com,US,699
ama-assn.org,US,699
unacittaincomune.it,IT,699
ah.gov.cn,CH,698
gousfbulls.com,US,698
medcom.id,ID,698
fm100.com,US,697
nuoviargomenti.net,IT,697
nevnov.ru,RS,697
countryline.radio,US,697
chinagrain.cn,CH,697
961wtth.com,US,697
roars.it,IT,697
c40.org,UK,697
financialadvisoriq.com,US,697
kpay.com,US,696
waagacusub.net,SO,696
espectador.com,UY,696
cysticfibrosisnewstoday.com,US,696
samoa.travel,WS,696
homestolove.com.au,AS,696
hubcitytimes.com,US,695
hdblog.it,IT,695
realclearpolicy.com,US,695
baonghean.vn,VM,695
bigeastcoastbias.com,US,695
immigration.ca,CA,695
politikin-zabavnik.rs,RB,695
fjordingen.no,NO,695
farming.co.uk,UK,695
hempgazette.com,US,694
morganlewis.com,US,694
brweeklypress.com,US,694
thenortherner.com,US,694
wpnews.com,US,694
thelibertarianrepublic.com,US,694
kdwa.com,US,694
intowner.com,US,694
wgso.com,US,694
za.com,US,694
hillsdalecollegian.com,US,694
globalarbitrationreview.com,US,693
profi.gr,GR,693
construmis.com.ar,AR,693
cnyhomepage.com,US,692
legrigriinternational.com,FR,692
at5.nl,NL,692
nrcm.org,US,692
gibsondunn.com,US,692
jonathanball.co.za,SF,692
prapaskena.com,AL,691
kpk-rs.si,SI,691
aladalanews.net,IZ,691
gov.sz,WZ,691
dailynord.fr,FR,691
brynmawr.edu,US,690
awionline.org,US,690
news.gov.tt,TD,690
info7.mk,MK,690
delawarebusinesstimes.com,US,690
noticia.ru,SP,690
worldakhbar.com,EG,690
madtownjamz.com,US,689
powerupgaming.co.uk,US,689
leadersleague.com,FR,689
california18.com,US,689
hopdes.com,US,689
amnesty.ch,IS,689
globalwitness.org,RS,689
deerfieldvalleynews.org,US,689
autokopen.nl,NL,689
floridanewstimes.com,US,688
ogv.energy,UK,688
nationwidereport.com,US,688
treasury.gov,US,688
biletomat.pl,PL,688
learnbonds.com,SW,687
parlamentonews.it,IT,687
pahouse.com,US,687
inhabitat.com,US,686
crestedbuttenews.com,US,686
1063thecore.com,US,686
fedegan.org.co,CO,686
891khol.org,US,686
saudeoral.pt,PO,685
cars.co.za,SF,685
stadionews.it,IT,685
sipri.org,RS,684
globalcitizen.org,GH,684
techfinancials.co.za,SF,684
ant1.com.cy,UP,684
imagejournal.org,US,684
marcianise.info,IT,684
disrupt-africa.com,NI,683
nin.co.rs,RI,683
mayerbrown.com,UP,683
pets-trick.com,US,683
renewablesnow.com,US,683
krfofm.com,US,682
mcsweeneys.net,US,682
claytonutz.com,AS,682
thetaste.ie,EI,682
bs-tvtokyo.co.jp,CH,682
wrbbradio.org,US,681
idaireland.com,EI,681
publicnoticeportal.uk,UK,681
albianews.com,US,681
neakriti.gr,GR,681
tworivertimes.com,US,681
undispatch.com,US,680
agedcareinsite.com.au,AS,680
berkeleybeacon.com,US,680
spglobal.com,BR,680
wnmtradio.com,US,680
nintendo-insider.com,US,679
eatbook.sg,SN,679
udigital.uy,UY,679
volcanocafe.org,IC,679
94fmthefish.net,US,679
familjeliv.se,SW,678
cronachediordinariorazzismo.org,IT,678
financefeeds.com,UK,678
spearswms.com,UK,678
cayuga-cc.edu,US,677
ucsb.edu,US,677
indiatogether.org,IN,676
miglioverde.eu,IT,676
ruralnewsgroup.co.nz,NZ,676
pa.media,UK,676
autopilot.ru,RS,676
marriott.com,US,675
letour.fr,FR,675
q985.fm,US,675
gazetterecord.com,US,675
recensioni.tv,IT,675
rdrnews.com,US,674
iberonews.com,US,674
natickreport.com,US,674
historyofyesterday.com,US,674
soxon35th.com,US,673
cheapism.com,US,673
theanarchistlibrary.org,US,673
courierpapers.com,US,673
ilgranchio.it,IT,673
ndinsider.com,US,672
cambridgenetwork.co.uk,UK,672
jordanzad.com,IR,672
businessnews.com.au,AS,672
triplem.com.au,AS,672
notosnet.gr,GR,672
seehua.com,MY,671
lavantposte.ca,CA,671
trybuna.com.pl,PL,671
horizont.net,GM,671
firststateupdate.com,US,671
acdp.org.za,SF,671
gatech.edu,US,670
bocamag.com,US,670
restaurant-hospitality.com,US,670
southernafricalitigationcentre.org,ZA,670
armbanks.am,AM,670
business-wissen.de,GM,670
mycountry991.com,US,670
weekbladzondag.nl,NL,670
therapidian.org,US,669
uh.edu,US,669
7news.com.au,AS,669
patersontimes.com,US,669
wjjo.com,US,669
student.com,SP,669
104star.com,US,668
issafrica.org,NI,668
republictimes.net,US,668
hawaii247.com,US,668
claremont-courier.com,US,668
electronicdesign.com,US,668
nytid.no,NO,668
thestarnews.com,US,668
westernmt.news,US,668
brevanews.it,IT,668
tendancesandco.fr,FR,668
architectural-review.com,FR,668
improntaunika.it,IT,667
1079thefox.com,US,667
crazyfamilyadventure.com,US,667
cathedral.org,US,667
1430wcmy.com,US,667
the-standard.org,US,667
leader-news.com,US,667
energymagazine.com.au,AS,667
athleticradio.gr,GR,666
europeantimes.news,RS,666
titech.ac.jp,JA,666
spiritcatholicradio.com,US,666
chaco.gob.ar,AR,666
autoaction.com.au,AS,665
negracubanateniaqueser.com,CU,665
altavistajournal.com,US,665
pharmaceutical-technology.com,CH,665
amsterdamcentraal.nl,NL,665
fokuskina.se,CH,665
vtomske.ru,RS,665
n1info.rs,RI,665
sport24.ru,RS,664
ukandeu.ac.uk,UK,664
21jingji.com,CH,664
micechat.com,US,663
maximumrocknroll.com,UK,663
celtsarehere.com,UK,663
northamericanreview.org,US,663
nationalgeographic.co.uk,IT,663
fox56news.com,US,662
ocracokeobserver.com,US,662
noaa.gov,US,662
mro.co.jp,JA,661
blackdoctor.org,US,661
infowet.pl,PL,661
haaretzdaily.com,US,661
debretts.com,UK,661
lataco.com,US,661
president.pl,UP,660
allpoetry.com,US,660
lawyer-monthly.com,US,660
siirtajans.com,TU,660
theenergymix.com,CA,660
elle.com.au,AS,659
tarletonsports.com,US,659
respect-mag.com,US,659
fraunhofer.de,GM,659
pittsburghsportsnow.com,US,659
nwf.org,US,658
indypendent.org,US,658
fpmag.net,UP,658
forbessociety.org.au,AS,658
cafecomnoticias.com,BR,658
flannelsorflipflops.com,US,657
informatissimo.net,IT,657
220.lv,LG,657
homeanddecor.com.sg,SN,657
orchardparkbee.com,US,657
legends1027.com,US,657
watertechonline.com,US,656
sinodaily.com,CH,656
usashooting.org,US,656
blueridgemountainstravelguide.com,US,656
hot1017.com,US,656
thehoosiernetwork.com,US,655
securityboulevard.com,US,655
senepeople.com,SG,655
rtdna.org,US,654
russiaun.ru,UP,654
libertyunbound.com,US,654
syriandays.com,SY,654
punemirror.in,IN,654
agalert.com,US,653
elnuevoherald.com,CU,653
cordeledispatch.com,US,653
theleadsm.com,US,653
hnmag.ca,CA,653
digischool.fr,FR,653
newyorkredbulls.com,US,653
canadianbusiness.com,CA,653
vesti.lv,LG,652
bjx.com.cn,CH,652
treta.com.br,BR,652
sbu.edu,US,651
monitordaily.com,US,651
milesplit.com,US,651
atchisonglobenow.com,US,651
bc.edu,US,651
buro247.my,MY,650
siliconprairienews.com,US,650
nibelungen-kurier.de,GM,650
airfrance.com,FR,650
vulcanpost.com,MY,650
facingsouth.org,US,649
africanstudies.org,US,649
qmul.ac.uk,UK,649
oxan.com,RS,649
syria.news,SY,649
liturgy.co.nz,NZ,649
mgdtv.com,TU,649
seibertron.com,JA,648
healthitoutcomes.com,US,648
agrapresse.fr,FR,648
chelseafc.com,UK,648
confartigianato.it,IT,648
imoney.my,MY,647
clublibertaddigital.com,SP,647
keysweekly.com,US,647
purduesports.com,US,647
bandungbergerak.id,ID,647
buchtelite.com,US,647
manchesterpress.com,US,647
pensacolasjet.com,US,647
nemonews.net,US,646
exit.al,AL,646
capetowntoday.co.za,SF,646
newlinesmag.com,AF,646
marsalanews.it,IT,645
mnn.org,US,645
poetryfoundation.org,US,645
toledocitypaper.com,US,645
radiovesti.ru,RS,645
ozfm.com,CA,645
spe.org,US,645
wan-ifra.org,US,645
info-kp.md,MD,645
thebesttoday.shop,US,644
cowboycountrymagazine.com,CA,644
comune.bari.it,IT,644
kdrt.org,US,644
vermont.gov,US,644
charterforcompassion.org,US,644
bolu724.net,TU,644
2foodtrippers.com,PO,643
indianweb2.com,IN,643
valorambiental.com.ar,AR,643
goldendalesentinel.com,US,642
sekitarbandung.id,ID,642
b987.com,US,642
ferris.edu,US,642
exyuaviation.com,HR,642
frelimo.org.mz,MZ,642
nextinpact.com,FR,642
geekculture.co,SN,641
chukei-news.co.jp,JA,641
baothuathienhue.vn,VM,641
cofc.edu,US,641
hmmagazine.com,US,641
njcu.edu,US,640
scworld.com,US,640
highlandsranchherald.net,US,640
thecrimereport.org,US,640
ekusports.com,US,640
lovebelfast.co.uk,UK,639
oceancitytoday.com,US,639
islander.org,US,639
bygdanytt.no,NO,639
derindusunce.org,TU,639
pointhacks.com.au,AS,638
mivzaklive.co.il,IS,638
turkmenportal.com,TX,638
ryortho.com,US,638
fieldfisher.com,UK,638
computertrends.cz,EZ,637
ibef.org,IN,637
newslite.tv,IS,637
skyweb.al,AL,637
pwperspective.com,US,637
therock.fm,CA,636
theticker.org,US,636
thithtoolwin.com,US,636
ckjs.com,CA,636
thenewstn.com,US,636
priv.gc.ca,CA,636
filmneweurope.com,EZ,635
hntv.tv,CH,635
nhjournal.com,US,635
mortgageintroducer.com,UK,635
bntnews.bg,BU,635
ethz.ch,RS,634
s-info.ru,RS,634
planadviser.com,US,634
controcopertina.com,IT,634
mlstargazette.com,US,633
washingtonpolicy.org,US,633
q107radio.com,US,633
nmgazeta.ru,RS,633
dzone.com,ID,633
stocksregister.com,US,633
africaresearchinstitute.org,NI,633
vie-publique.fr,FR,633
cityofwaupaca.org,US,633
laoyaoba.com,CH,632
lhvc.com,US,632
azcir.org,US,632
thestand.org,US,632
celticmusicradio.net,UK,631
thebiafraherald.co,NI,631
biznisvesti.mk,MK,630
european-views.com,RS,630
aboutregional.com.au,AS,630
trameetech.it,IT,630
wicnews.com,GY,629
robertsoncountyconnection.com,US,629
seitv.it,IT,629
dps.k12.oh.us,US,629
kemifilani.ng,NI,628
festivalsherpa.com,UK,628
cambridge.org,UK,628
glukhiv.net,IT,627
granitefallsnews.com,US,627
monroviaschools.net,LI,627
prideofdetroit.com,US,627
mynet.co.il,IS,626
buckmasters.com,US,626
innovationorigins.com,NL,626
luton-dunstable.co.uk,UK,626
wcdqfm.com,US,626
moaa.org,US,625
byas.no,NO,625
crazycampinggirl.com,US,625
saratogatodaynewspaper.com,US,624
unaids.org,UP,624
nat-geo.ru,RS,624
icarda.org,EG,624
insideflyer.com,US,623
si-la.org,US,623
asteriskmag.com,US,623
pcmania.bg,BU,623
housingfinance.com,US,623
garda.ie,EI,622
kliknieuws.nl,NL,622
curlytales.com,IN,622
agcanada.com,CA,622
lapatriaenlinea.com,TH,621
24info.mk,MK,621
americanspa.com,US,621
bentoneveningnews.com,US,621
rubberworld.com,US,621
insideradio.com,US,621
concreteplayground.com,AS,621
unsw.edu.au,AS,621
bday.net,TH,621
marketscale.com,US,620
witnessla.com,US,620
unctad.org,US,620
moderndrummer.com,US,620
skylinesportsmt.com,US,620
wmca.com,US,619
sports.fr,FR,619
ippf.org,IS,619
onfocus.news,US,619
z933.com,US,618
insidetrade.co,CH,618
hhjonline.com,US,618
futbolizados.com,EC,618
bordbia.ie,EI,618
current-news.co.uk,UK,618
brinknews.com,CH,618
oxfordbusinessgroup.com,SA,617
deepika.com,IN,617
theriverbanknews.com,US,617
cato.org,US,617
chinanetz.info,CH,617
abouther.com,SA,616
scledger.net,US,616
cvindependent.com,US,616
ldblog.jp,JA,616
afrobarometer.org,UG,616
subaonet.com,CH,616
thisrareearth.com,QA,616
openlynews.com,US,616
ianvisits.co.uk,UK,616
gp.org,US,616
adn40.mx,MX,616
eupv.org,VE,616
campusinsiders.com,US,615
malevus.com,FR,615
country933.com,US,615
bancobpi.pt,PO,615
irishrugby.ie,EI,614
rebelscum.com,US,614
krunam.com,US,614
nuevaprensa.com.ve,VE,614
payloadasia.com,CH,613
northcentralnews.net,US,613
stack.com,US,613
rspb.org.uk,UK,613
bankofcanada.ca,CA,613
scotland.police.uk,UK,613
laloyolan.com,US,613
apple.com,US,613
royanews.tv,JO,612
dorksideoftheforce.com,US,612
ktcx.com,US,612
innovationnewsnetwork.com,UK,612
roanoke.edu,US,612
indybay.org,US,612
theballissquare.co.uk,BU,612
amazingworld.travel,EZ,612
datanami.com,US,611
latinamericareports.com,BR,611
kansas.gov,US,611
mt.today,CH,611
atr.org,US,611
fulcrum.sg,CH,611
unicef.org,IS,611
zimbabwenow.co.zw,ZI,611
loopnorth.com,US,611
newhavenreview.com,US,610
peruthisweek.com,IT,610
news.co.cr,CS,610
upbeacon.com,US,610
bna.bh,BA,610
newspatrolling.com,IN,610
mariontoday.org,US,609
publicpower.org,US,609
bora.la,IT,609
clnsmedia.com,US,608
liveandletsfly.com,US,608
dailysocial.id,ID,608
fareasternagriculture.com,CH,607
pokertube.com,US,607
ydinlehti.fi,FI,607
repretel.com,US,607
hot981.com,US,607
yieldpro.com,US,607
wcbu.org,US,607
africamonitor.net,MZ,606
brandeis.edu,US,606
selmasun.com,US,606
baps.org,IN,605
associatestimes.com,GY,605
winecompanion.com.au,AS,605
hawamer.com,SA,605
sjsu.edu,US,604
drucker10.net,IS,604
itnation.lu,LU,604
4eb.org.au,AS,604
italicsmag.com,IT,604
metsul.com,BR,604
staffordshire-live.co.uk,UK,604
okotokstoday.ca,CA,604
bazar.nikolaev.ua,RS,603
bastillepost.com,CH,603
yawatani.com,MO,603
cztv.com,CH,603
pastthewire.com,US,603
idea.int,UP,603
wiux.org,US,603
sebastiandaily.com,US,602
elnuevoheraldo.com,US,602
pakwheels.com,PK,602
52perfectdays.com,IC,602
fujisan.co.jp,JA,602
premierchristianradio.com,UK,602
marieclaire.com.au,AS,601
lifesciencesweden.se,SW,601
sierrasun.com,US,601
regio15.nl,NL,601
escalontimes.com,US,601
c-hit.org,US,601
foonds.com,GM,601
nufcblog.com,FR,601
investlithuania.com,LH,601
uapb.edu,US,601
kcjc.com,US,601
cineaction.ca,US,600
ktwb.com,US,600
codastory.com,RS,600
weeklypacket.com,US,600
idgconnect.com,US,600
freedomradionig.com,NI,599
traveltipzone.com,GR,599
mewc.org,NI,598
antiochherald.com,US,598
la.gov,US,598
royal.uk,UK,598
caribbeanlife.com,US,598
slowfood.com,IT,598
lapress.org,IN,597
jewishnews.co.uk,IS,597
wcmessenger.com,US,596
eckvilleecho.com,CA,596
insajderi.com,KV,596
energymonitor.ai,RS,596
countrystandardtime.com,US,596
bestodds.com,US,596
extrainningsoftball.com,US,595
brics-info.org,CH,595
owngoalnigeria.com,NI,595
newsrecord.org,US,595
supplychainbrain.com,US,595
thecentralvirginian.com,US,595
netdoktor.de,GM,595
techlist.pk,PK,595
khabareazad.com,IR,595
profitconfidential.com,US,594
technologytimes.pk,PK,594
thepasonline.com,CA,594
denverpioneers.com,US,594
moneywise.com,US,594
100x100napoli.it,IT,594
clintonfoundation.org,US,593
nice-premium.com,FR,593
lanuovabq.it,IT,593
elladatv.gr,GR,593
cejil.org,PE,593
neatowncourier.com,US,592
tf1.fr,FR,592
nevalleynews.org,US,592
yakutiamedia.ru,RS,592
acr.org,US,592
ucsc.edu,US,592
columbuspost.com,RS,591
rouzegarekhodro.ir,IR,591
f1oversteer.com,AJ,591
godisageek.com,US,591
competenetwork.com,US,591
sxgov.cn,CH,591
csus.edu,US,591
greenmatters.com,US,591
soapboxmedia.com,US,590
theafricangourmet.com,SF,590
petroglobalnews.com,US,590
thecapitolist.com,US,589
moraminn.com,US,589
lakartidningen.se,SW,589
scoopempire.com,EG,589
rosevilletoday.com,US,588
extralunchmoney.com,US,588
ebuzztoday.com,PK,588
macaronikid.com,US,588
libyanexpress.com,LY,588
ocean985.com,CA,587
retailtouchpoints.com,US,587
travelalaska.com,US,587
eda.gov,US,587
vringe.com,UP,587
mypulsenews.com,US,587
thehustle.co,US,587
interpressnews.ge,US,587
me-confidential.com,MO,587
canaleenergia.com,US,587
southfront.org,UP,587
iha.news,PK,586
swns.com,UK,586
thelondoneconomic.com,UK,586
reinsurancene.ws,US,586
github.io,US,586
phl17.com,US,586
northernnatalnews.co.za,SF,586
abcdoabc.com.br,BR,586
ehrintelligence.com,US,585
huaxia.com,CH,585
msuexponent.com,US,585
utilitymagazine.com.au,AS,585
up.edu.ph,RP,585
woman.at,AU,585
cbsaustin.com,US,584
mbn.co.kr,KS,584
wessexscene.co.uk,UK,584
fidh.org,IS,584
crescentavalleyweekly.com,US,584
ndi.org,UP,584
sinaproc.gob.pa,PM,584
hoekschewaard.nl,NL,584
imaifang.com,CH,584
joywallet.com,US,584
clarkecountydemocrat.com,US,583
techraptor.net,JA,583
politie.be,BE,583
orlandoadvocate.com,US,583
animationmagazine.net,US,583
raseef22.net,SY,582
foxfmonline.ca,CA,582
alestlelive.com,US,582
automationworld.com,US,582
capecodchronicle.com,US,582
bmamag.com,AS,582
klbjfm.com,US,582
boundingintocomics.com,US,582
psi.org,AO,581
microcapital.org,US,581
maritimegateway.com,IN,581
val.se,SW,581
fcgsnews.com,CH,581
forsvarsmakten.se,SW,580
takemefishing.org,US,580
theechonews.com,US,580
sef.nu,SW,580
assemblee.pf,FR,580
arc2020.eu,FR,579
primadituttoverona.it,IT,579
jhunewsletter.com,US,579
property-magazine.eu,GM,579
crimsonandcreammachine.com,US,579
bob933.com,US,579
europeansting.com,IS,579
pasenategop.com,US,579
finrussia.ru,RS,578
zetanews.it,IT,578
wmpg.org,US,577
wdayradionow.com,US,577
stowefamilylaw.co.uk,UK,577
drom.ru,RS,577
ulster.ac.uk,UK,577
eastendbeacon.com,US,576
chagoda.ru,RS,576
ohiocitizen.org,US,576
dieselgasoil.com,US,576
khpg.org,UP,576
112rivierenland.nl,NL,576
thepointecoupeebanner.com,US,576
refreshmiami.com,US,576
kajgana.com,MK,575
timesdelphic.com,US,575
wcoomd.org,JA,575
frequenceterre.com,FR,575
h2oradio.org,US,575
supplychainmarket.com,US,575
dartsnews.com,NL,575
abseits.at,AU,575
marketingdive.com,US,575
tharunie.lk,CE,575
expresodelacosta.cl,CI,574
pa.org.za,SF,574
finews.asia,SN,574
buildingsaltlake.com,US,574
ipscuba.net,CU,574
ibinews.com,US,574
virginia.gov,US,574
farmersweekly.co.za,SF,574
awazthevoice.in,IN,573
strilen.no,NO,573
112brabantnieuws.nl,NL,573
midlandtoday.ca,CA,573
1063popfm.com,CH,573
lettera22.it,IT,573
rajdeepsardesai.net,IN,573
severe-weather.eu,US,573
dispatchnewsdesk.com,UP,572
salalm.org,US,572
uio.no,NO,572
agemobile.com,IT,572
jobs.ie,EI,572
sos-childrensvillages.org,UP,571
asiantrader.biz,UK,571
ghtcoalition.org,US,571
medicaldesignandoutsourcing.com,US,571
whur.com,US,571
agrigentoweb.it,IT,571
regione.vda.it,IT,571
hf365.com,CH,571
ringsidenews.com,US,571
worldlearning.org,US,571
solecollector.com,JO,571
artmediaagency.com,FR,571
tvgazeta.com.br,BR,571
19rus.info,RS,571
globeslcc.com,US,570
swarkansasnews.com,US,570
112.ua,UP,570
canardpc.com,FR,570
kgymradio.com,US,569
qvc.com,US,569
pickensprogress.com,US,569
fian.org,BR,569
scribalculture.org,US,569
icgov.org,US,568
lovefm.co.jp,JA,568
ireland.com,EI,568
lekhapora24.com,BG,568
hillsbororeporter.com,US,568
sidetracked.com,SZ,568
geektyrant.com,US,567
wealthprofessional.ca,CA,567
segmentnext.com,US,567
abc45.com,US,567
trac.org.tr,TU,567
bentoncourier.com,US,567
gla.ac.uk,UK,567
plejada.pl,PL,567
unige.ch,SZ,566
thesourceng.com,NI,566
ungeek.ph,RP,566
moorejoy.com,US,566
ukconstructionmedia.co.uk,UK,566
zip06.com,US,565
sanjoseinside.com,US,565
mbcpathway.com,US,565
tweentribune.com,US,565
wdkx.com,US,564
energypress.com.ar,AR,564
rawcharge.com,US,564
benzinsider.com,US,564
ehotelier.com,TH,564
volcanoadventures.com,NH,564
olufamous.com,NI,564
the-village.ru,RS,564
thecropsite.com,US,564
mainlinetoday.com,US,564
skagwaynews.com,US,564
dailycartoonist.com,US,564
threedradio.com,AS,563
mountainfm.ca,CA,563
digitalcosmonaut.com,GM,563
comsoc.org,US,563
bma.org.uk,UK,563
indexventures.com,UK,563
homehealthcarenews.com,US,563
techuk.org,UK,562
expatguideturkey.com,TU,562
cybernews.com,RS,562
phillystylemag.com,US,562
nflanalysis.net,US,562
bcdemocrat.com,US,562
handluggageonly.co.uk,IC,562
constructionweekonline.in,IN,562
miamihurricanes.com,US,561
asiafarming.com,US,561
petaluma360.com,US,561
power92jamz.net,US,561
kymkemp.com,US,561
climatesolutions.org,US,561
centropartija.lt,LH,561
eunavfor.eu,SO,561
thepenn.org,US,561
thedebrief.org,US,561
food-blog.co.za,SF,561
juf.org,IS,561
ncsl.org,US,560
dogsmonthly.co.uk,UK,560
acoup.blog,IT,560
vividsydney.com,AS,560
prospects1500.com,US,560
ofweek.com,CH,560
busandmotorcoachnews.com,US,559
ptproductsonline.com,US,559
arcpoetry.ca,CA,559
injusticewatch.org,US,559
lacittafutura.it,IT,559
goviks.com,US,559
thepostandmail.com,US,559
irishstar.com,US,559
country1071.com,US,559
pittstate.edu,US,558
smartparenting.com.ph,RP,558
bnf.fr,FR,558
ibtimes.co.kr,US,558
elnuevodiario.com.ni,PE,558
statsalt.com,US,558
travellemming.com,US,558
nodepression.org,US,557
clarkcountytoday.com,US,557
cyclismactu.net,FR,557
vladtime.ru,RS,557
specials-news.com,EG,557
wsgr.com,US,557
218tv.net,LY,557
syri.mk,MK,557
sf.gov,US,557
warwickpost.com,US,556
gbpi.org,US,556
ipon.mk,MK,556
uarl.org.ua,UP,556
xboxachievements.com,US,556
valuepenguin.com,US,556
huntervalleynews.net.au,AS,556
ecobnb.it,IT,556
twojepc.pl,US,555
fazwaz.com,TH,555
lapetitenation.com,FR,555
stanleycupofchowder.com,US,555
opi.net,UK,555
visi.co.za,SF,555
musiccanada.com,CA,555
algonaradio.com,US,555
okmzansi.co.za,SF,555
aske.gr,GR,554
country1067.com,US,554
heartlandcollegesports.com,US,554
magyartokepiac.hu,GM,554
pcb.com.pk,PK,554
starmedia.com,MX,553
sleepyeyenews.com,US,553
thewildlifenews.com,US,553
habered.com,ID,553
wovo1063.com,US,553
country935.ca,US,553
mouvements.info,FR,553
contexte.com,FR,553
freedomhouse.org,CH,552
beyondpesticides.org,US,552
flashpoints.net,US,552
channelnews.com.au,AS,552
magbloom.com,US,552
defense-update.com,IS,552
colby.edu,US,552
invisionmag.com,US,552
cctimesdemocrat.com,US,551
eindhovennews.com,NL,551
gulfshorebusiness.com,US,551
larrybrownsports.com,US,551
genevalunch.com,US,551
techtarget.com,US,551
timeout.co.il,IS,551
nwadventists.com,US,550
newkaliningrad.ru,RS,550
coronacomingattractions.com,US,550
famoushookups.com,US,550
ida2at.com,SY,550
europe-echecs.com,FR,550
cuatower.com,US,550
wpkn.org,US,550
williamsonsource.com,US,550
country600.com,US,549
country1073.ca,US,549
boston.gov,US,549
eomail1.com,US,549
arzuw.news,TX,549
ikhwansyria.com,SY,549
vechirniy.kyiv.ua,UP,549
infocollepasso.it,IT,549
internationalrivers.org,BR,549
unl.edu,US,548
thenewinquiry.com,US,548
mobilecommercepress.com,US,548
artuk.org,UK,548
thecut.com,US,548
theameryfreepress.com,US,548
coolcleveland.com,US,548
worldjournal.com,CH,547
artandantiquesmag.com,US,547
techpoint.africa,NI,547
craigmedred.news,US,547
davidson.edu,US,547
liverpool.com,SP,546
estormwater.com,US,546
ambrosiaforheads.com,US,546
saintpetersblog.com,US,546
herzindagi.com,IN,546
gameinformer.com,JA,546
playtech.ro,RS,546
theparliamentmagazine.eu,RS,546
iri.org,UP,545
scienceagri.com,US,545
tnstateparks.com,US,545
360stepeni.mk,MK,545
igoogledisrael.com,IS,545
kiowacountysignal.com,US,544
orientalnewsng.com,NI,544
haber.aero,TU,544
timesnewsgroup.com.au,AS,544
country1011.com,US,543
capital.com,GM,543
art-news.it,IT,543
timeoutabudhabi.com,AE,543
minorityrights.org,UP,543
derstandard.de,AU,542
rsg.co.za,SF,542
donnad.it,IT,542
theresident.co.uk,UK,541
dcmilitary.com,US,541
agrigentooggi.it,IT,541
byucougars.com,US,541
bdcmagazine.com,UK,541
heirsholdings.com,NI,541
destinedglobetrotter.com,US,541
iconvsicon.com,US,541
hothothoops.com,US,540
coalvalleynews.com,US,540
cheshire-today.co.uk,UK,540
indstate.edu,US,540
country1043.com,US,540
yakinepress.com,MO,540
irishlegal.com,EI,539
techdigest.tv,UK,539
blockonomi.com,US,539
mercyships.org,SL,539
mysteryscenemag.com,US,539
aerosociety.com,UK,539
greenepublishing.com,US,539
thesector.com.au,AS,539
yoki.ru,RS,539
lanthorn.com,US,538
newsring.ro,RO,538
thebrag.com,AS,538
thecairoreview.com,IR,538
urhobotoday.com,NI,538
cit-world.com,UK,538
esecurityplanet.com,US,538
trapaniok.it,IT,538
ibm.com,US,537
e-noticies.es,SP,537
scd.cl,CI,536
mysmartprice.com,IN,536
itvbd.com,BG,536
360dx.com,US,536
demokrathaber.org,TU,536
paxeditions.com,CA,536
defense-arabic.com,IR,535
icrcnewsroom.org,SO,535
inta.org,US,535
eand.co,US,535
texasattorneygeneral.gov,US,535
skooknews.com,US,535
apec.org,TH,535
valleyheritageradio.ca,CA,535
zevillage.net,FR,535
terrapinstationmd.com,US,535
mywlri.com,US,535
battlegroundblog.com,US,535
tecnalia.com,SP,534
economy.rs,RB,534
globalarabnetwork.com,IS,534
techzine.eu,NL,534
jamesbeard.org,US,534
yoursun.com,US,534
left.eu,IS,534
cstoredecisions.com,US,533
alpenhornnews.com,US,533
thequincysun.com,US,533
newrichlandstar.com,US,533
pattayatoday.net,TH,533
worldpolicyhub.com,ET,532
acrl.org,US,532
buffalo.com,US,532
purpleport.com,UK,532
faktor.mk,MK,532
eagleeyeauburn.com,US,532
hmsalgeria.net,IS,532
stcroixsource.com,US,532
romper.com,US,532
petrolplaza.com,US,532
galescreekjournal.com,US,532
coachmag.co.uk,UK,532
insidenu.com,US,532
sadyogrody.pl,PL,531
thecrimsonwhite.com,US,531
dailyexplorer.net,CH,531
gamingnexus.com,US,531
defence-blog.com,RS,531
stmdailynews.com,US,531
archello.com,GM,530
365bristol.com,UK,530
mod.go.jp,TH,530
latteluxurynews.com,AS,530
prio.org,RS,530
bollywooddhamaka.in,IN,529
martincid.com,US,529
internationalinvestment.net,UK,529
survivalinternational.org,BR,529
cpajournal.com,US,529
knowridge.com,US,529
shorttrackscene.com,US,529
kaluga.ru,RS,529
dralfoldman.com,UK,528
mountainfm.com,US,528
marineinsight.com,CH,528
bild.mk,KV,528
rps.org,UK,528
lakepowellchronicle.com,US,528
centraloregondaily.com,US,528
twinfm.com,UK,528
state.wi.us,US,528
osiwa.org,NI,527
thebluetestament.com,US,527
gostanford.com,US,526
fandomwire.com,US,526
yourlifechoices.com.au,AS,526
siciliatoday.net,FR,526
tlife.gr,GR,526
itbrief.news,US,526
pridemagazine.com,UK,526
vegetariantimes.com,US,526
service-public.fr,FR,526
wvsportsnow.com,US,526
pocahontastimes.com,US,526
triathlon.org,FR,525
northeastnow.com,CA,525
blondeandbalanced.com,US,525
droid-life.com,US,525
notus.org,US,525
it.mk,MK,525
sakhalinmedia.ru,RS,524
vsrf.ru,RS,524
futureuae.com,IR,524
leftlanenews.com,US,524
flsenate.gov,US,524
3dprintingmedia.network,US,524
ouifm.fr,FR,524
am1460wixn.com,US,524
jeanmarcmorandini.com,FR,524
greatandhra.com,IN,524
actuhightech.com,FR,524
worldjewishcongress.org,IS,523
portstanleynews.com,US,523
les-centristes.fr,FR,523
osakemirai.com,JA,522
hungarianfreepress.com,HU,522
arlingtonva.us,US,522
countrynow.com,US,522
partidulverde.ro,RO,522
eslbase.com,CH,521
denikn.cz,RS,521
laprensatexas.com,US,521
knowyourmeme.com,US,521
thedeal.com,US,521
technology.org,US,520
abc.com,US,520
shoshonenewspress.com,US,520
investigativepost.org,US,520
eurovision.tv,UK,520
hfchronicle.com,US,520
paigemindsthegap.com,US,520
bigthink.com,US,520
pentictonwesternnews.com,CA,520
tulanehullabaloo.com,US,520
fullnoise.com.au,AS,519
mybigfatcubanfamily.com,CU,519
msf.gr,IS,519
tiranaexaminer.com,AL,519
television.com.py,PA,519
1031theriver.com,US,519
history-computer.com,US,519
akhbarana.com,US,519
verfassungsblog.de,GM,519
kbear.fm,US,518
borsarti.com,CH,518
ntv.co.jp,JA,518
catalannews.com,SP,518
usma.edu,RS,518
mcindependentnews.com,US,518
dialogueacrossborders.com,EG,517
kaiedabanri.jp,JA,517
buckeyextra.com,US,517
albertaoilmagazine.com,CA,517
herosports.com,US,517
bongda24.vn,VM,517
newsofthearea.com.au,AS,517
thefilmstage.com,US,516
propertyobserver.com.au,AS,516
apc.org,BR,516
gadoo.com.br,BR,516
vervemagazine.in,IN,516
cittadiverona.it,IT,516
brethren.org,US,516
tct.tv,US,515
intomore.com,US,515
kychamberbottomline.com,US,515
dirtfish.com,FI,515
theriverboston.com,US,515
backroadramblers.com,US,515
realclearpublicaffairs.com,US,515
swarthmorephoenix.com,US,515
eticanews.it,IT,514
darelhilal.com,IR,514
sussexcountian.com,US,514
drugwarrant.com,US,514
greenmarketreport.com,US,514
bitsaboutmoney.com,US,514
rbnz.govt.nz,NZ,514
studyfinds.com,US,514
silverkris.com,SN,514
dol.gov,US,513
securitysystemsnews.com,US,513
cne.gov.ve,VE,513
simplywall.st,US,513
eschoolnews.com,US,513
astronomynow.com,UK,513
1013online.com,US,513
taaf.fr,FR,512
nebelspalter.ch,SZ,512
marlinmag.com,US,512
burkesbackyard.com.au,AS,512
recordstar.com,US,512
buckeyeinstitute.org,US,512
bcsnn.com,US,512
rockportpilot.com,US,512
aitnews.com,RS,512
pesmedia.com,UK,512
hospitalnews.com,CA,512
autonet.hr,HR,511
cryptonomist.ch,IT,511
latinotimes.org,US,511
eurofotbal.cz,EZ,511
andro4all.com,CH,511
amalfinotizie.it,IT,511
waltontribune.com,US,511
miningfeeds.com,BR,511
viconsortium.com,US,511
srgssr.ch,SZ,511
codesports.com.au,AS,511
mybelize.net,BH,510
dkoding.in,IN,510
pubaffairsbruxelles.eu,UP,510
fiaformulae.com,JA,510
cognitomedia.com,US,510
resourcemedia.eco,UK,510
sharecafe.com.au,AS,510
montenews.com,US,510
mignews.com.,IS,510
defenddemocracy.press,IS,510
businessnz.org.nz,NZ,509
newlinesinstitute.org,RS,509
theperrynews.com,US,509
bfra.bg,BU,509
thegraftonnews.com,US,508
nationallightngr.com,NI,508
theexonian.net,US,508
aliwaa.com,ID,507
placesjournal.org,US,507
lacombeonline.com,CA,507
925theranch.com,US,507
rock929rocks.com,US,507
smithmountainlake.com,US,507
operationhope.org,US,507
plannedparenthoodaction.org,US,507
nsf.gov,US,507
tyzden.sk,UP,506
yibada.com,US,506
vestaviavoice.com,US,506
autodeal.com.ph,RP,506
israelidiamond.co.il,IS,506
mmnews.tv,PK,506
quillette.com,US,506
rowan.edu,US,506
amnesty.org.uk,UK,506
alta-fedelta.info,IT,506
umontreal.ca,CA,506
kqennewsradio.com,US,505
eghtesadonline.com,IR,505
investigativereportingworkshop.org,US,505
smokingmusket.com,US,505
infomorning.com,CH,504
logupdateafrica.com,KE,504
episcopal.org.py,PA,504
pu.nl,US,504
enidbuzz.com,US,504
oilnow.gy,US,504
fwtx.com,US,504
agriculture.gov.au,AS,504
gallaudet.edu,US,503
psychologicalscience.org,US,503
stamfordplus.com,US,503
businessmanagementdaily.com,US,503
fau.edu,US,503
greenpeace.de,GM,502
news-banner.com,US,502
wadsam.com,AF,502
alliednews.com,US,502
bisnistime.com,ID,502
nuclearstreet.com,US,502
livenewsmalta.com,MT,501
waseda.jp,JA,501
looppng.com,PP,501
labcanada.com,CA,501
stopwar.org.uk,UP,501
policeprofessional.com,UK,501
gopack.com,US,501
khbrbgd.com,EG,501
theq.fm,CA,501
wrwh.com,US,501
northernontariobusiness.com,CA,501
obu.edu,US,501
sourcingjournal.com,US,501
ejiltalk.org,RS,501
duqsm.com,US,500
q1075.com,US,500
vrk.lt,LH,500
thehudsonindependent.com,US,500
filistinashabab.com,IS,500
hawaiiarmyweekly.com,US,500
smg.cn,CH,500
thehrdigest.com,US,500
americanactionforum.org,US,500
mufc.co.il,US,499
primacremona.it,IT,499
filmsforaction.org,IS,499
networkrailmediacentre.co.uk,UK,499
richmondspiders.com,US,499
almalnews.com,EG,499
inshorts.com,PK,499
emoryhenry.edu,US,499
genomeweb.com,US,499
misa.org,ZI,499
qub.ac.uk,UK,498
infoworld.com,US,498
hellowoodlands.com,US,498
surfky.com,US,498
careers360.com,IN,498
persianweekly.co.uk,IR,498
myjournals.org,CH,498
networkcomputing.com,US,497
ppcatalunya.com,SP,497
brightlightsfilm.com,US,497
dreamsinheels.com,MX,497
glory985.com,US,497
tibetanreview.net,CH,497
charltoncountyherald.com,US,497
earmilk.com,US,497
asianscientist.com,SN,497
humanesociety.org,US,497
rochester.edu,US,497
comunicati.net,US,496
presenceafricaine.com,FR,496
realmadridnews.com,SP,496
3downnation.com,CA,496
elliotlaketoday.com,CA,495
concordia.ca,CA,495
setomaa.ee,EN,495
newspuglia.it,IT,494
enduro21.com,US,494
sowegalive.com,US,494
downbeach.com,US,494
nhl.cz,US,494
techtunes.com.bd,BG,494
dehuisaanhuis.nl,NL,494
lionsports.net,US,494
blackwelljournaltribune.net,US,494
metrosport.gr,GR,494
pokerupdate.com,US,494
klbcfm.com,US,494
nwmissourinews.com,US,494
psypost.org,US,493
thenewiraq.com,IZ,493
metalportal.com.ua,UP,493
bykennethkeith.com,US,493
laureloutlook.com,US,493
goldsborodailynews.com,US,493
korben.info,FR,493
mendotareporter.com,US,493
failteireland.ie,EI,493
greatlakesvoice.com,RW,493
euneighbourseast.eu,UP,492
cntravellerme.com,SA,492
burgaslargo.com,BU,492
franchising.com,US,492
smartwatermagazine.com,US,492
gpkmedia.com,US,492
washingtontechnology.com,US,492
sportsmole.co.uk,UK,491
revolt.tv,US,491
morganstanley.com,UK,491
ethiopianreporter.com,ET,491
denverfan.com,US,491
spainbuddy.com,SP,491
zerohanger.com,AS,491
me-journal.ru,RS,491
nahl.com,US,491
confirmgood.com,SN,491
conservative.ca,CA,491
cannonbeachgazette.com,US,491
fishingmag.co.nz,NZ,491
theeaglefm.com,US,491
ogletree.com,US,491
duquoin.com,US,491
automotivelogistics.media,RS,490
patientengagementhit.com,US,490
impakter.com,US,490
wordfm.com,US,490
investimentimagazine.it,IT,490
friars.com,US,490
stopklatka.pl,PL,490
fark.ru,RS,490
pollstar.com,US,490
cheeseheadtv.com,US,490
equusmagazine.com,US,490
ilovethepromise.com,US,489
eyeonsunvalley.com,US,489
pineknotnews.com,US,489
dawuhanapp.com,CH,489
csakfoci.hu,HU,489
dalzellproperty.com,UK,489
katytimes.com,US,489
houseandhome.ie,EI,489
lajmetari.press,MK,488
flickr.net,US,488
oceania.id,ID,488
longislandweekly.com,US,488
poprosa.com,SP,488
delegfrance.org,FR,487
odessa.gov.ua,UP,487
joseilbo.com,KS,487
worshipleader.com,US,487
myanmarroom.com,SN,487
zdr.ru,RS,487
chess24.com,RS,487
counterfire.org,UK,487
welcometoloudcity.com,US,487
pabsec.org,TU,487
jewishboston.com,IS,486
ricochet.media,CA,486
mindmatters.ai,CH,486
kdll.org,US,486
wranglernetwork.com,US,486
eco-nomicas.com.ar,AR,486
umfm.com,CA,486
caghaber.com,ID,486
pacificattorneygroup.com,US,486
minjust.gov.by,BO,486
225batonrouge.com,US,485
nerdbot.com,US,485
borgenmagazine.com,US,485
greystar.co.nz,NZ,485
sardegnadies.it,IT,485
paulraymond.xxx,UK,485
finlandtimes.fi,FI,485
naturalhistorymag.com,US,485
mined.gob.sv,ES,485
gCaptain.com,US,484
gcs.gov.mo,MC,484
travel4news.at,AU,484
thefallonpost.org,US,484
houston-today.com,CA,484
militarnyi.com,RS,484
bhekisisa.org,SF,484
pepperdine-graphic.com,US,483
labrujulaverde.com,GR,483
wgem.com,US,483
timetravelturtle.com,EG,483
framinghamsource.com,US,483
prmac.com,SN,482
mbachina.com,CH,482
sjvsun.com,US,482
kbbz.com,US,482
mil.in.ua,UP,482
jocogov.org,US,482
adventist.news,US,482
opinion.mk,MK,482
afghanembassy.in,AF,481
alialawadhi.com,KU,481
circuitcellar.com,US,481
ecss.com.eg,IR,481
thedailyaztec.com,US,481
jacksboronewspapers.com,US,481
moneyfactscompare.co.uk,UK,480
rockitfm.com,AS,480
psnfutbol.com,PL,480
bobandsheri.com,US,479
bbfc.co.uk,UK,479
snowgoer.com,US,479
capacitymedia.com,US,479
trkterra.ru,RS,479
education.gouv.fr,FR,479
forkast.news,KS,479
pce.es,SP,478
minent-vegoryone.com,US,478
derbi.mk,MK,478
tvroscosmos.ru,RS,478
949kcmo.com,US,478
wideopencountry.com,US,478
taihainet.com,TW,478
aldialogo.mx,MX,478
tech-critter.com,MY,478
watcher.com.ua,UP,478
thepeoplesvoice.org,IS,478
techent.tv,MY,478
cataratashoy.com.ar,AR,478
theunionjournal.com,US,477
weeklyworldnews.com,US,477
doniphanherald.com,US,477
british-dragonflies.org.uk,UK,477
coloradosprings.gov,US,477
ulusalkanal.com.tr,TU,477
k12dive.com,US,477
sandhillsexpress.com,US,477
publicbooks.org,US,477
atv.at,AU,477
jiaodong.net,CH,477
mwr.gov.cn,CH,476
voetbalkrant.com,BE,476
insightintodiversity.com,US,476
punditarena.com,EI,476
jambiekspresnews.com,CH,476
basketballinsiders.com,US,476
sportreport.biz,AU,476
lakewoodobserver.com,US,476
avellinotoday.it,IT,476
newageislam.com,PK,476
chinawuliu.com.cn,CH,476
martinezgazette.com,US,475
theothercheek.com.au,AS,475
asdnews.com,US,475
esse.ca,CA,475
policyforum.net,AS,475
enriquedans.com,US,475
nunatsiaq.com,CA,475
redflag.org.au,AS,475
tvasports.ca,CA,474
tworowtimes.com,CA,474
matchtv.ru,RS,474
gostivarisot.mk,MK,474
greenbuildingafrica.co.za,SF,474
gagadget.com,UP,474
savethechildren.it,IT,474
asiatraveltips.com,TH,474
jacksonlewis.com,US,474
policygenius.com,US,474
gulfbase.com,KU,474
canadianautoworld.ca,CA,474
bctechnology.com,CA,473
guangmingdaily.cn,CH,473
prismmagazine.ca,CA,473
lajuntatribunedemocrat.com,US,473
energycapitalpower.com,AO,473
northwrightcounty.today,US,473
lbbusinessjournal.com,US,473
popcornnews.ru,RS,473
westviewnews.org,US,473
ocgnews.com,US,473
cardinalnewmansociety.org,US,473
spacemoney.com.br,BR,472
worldofwarships.com,UK,472
connecticutmag.com,US,472
roanokerambler.com,US,472
gutzy.asia,IS,472
24fudbal.mk,SP,472
stuff.co.za,SF,472
tech12.co.il,IS,472
lainvasora.fm,US,472
britishartjournal.co.uk,UK,472
elba-clipper.com,US,471
techbooky.com,NI,471
sci-news.com,US,471
rigaslaiks.lv,LG,471
dequeenbee.com,US,471
whitecapsfc.com,CA,470
wi.gov,US,470
kbhr933.com,US,470
olympics.com,IT,470
tecnologia21.com,PE,470
sureklihaber.com,US,470
x929.ca,CA,470
guimaraesdigital.com,PO,470
pc.gc.ca,CA,470
westlifenews.com,US,470
shazoo.ru,RS,469
sercano.com,US,469
ashleynewsobserver.com,US,469
gtrnews.com,US,469
ipiros.gr,GR,469
wsuraiders.com,US,469
king-mag.com,US,469
eulenspiegel-zeitschrift.de,GM,468
vtcynic.com,US,468
finglobal.com,SF,468
brunswickcountync.gov,US,468
forum18.org,KZ,468
ada.org,US,468
public.fr,FR,468
nytco.com,US,467
kendte.dk,DA,467
wildtomato.co.nz,NZ,467
lineups.com,US,467
sjnewsonline.com,US,466
motsil.com,EG,466
aswaqpress.com,MY,466
theprincegeorgejournal.com,US,466
d-cuba.com,CU,466
humbernews.ca,CA,466
blasfemias.net,PO,466
hotelmanagement.com.au,AS,466
ornl.gov,US,465
moodycountyenterprise.com,US,465
vesselfinder.com,CH,465
entertainmentdaily.co.uk,UK,465
goodreturns.co.nz,NZ,465
stateportpilot.com,US,465
emirateswoman.com,AE,465
eurozine.com,UP,465
newznew.com,IN,465
thaiexaminer.com,TH,465
qhitmusic.com,US,464
guestlist.net,UK,464
metmuseum.org,US,464
tac.org.za,SF,464
vecernjenovosti.ba,RB,464
mil.gr,GR,464
fdr.com.br,BR,463
abortretry.fail,US,463
list.co.uk,UK,463
usbets.com,US,463
aberdeenlive.news,UK,463
theanalyst.com,BR,462
sen.gov.py,PA,462
enciclomedios.com,AR,462
hubbis.com,SN,462
ptonline.com,US,462
press-herald.com,US,462
crimea24.info,UP,462
hgtv.com,US,462
thomsonreuters.com,US,461
baytoday.ca,CA,461
anandtech.com,US,461
sysselmesteren.no,SV,461
fiercewireless.com,US,461
air1.com,IS,461
baoyenbai.com.vn,VM,461
armchairgeneral.com,US,461
telenicosia.it,IT,461
topclassactions.com,US,460
gazetajon.com,AL,460
mobile-review.com,RS,460
goauto.com.au,AS,460
deguate.com,GT,460
world-nuclear.org,UP,460
albaghdadia.com,IZ,460
ilcineocchio.it,IT,460
wswv.net,US,460
mtv.com,US,460
palmbeachillustrated.com,US,460
staplerconfessions.com,US,460
gk24.pl,PL,460
consumerismo.it,IT,460
theunionstar.com,US,460
sangiovannirotondonet.it,IT,460
wrapanigeria.org,NI,460
montana.edu,US,460
ilmattinodifoggia.it,IT,459
ilcattolico.it,IT,459
archaeologists.net,UK,459
prescott.edu,US,459
bebesymas.com,SP,459
nmgcb.com.cn,CH,459
weta.org,US,459
coastalview.com,US,459
espress.ro,IR,459
chartsattack.com,US,459
1021nashicon.com,ID,459
bulgaria-news.bg,BU,459
cpj.org,US,459
portland-communications.com,UK,459
yrkesbil.no,NO,458
paddlinglife.com,US,458
universomamma.it,IT,458
cdrecycler.com,US,458
baltasam.org,UP,458
camdencc.edu,US,458
psychcentral.com,US,457
engineeryourfinances.com,US,457
utah.gov,US,457
scootering.com,UK,457
laciviltacattolica.com,RS,457
marebpress.net,YM,457
worldbulletin.net,TU,457
quantamagazine.org,US,457
rockrivertimes.com,US,457
sandiego.edu,US,457
pharmac.govt.nz,NZ,457
southernnevadahealthdistrict.org,US,457
dailycomm.ru,RS,457
greenhousegrower.com,US,456
terra.com.co,CO,456
ad-hoc-news.de,GM,456
zambiaembassy.org,ZA,456
esu.edu,US,456
thetitlereport.com,US,456
readersdigest.co.uk,IT,456
kiis1011.com.au,AS,456
nationalcouncil.bt,BT,456
zurnal.mk,MK,456
fgazette.com,US,456
thelaseronline.com,US,456
radiorfa.com,CA,455
hi-fi-forum.net,GM,455
thesharpdaily.com,KE,455
mix247edm.com,US,455
huawei.com.cn,CH,455
belgium.be,BE,455
kissfm1053.com,US,455
kfin.com,US,455
afrik21.africa,CM,454
lesafriques.com,NI,454
cnhinews.com,US,454
in-en.com,CH,454
u93.com,US,454
circuitsassembly.com,US,454
upolitics.com,US,454
dap-news.com,CH,454
mountunion.edu,US,454
cougcenter.com,US,454
backstreetheroes.com,UK,454
q92online.com,BR,454
labalenabianca.com,IT,453
kbull93.com,US,453
iowastartingline.com,US,453
magic1069.com,US,453
hypar.ru,RS,453
manhattan-institute.org,US,453
rockwallheraldbanner.com,US,453
myhome.ie,EI,453
cosmeticsbusiness.com,UK,453
stateaffairs.com,US,453
streamingmediaglobal.com,UK,453
floornature.com,IT,453
witn22.org,US,453
bravo.de,GM,452
perotorino.it,IT,452
radiocircuitosanjuan.com,GT,452
oceannews.com,US,452
pandafishbomb.com,US,452
stonybrookathletics.com,US,452
garnetandcocky.com,US,452
commonwealthfund.org,US,452
travelradar.aero,UK,451
afp.gov.au,AS,451
ajws.org,KE,451
nwatan.ps,IS,451
plantcityobserver.com,US,451
lakerlutznews.com,US,451
hmenews.com,US,450
ohiosos.gov,US,450
formez.it,IT,450
cotesdarmor.fr,FR,450
easternprogress.com,US,450
pets-howto.com,US,450
asiatoday.com,CH,450
portlandpilots.com,US,450
odu.edu,US,450
davidmcwilliams.ie,EI,449
salyersvilleindependent.com,US,449
stvincenttimes.com,GY,449
stonybrook.edu,US,449
tisrilanka.org,CE,449
techshout.com,JA,449
woccu.org,UP,449
dwars.be,BE,449
houstontx.gov,US,449
meridiansource.ca,CA,449
casanapoli.net,IT,449
waamradio.com,US,448
napidroid.hu,CH,448
lecommercedulevant.com,LE,448
wanderlustchloe.com,VM,448
thebiafratimes.co,NI,448
eltelevisero.com,SP,448
cba.am,AM,448
acbio.org.za,SF,448
pasionmovil.com,MX,448
elonnewsnetwork.com,US,447
yonkerstimes.com,US,447
islandcrisis.net,ID,447
rcnky.com,US,447
themarkup.org,US,447
baohoabinh.com.vn,VM,447
baodanang.vn,VM,447
theyoungfolks.com,US,447
teamspeedkills.com,US,447
washingtonlife.com,US,447
laprensatoledo.com,US,446
timesvirginian.com,US,446
girlsnotbrides.org,IN,446
wgtatv.com,US,446
labiotech.eu,US,446
venetoeconomia.it,IT,446
nwciowa.edu,US,446
raso.ru,RS,445
revolutionradio.org,FR,445
robertamsterdam.com,RS,445
time-weekly.com,CH,445
bylinetimes.com,RS,445
napnap.org,US,445
tavhavalimanlari.com.tr,TU,445
ilsitodifirenze.it,IT,445
heartoftherockiesradio.com,US,445
lqj.ch,SZ,444
arabwall.com,IR,444
therocketjackson.com,US,444
travel.com.tw,JA,444
buffed.de,GM,444
emergingtextiles.com,CH,444
siciliainformazioni.com,IT,444
keenestar.net,KS,444
michezoafrika.com,KE,444
spirit1053.com,US,443
rnd.de,GM,443
hotelierindia.com,IN,443
dnb.nl,NL,443
outsidermedia.cz,RS,443
catholicherald.com,US,443
msmagazine.com,US,443
wvpe.org,US,442
dealerscope.com,US,442
baseballamerica.com,US,442
hbcugameday.com,US,442
cortland.edu,US,442
chetekalert.com,US,442
castinepatriot.com,US,442
westsideconnect.com,US,442
azoquantum.com,US,442
filmthreat.com,US,442
easttennessean.com,US,442
puck.news,RS,442
powned.tv,NL,442
dpreview.com,US,442
travelness.com,UK,442
wbj.pl,PL,442
kenoraminerandnews.com,CA,441
lanationdj.com,CH,441
fena.ba,BK,441
rtlboulevard.nl,NL,441
z953.ca,CA,441
contextodedurango.com.mx,MX,441
publichealthwatch.org,US,441
telecomtalk.info,IN,441
fcbinside.de,GM,441
thesungazette.com,US,441
peopledaily.digital,KE,440
gearpatrol.com,US,440
loadthegame.com,JA,440
5min.at,AU,440
hagerty.com,US,440
prcleader.org,CH,440
randomlengthsnews.com,US,440
arenascore.net,ID,440
bdaily.co.uk,UK,440
tallasseetribune.com,US,440
harpersbazaar.my,MY,440
ilkleygazette.co.uk,UK,439
bs-garden.com,JA,439
mosselbayadvertiser.com,SF,439
dominica.gov.dm,DO,439
dowjones.com,US,439
360hausa.com.ng,NI,439
newsroompost.com,IN,438
blueridgemuse.com,US,438
web-agri.fr,FR,438
thebridge.jp,JA,438
lirneasia.net,CE,438
verivox.de,GM,438
the4thofficial.net,SP,438
goodfruit.com,US,438
home.cern,SZ,438
milanmirrorexchange.com,US,437
alternativeradio.org,IS,437
malt-review.com,US,437
brusselssignal.eu,RS,437
cfo.com,US,437
rutherfordsource.com,US,437
penize.cz,EZ,437
denhaagfm.nl,NL,437
opsu.edu,US,437
fan-insider.com,US,437
pokerfuse.com,US,437
atenasdigital.com,GR,436
mfa.gov.mk,MK,436
mofa.gov.sa,SA,436
kwhi.com,US,435
gsma.com,SP,435
ndquarterly.org,US,435
travel-news.co.uk,UK,435
bocopreps.com,US,435
secsports.com,US,435
denizhaber.net,TU,435
cxotoday.com,IN,435
midiblogs.com,FR,435
urbancny.com,US,435
plantservices.com,US,435
ichkeria.info,RS,435
dmarge.com,AS,434
wkok.com,US,434
nccommerce.com,US,434
asialiteraryreview.com,CH,434
farmradio.org,GH,434
brewtonstandard.com,US,434
ukri.org,UK,434
ourgrinnell.com,US,434
congressionaldigest.com,US,434
unam.mx,MX,434
afterellen.com,US,433
thecanary.co,UK,433
radiodiaries.org,US,433
m1029.com,FR,433
sportklub.rs,RI,433
natlib.govt.nz,NZ,433
postlatino.com,US,433
statter911.com,US,432
mauimagazine.net,US,432
texasinsider.org,US,432
msmary.edu,US,432
meanwhileinireland.com,EI,432
pakhams.com,PK,432
dimecuba.com,CU,432
licpost.com,US,432
wired.co.uk,US,432
yehey.com,RP,432
benztown.com,US,432
violinist.com,US,432
vineyardgazette.com,US,431
creativenonfiction.org,US,431
bladenjournal.com,US,431
aframnews.com,US,431
linknky.com,US,431
radioalfa.fm,IT,431
clovisroundup.com,US,431
adapokrites.gr,GR,431
off.net.mk,MK,431
butenunbinnen.de,GM,431
aransaspassprogress.com,US,431
msureporter.com,US,431
idahofallsmagazine.com,US,431
fox44news.com,US,431
personalliberty.com,US,431
lagazzettamessinese.it,IT,430
worldradio.ch,SZ,430
ntv.ca,CA,429
afkaralkhalij.net,SA,429
paddleyourownkanoo.com,US,429
kindness.sg,SN,429
aish.com,IS,429
redusers.com,US,429
cityspidey.com,IN,429
ictworks.org,US,429
encinitasadvocate.com,US,429
dillontribune.com,US,429
whatnowatlanta.com,US,429
goodbyejapan.net,UK,428
forargyll.com,UK,428
realclearhistory.com,US,428
theacc.com,US,428
windspeaker.com,CA,428
ig.com,AS,428
elperuano.pe,PE,428
meetingsnet.com,US,428
kbcs.fm,US,427
eji.org,US,427
ballerstatus.com,US,427
ourvalleyvoice.com,US,427
bitcoinira.com,US,427
presidencia.gob.sv,ES,427
papercitymag.com,US,426
camaspostrecord.com,US,426
hilinetoday.com,US,426
gs24.pl,PL,426
ellontimes.co.uk,UK,426
xn--80aeib1aqelkh.xn--p1ai,RS,426
educationnext.org,US,426
debug.hr,HR,426
unwomen.org,AF,426
mercyone.org,US,425
hillcollege.edu,US,425
well.pl,PL,425
diablomag.com,US,425
borderbelt.org,US,425
basketballnetwork.net,US,425
evangelinetoday.com,US,425
nodawaynews.com,US,425
thejenatimes.net,US,425
eszmelet.hu,HU,424
glassofbubbly.com,IT,424
artpress.com,FR,424
ouj.ac.jp,JA,424
thestatszone.com,UK,424
sassymamasg.com,SN,424
polgeonow.com,MZ,424
bvichannel1.com,NI,424
aip.org.za,SF,424
ourculturemag.com,US,424
chchronicle.com.au,AS,424
campaign-archive.com,US,424
whitehallledger.com,US,423
harlemworldmagazine.com,US,423
kvoi.com,US,423
ilo.org,SZ,423
zman.co.il,IS,423
retecool.com,NL,423
tag24.de,UK,423
gardenandhome.co.za,SF,423
hbjjrb.com,CH,423
dronelife.com,US,423
elbil24.no,NO,422
jordannews.jo,JO,422
clevelandcountyherald.com,US,422
znaj.ua,UP,422
979homeradio.com,US,422
thesocialpost.it,IT,422
publicaddress.net,NZ,422
luxurylondon.co.uk,UK,422
tgcom24.it,IT,422
cvfarmerandminer.com,US,421
blog.hu,HU,421
thesocalsound.org,US,421
1017theone.ca,US,421
playnj.com,US,421
markmillersubarumidtown.com,US,421
cornwallnewswatch.com,CA,421
standuppaddlemag.co.uk,UK,421
zigwheels.my,MY,421
starbucks.com,US,421
daystar.com,IS,421
tufts.edu,US,420
kswheat.com,US,420
mcmaster.ca,CA,420
jiangxi.gov.cn,CH,420
townsquarenoco.com,US,420
miamioh.edu,US,420
cubanosporelmundo.com,CU,420
radioactu.com,FR,420
discoverhumboldt.com,CA,420
ichongqing.info,CH,419
jtbc.co.kr,KS,419
dombulgakova.ru,RS,419
seneplus.com,SG,419
wettbasis.com,GM,419
khabarerooz.com,IR,419
aeon.co,US,418
africacheck.org,KE,418
wowtv.co.kr,US,418
evtoday.com,US,418
izf.net,FR,418
mymoneychronicles.com,US,418
gobblercountry.com,US,418
rosregistr.ru,RS,417
revistahsm.com,SP,417
thechronicle.com,US,417
toptechnews.com,US,417
theclassicalstation.org,US,417
achi.net,US,417
startupsmart.com.au,AS,416
dansvilleonline.com,US,416
kiss.com.tw,US,416
arcadesushi.com,US,415
foreignpolicywatchdog.com,IS,415
intelligentcio.com,SA,415
fabworldtoday.com,US,415
stauntonstartimes.com,US,415
automaton-media.com,JA,414
affarinternazionali.it,CH,414
publicnoticeillinois.com,US,414
safehaven.com,RS,414
cpsc.gov,US,414
westernfrontonline.com,US,414
worstpreviews.com,US,414
thefamilyvoyage.com,GR,414
thediliweekly.com,TT,414
energyandpolicy.org,US,413
linformatique.org,FR,413
netballscoop.com,AS,413
z99.ky,CJ,413
globalcustodian.com,US,413
radiosputnik.ru,RS,413
mercotte.fr,FR,413
suryaa.com,IN,412
caribpress.com,US,412
1015thefridge.com,US,412
tin247.com,VM,412
pocketpc.ch,GM,412
camdennewjournal.co.uk,UK,412
semanaeconomica.com,PE,412
driven.co.nz,NZ,411
tribunal-electoral.gob.pa,PM,411
91x.com,US,411
lawyersclubindia.com,IN,411
highbrowmagazine.com,US,411
si24.it,IT,411
sz.gov.cn,CH,411
barlamantoday.com,IS,411
gong.de,GM,411
armyrecognition.com,UP,411
savethechildren.net,IS,410
kdhx.org,US,410
moneynet.co.uk,UK,410
exchangewire.com,UK,410
ahdb.org.uk,UK,410
webb-site.com,CH,410
bluegoldnews.com,US,410
thriftytraveler.com,US,410
tri247.com,US,410
conipiediperterra.com,IT,410
humanrights.gov.au,AS,410
quinewselba.it,IT,410
uu.nl,NL,409
wayfm.com,US,409
harpersbazaar.com.au,AS,409
europastar.com,SZ,409
mrsc.org,US,409
factmag.com,UK,409
marquettewire.org,US,409
ourdavie.com,US,409
southsidemessenger.com,US,408
filmforlife.org,IT,408
northnorfolknews.co.uk,UK,408
afghanistanembassy.no,AF,408
cronachejunior.it,IT,408
khoifm.org,US,408
b-townblog.com,US,408
clintonnews.net,US,408
cubaminrex.cu,CU,407
texastraveltalk.com,US,407
alawan.org,RO,407
softpedia.com,US,407
dukebasketballreport.com,US,407
tokenist.com,CH,406
filfre.net,US,406
tanuki.pl,JA,406
rodpedersen.com,CA,406
renonr.com,US,405
comocity.it,IT,405
propmodo.com,US,405
globalscience.it,IT,405
unz.com,US,405
chinatalk.media,CH,405
cruiseradio.net,US,405
thehockeynews.com,CA,404
coingeek.com,RP,404
wknd.fm,CA,404
toybook.com,US,404
iowawatch.org,US,404
1019hot.com,US,404
bigness.ru,RS,404
kwevoel.co.za,SF,404
accuradio.com,US,404
dohainstitute.org,IS,404
pm-review.com,US,404
thecatholicherald.com,US,403
fastbreak.com.ph,RP,403
cpioneer.com,US,403
austintalks.org,US,403
resources.org,US,403
styleathome.com,CA,403
imcp.org.mx,MX,403
collingwoodtoday.ca,CA,403
unicornriot.ninja,US,403
vesturbyggd.is,IC,403
bankspost.com,US,403
litaliano.it,IT,403
americanimmigrationcouncil.org,US,403
parti-socialiste.fr,FR,403
aia.org,US,402
arabnews.fr,SA,402
pakistan.org.au,PK,402
conservativeread.com,US,402
mk.mk.ua,UP,402
fishermensnews.com,US,402
anilnetto.com,MY,402
wanderlust.co.uk,US,402
euromoney.com,CH,402
windowseat.ph,RP,402
aflcio.org,US,402
fearthewall.com,GM,402
sdchina.com,CH,402
euroexchangeratenews.co.uk,GM,402
wzpl.com,US,402
defendingthetruth.com,US,401
sportscn.com,CH,401
rangersnews.uk,UK,401
trn.mk,IT,401
vu-online.li,LS,401
ucumberlands.edu,US,401
thehdroom.com,US,401
poemuseum.org,US,401
viborg-folkeblad.dk,DA,401
cruise1323.com.au,AS,400
ceoworld.biz,US,400
iowadot.gov,US,400
mxdose.com,SP,400
resourceworld.com,BR,400
theinvestor.co.kr,KS,400
singhstation.net,IN,400
shawu.edu,US,400
plan-international.org,IS,400
btime.com,CH,400
fotball.no,NO,400
geegeez.co.uk,EI,400
mercycorps.org,UP,400
strathspey-herald.co.uk,UK,400
tjpnews.com,IS,400
bfrr.net,BO,400
thebignewsletter.com,US,400
mnsenaterepublicans.com,US,400
whitehavennews.co.uk,UK,399
padailypost.com,US,399
sourceofthespring.com,US,399
misr365.com,EG,399
919seafm.com.au,AS,399
arabpress.eu,IS,399
arbeiderpartiet.no,NO,399
saferworld-global.org,IS,399
nhm.ac.uk,UK,399
lagazzettasiracusana.it,IT,399
osagecountyonline.com,US,398
gao.gov,US,398
periodiconmx.com,MX,398
artsakhtert.com,AJ,398
kalkinemedia.com,US,398
burnslakelakesdistrictnews.com,CA,397
nique.net,US,397
managedhealthcareexecutive.com,US,397
goterriers.com,US,397
shebuystravel.com,US,397
thepeak.fm,CA,397
vikendi.net,RS,397
geaugamapleleaf.com,US,396
breakingnewsalbuquerque.com,US,396
cogitations.co,RS,396
gingrich360.com,US,396
montclairlocal.news,US,396
truemedian.com,US,396
jancisrobinson.com,SF,396
radiokp.ru,RS,396
kpcc.org,US,396
articlization.com,IN,396
wavepublication.com,US,396
wabashplaindealer.com,US,396
merfradio.com,US,396
oberlinreview.org,US,396
swanseacity.com,UK,396
newsonthegreen.com,US,396
theappalachianonline.com,US,395
mavs.com,US,395
sconews.co.uk,UK,395
alpineclubofcanada.ca,CA,395
freeware.de,GM,395
dahaboo.com,DJ,395
cheneyfreepress.com,US,395
omropfryslan.nl,NL,395
nti.org,US,395
hope1079.com,US,394
ekran.mk,MK,394
thebradentontimes.com,US,394
finshots.in,IN,394
islandconnectionnews.com,US,394
dublininquirer.com,EI,394
zona.media,RS,394
totalrl.com,AS,394
fullyloaded.com.au,AS,394
mcgeowns.co.uk,UK,394
bike-eu.com,GM,394
coahuila.gob.mx,MX,394
theenergyst.com,UK,394
bizcommunity.africa,SF,394
einaudiblog.it,IT,394
pharmaceutical-business-review.com,CH,394
gallatinnews.com,US,394
unonotizie.it,IT,394
blkm.dk,DA,394
smesouthafrica.co.za,SF,394
mesnmw.org,US,393
youthvillage.co.za,SF,393
trincoll.edu,US,393
asgam.com,MC,393
plasticstoday.com,US,393
pedpresa.ua,UP,393
smashingmagazine.com,US,393
bhutannewsservice.com,CH,393
mygc.com.au,AS,393
fenderbender.com,US,393
theroarfm.com,US,393
power991fm.com,US,393
moneymetals.com,US,392
channelvisionmag.com,US,392
radionoise.ro,RO,392
triad-city-beat.com,US,392
a-sports.tv,PK,392
grandcanyontrust.org,US,392
blackgirlinmaine.com,US,392
dni.style,RS,391
harakat.net,UZ,391
cornwallfreenews.com,CA,391
aastocks.com,CH,391
sportm.mk,SP,391
radioplay.no,NO,391
gtspirit.com,US,391
ohmygeek.net,US,391
dodbuzz.com,US,391
informatechtarget.com,US,390
iea.org,RS,390
completefrance.com,FR,390
flohockey.tv,US,390
ciakgeneration.it,IT,390
rasadvarzeshi.com,IR,390
manchester.ac.uk,UK,390
katradio.com,US,390
ilirianews.mk,RS,390
atlanticsentinel.com,NL,390
therecordnewspaper.org,US,390
container-mag.com,US,390
sunflowerstatejournal.com,US,389
innovationpost.it,IT,389
tehrantimes.com,IR,389
money.com.tr,TU,389
anchorofgold.com,US,389
basinsradio.com,US,389
4coffshore.com,US,389
gosugamers.net,RP,389
sustaineurope.com,EN,389
963wdvd.com,US,388
bolavip.com,US,388
motorimagazine.it,IT,388
kbow550.net,US,388
yougov.com,US,388
bbntimes.com,US,387
international-alert.org,KE,387
kentuckyliving.com,US,387
mystar99.com,US,387
chsaanow.com,US,387
fintechnexus.com,BR,387
meritalk.com,US,387
usueasterneagle.com,US,387
uzmetronom.com,RS,387
griffith.edu.au,AS,387
teamster.org,US,386
coinjournal.net,US,386
milehighhockey.com,US,386
asanajournal.com,IN,386
chess.com,IN,386
chinaheritage.net,CH,386
sportsv.net,US,386
bmwgroup.com,GM,386
peoplesdispatch.org,BR,385
primerahora.com.uy,UY,385
ncreview.com.au,AS,385
brusselsmorning.com,RS,385
travelsandtreasures.com,US,385
themw.com,US,385
jacksonholeradio.com,US,384
19luglio1992.com,IT,384
fichajes.com,SP,384
parhlo.com,PK,384
police.be,BE,384
arunachal24.in,IN,384
totalsup.com,US,384
memurhaber.com,TU,384
tvblackbox.com.au,AS,384
uic.edu,US,384
cmadocs.org,US,384
monrealelive.it,IT,384
947-star.com,US,383
psupress.org,US,383
globaltrademag.com,US,383
kzfr.org,US,383
nadignewspapers.com,US,383
spiritfm.org,US,383
coveringkaty.com,US,383
wealthynickel.com,US,383
kcmq.com,US,383
coshoctonbeacontoday.com,US,382
psichapter.net,RS,382
hercanberra.com.au,AS,382
allotsego.com,US,382
voceabasarabiei.net,UK,382
thetrivelaeffect.com,SP,382
uaemoments.com,AE,381
redeyeradioshow.com,US,381
404media.co,US,381
the360post.com,US,381
klrc.com,US,381
wellandgood.com,US,381
mountainwatch.com,AS,381
stdwatch.com,US,381
wtc.edu,US,381
utahinvestigative.org,US,381
jackcentral.org,US,381
gazettechicago.com,US,381
radiou.com,US,380
eit.ac.nz,NZ,380
tygodnikjutrzenka.com,CH,380
aardvark.co.nz,NZ,380
news33.tv,AL,380
ei-ie.org,IR,380
retail-insider.com,CA,380
mtv.co.uk,UK,380
nottinghammd.com,US,380
parabola.org,US,380
hammondstar.com,US,380
superyachts.com,AS,379
autohome.com.cn,CH,379
playoffmagazine.com,CU,379
localnewspaper.in,IN,379
zerounoweb.it,IT,379
saurenergy.com,IN,379
mountain-topmedia.com,US,379
northerniowan.com,US,379
newsinvasion24.com,MP,379
thenews.org,US,379
detector.media,UP,378
grandcoulee.com,US,378
travelvoice.jp,JA,378
ne.gov,US,378
railwaysafrica.com,ZA,378
sci-hub.se,IN,378
msudenver.edu,US,378
921thefrog.com,US,378
clubindustry.com,US,378
navy.gov.au,AS,378
jewlicious.com,IS,377
dramaquarterly.com,FR,377
clarets-mad.co.uk,UK,377
ait.ac.at,AU,377
1kbrtv.ru,RS,377
yalelawjournal.org,US,377
quinewsarezzo.it,IT,377
playillinois.com,US,377
loyolamaroon.com,US,376
newslivetv.com,IN,376
huyangnet.cn,CH,376
azureedge.net,IR,376
techcodex.com,US,376
madeformums.com,GR,375
psxextreme.com,US,375
amtsavisen.dk,DA,375
hot1039.com,US,375
tuttosport.com,IT,375
imprintnews.org,US,375
thekeyplay.com,US,375
skyalsaudia.com,SA,375
sanyonews.jp,JA,375
newegg.com,US,375
wisconsin.edu,US,375
gazetamax.mk,MK,374
mcgilltribune.com,CA,374
familylawweek.co.uk,UK,374
haqiqat.se,SW,374
rousingthekop.com,PO,374
lakingsinsider.com,US,374
polishnews.com,PL,374
eurobelarus.info,BO,374
scadconnector.com,US,374
senado.gov.ar,AR,374
argumentum.al,AL,374
southcoastherald.co.za,SF,374
yeslife.it,IT,374
ditore.info,MK,374
soranews24.com,JA,374
brickmag.com,US,373
proplayerinsiders.com,US,373
incomeinvestors.com,US,373
aidsmap.com,UK,373
mallorcaconfidencial.com,SP,373
manilashaker.com,RP,373
massacritica.eu,IT,373
sports360az.com,US,373
uci.edu,US,373
oxfordleader.com,US,372
haronbouchannel.com,JA,372
rrecord.com,US,372
banque-france.fr,FR,372
legalreader.com,US,372
bellaumbria.net,IT,372
nccourts.gov,US,372
quid.ma,MO,372
ckwr.com,CA,372
fooddrinklife.com,US,372
aucklandcouncil.govt.nz,NZ,371
usnwc.edu,US,371
hartselleenquirer.com,US,371
salamancapress.com,US,371
americanshortfiction.org,US,371
frontofficesports.com,US,371
northernbroadcasting.com,US,371
sama.gov.sa,SA,371
nea.org,US,371
monash.edu,AS,371
paho.org,US,371
environmentenergyleader.com,US,371
urbanmatter.com,US,371
cdenv.be,BE,371
pueblostarjournal.org,US,370
aero-mag.com,UK,370
floridajobs.org,US,370
thecanadianpressnews.ca,IS,370
itweb.africa,KE,370
ehc.edu,US,370
plunderbund.com,US,370
juvelive.it,IT,370
a24.com,AR,370
worldofcruising.co.uk,FR,370
mcgill.ca,CA,370
beltmag.com,US,370
americanlibrariesmagazine.org,US,370
marcopolis.net,GH,369
pennwatch.org,US,369
bunkered.co.uk,UK,369
writermag.com,US,369
augustman.com,MY,369
frogsowar.com,US,369
pressbox.co.uk,UK,369
hamweekly.com,US,369
newscast-pratyaksha.com,CH,368
thechelseachronicle.com,SP,368
talker.news,US,368
zambianfootball.co.zm,ZA,368
dss.rs,RI,368
santapaulatimes.com,US,368
maritime-network.com,US,368
mef.gov.it,IT,368
merinews.com,IN,368
zappit.gr,GR,368
themountainmessenger.org,US,368
trendingnewsbuzz.com,US,367
whtt.com,US,367
energysiren.co.ke,US,367
universalhub.com,US,367
centerforethiopianwomen.org,ET,367
map.ma,MO,367
retail-insight-network.com,US,367
artsatl.org,US,367
tiempodehoy.com,SP,367
crothersvilletimes.com,US,367
corkweek.ie,EI,367
eetimes.com,US,367
4may.net,IR,366
eglobaltravelmedia.com.au,AS,366
noticiargentina.com.ar,AR,366
alwasat-ye.net,YM,366
thetricontinental.org,US,366
ub.edu,SP,366
mingguanwanita.my,MY,366
wvwc.edu,US,366
halalfocus.net,MY,366
magic98.com,US,366
cruzfm.com,CA,366
in.gov,US,365
ezoterikus.hu,CH,365
campograndenews.com.br,BR,365
phoronix.com,US,365
bookies.com,US,365
warsawinstitute.org,RS,365
gomocs.com,US,365
lareviewofbooks.org,US,365
freemansd.com,US,365
housedigest.com,US,365
palatkadailynews.com,US,365
jazz901.org,US,365
nysfocus.com,US,364
adexchanger.com,US,364
varinsights.com,US,364
soccernews.nl,NL,364
raccoonvalleyradio.com,US,364
epicdope.com,JA,364
lafayettestudentnews.com,US,364
technologyrecord.com,UK,364
alfred.edu,US,363
scjn.gob.mx,MX,363
newspublictrust.com,LI,363
archildrens.org,US,363
realitytitbit.com,US,363
theneweuropean.co.uk,UK,363
citizenmatters.in,IN,363
binghamton.edu,US,363
bt.com,UK,363
samsung.com,IN,363
pinsentmasons.com,UK,362
cybersport.ru,RS,362
bwanet.org,US,362
life885.com,US,362
47news.ru,RS,362
iplt20.com,IN,362
twohundredpercent.net,UK,362
charlotte49ers.com,US,362
readus247.com,US,361
thelewisflyer.com,US,361
traveltriangle.com,TU,361
radiomontecarlo.net,IT,361
lyndentribune.com,US,361
canadian-accountant.com,CA,361
pensiericannibali.com,IT,361
napipelines.com,US,361
investorsking.com,NI,360
the-american-interest.com,US,360
esciclismo.com,FR,360
pokde.net,MY,360
gincumanis.com,ID,360
albionpleiad.com,US,360
wnc.edu,US,360
canucksarmy.com,CA,360
timeua.com,UP,360
messiah.edu,US,359
fcpablog.com,US,359
wcqr.org,US,359
90minuten.at,AU,359
regencycars.net,UK,359
eatout.co.za,SF,359
theithacan.org,US,359
sintmaartengov.org,NL,359
rarehistoricalphotos.com,RS,359
afghanistantimes.af,AF,358
racin.mk,MK,358
firstindia.co.in,IN,358
cyclingweekly.com,FR,358
gistfest.com,US,358
gamblingkingz.com,CA,358
javafilms.fr,FR,358
wgmuradio.com,US,357
sauerandsons.com,GM,357
americankahani.com,US,357
balitv.tv,ID,357
radiosirokibrijeg.com,HR,357
cryptobriefing.com,US,357
tiecna.com,IR,357
comunidadandina.org,PE,357
ons.gov.uk,UK,357
iphoneincanada.ca,CA,357
agenceecofin.com,MO,357
film-magazine.com,IR,357
cosanostranews.com,US,357
techopedia.com,US,357
climbing.com,US,357
agathachristie.com,UK,357
supplychaindive.com,US,357
lvivexpres.com,UP,356
blueandgreentomorrow.com,US,356
friendsofthecongo.org,CF,356
history.co.uk,UK,356
9to5google.com,US,356
amnesty.ca,CA,356
neh.gov,US,356
aecomunicacioncientifica.org,SP,356
eppgroup.eu,UP,356
guizhou.gov.cn,CH,356
swlexledger.com,US,356
kangjepret.id,ID,356
floodlightnews.org,US,356
radioinsight.com,US,356
upnorth.eu,RS,356
electriccarsreport.com,US,356
gulfweekly.com,BA,356
911truth.org,US,355
alachuatoday.com,US,355
scenestr.com.au,AS,355
idu.org,RS,355
truetaosradio.com,US,355
trud.bg,BU,355
nosh.com,US,355
www.gov.pl,PL,355
muaban.net,VM,355
shdlogistics.com,UK,355
ocweekly.com,US,355
azednews.com,US,355
forest-trends.org,BR,354
crozetgazette.com,US,354
asicentral.com,US,354
indiansingulf.in,IN,354
gallowaygazette.co.uk,UK,354
longbeachstate.com,US,354
informacaopublica.org.br,BR,354
ftc.gov,US,354
limestonepostmagazine.com,US,354
mercer.edu,US,354
globalforestcoalition.org,BR,354
streetregister.com,US,354
sussexlive.co.uk,UK,354
fortworthtexas.gov,US,354
pleier.ee,EN,354
lawsociety.org.uk,UK,354
supersport.mk,SP,354
active-traveller.com,AU,354
deloitte.com,US,353
mantellini.it,IT,353
baobinhthuan.com.vn,VM,353
danwang.co,CH,353
sentinelksmo.org,US,353
oecd.org,FR,353
hit.com.au,AS,353
paddypower.com,EI,353
sandiegometro.com,US,353
yalnews.com,US,353
saskatoonhomepage.ca,CA,352
spectatornews.com,US,352
ondanews.it,IT,352
theglobaldispatch.com,US,352
electricityforum.com,US,352
marketingsentinel.com,US,352
hklaw.com,US,352
forres-gazette.co.uk,UK,352
theloquitur.com,US,352
allbutforgottenoldies.net,US,352
guam-organization.org,UP,352
dk4.dk,DA,352
helensburghadvertiser.co.uk,UK,351
wiwibloggs.com,UK,351
dalesman.co.uk,UK,351
digitalkamera.de,GM,351
kbbi.org,US,351
newseveryday.com,US,351
tunisie.gov.tn,TS,351
ecre.org,GR,351
medicinalive.com,IT,351
autoweek.nl,NL,351
espn.nl,NL,350
immobiliare.it,IT,350
thevalleyadvantage.com,US,350
middlejourney.com,US,350
gongyishibao.com,CH,350
e23.cn,CH,350
valleyadvocate.com,US,350
gainhealth.org,KE,350
power106.com,US,350
carteb.ch,SZ,350
stockholmresilience.org,SW,350
garden-trick.com,RS,350
cpc.gov.ae,AE,350
kursiv.kz,KZ,349
isssource.com,US,349
filmindependent.org,US,349
osaa.org,US,349
brocku.ca,CA,349
bettinggods.com,SF,349
buglenewspapers.com,US,349
usmarshals.gov,US,349
sportstalkphilly.com,US,349
fsrmagazine.com,US,349
ongola.info,CM,349
untold-arsenal.com,SP,349
sbc.sc,RS,348
wucardinals.com,US,348
emarketer.com,US,348
ewg.org,US,348
vab.ua,US,348
aspirantsg.com,SN,348
narodni-list.hr,HR,348
yandex.ru,RS,348
svenskdam.se,SW,347
ctwant.com,CH,347
hockeywilderness.com,US,347
baynature.org,US,347
3mbs.org.au,AS,347
uit.no,NO,347
eku.edu,US,347
e-oaxaca.com,MX,347
largsandmillportnews.com,UK,347
hospitalityandcateringnews.com,UK,347
npo.nl,NL,347
dell.com,FR,347
busnews.com.au,AS,347
invernessoran.ca,CA,346
mediaroom.com,CA,346
baltic-course.com,LG,346
alkhaleej365.com,IR,346
technosanta.com,NP,346
case.edu,US,346
chinadialogueocean.net,CH,346
thepioneer.com.pk,PK,346
samidoun.net,IS,346
politicalanalysis.co.za,SF,346
mlk50.com,US,346
thesmokies.com,US,346
foot11.com,SP,346
writeups24.com,GY,345
esmcastilho.pt,PO,345
acmepackingcompany.com,US,345
thedinwiddiemonitor.com,US,345
americanfootballinternational.com,US,345
bighospitality.co.uk,UK,345
marketersmedia.com,MV,345
gcobb.com,US,344
journaleuropa.info,FR,344
advisorhub.com,US,344
lawguru.com,US,344
studymoose.com,US,344
zijing.org,CH,344
umdbulldogs.com,US,344
fyens.dk,DA,344
stopfake.org,RS,343
jchallidayandsons.com,UK,343
ospreyobserver.com,US,343
channelasia.tech,SN,343
thefoothillsfocus.com,US,343
widrfm.org,US,343
uscupstate.edu,US,343
bakermckenzie.com,RS,343
traderzeitung.de,GM,343
fmokinawa.co.jp,JA,343
mcduffieprogress.com,US,342
journaldespalaces.com,US,342
progresstimes.net,US,342
journalofaccountancy.com,US,342
nrcolumbus.com,US,342
ceps.eu,RS,342
scania.com,SW,342
realmadryt.pl,SP,342
budgyapp.com,US,342
informed.hu,HU,342
olympiapublishers.com,UK,342
massivereport.com,US,342
patria.cz,RS,341
thecommontraveler.net,MK,341
iletaitunepub.fr,FR,341
innovationaus.com,AS,341
economia24ore.it,IT,341
upcomer.com,US,341
poskotanews.com,ID,341
creativica.in,CA,341
mayoclinic.org,US,341
portlavacawave.com,US,341
airlinegeeks.com,US,341
instoremag.com,US,341
bubearcats.com,US,341
doisong.vn,VM,341
newrepublicliberia.com,LI,341
acpjournals.org,US,340
theaviationgeekclub.com,US,340
chemainusvalleycourier.ca,CA,340
vitalthrills.com,US,340
nearfm.ie,EI,340
thekashmirimages.com,BG,340
direkteaktion.org,GM,340
herworld.com,SN,340
ecin.de,GM,340
wmpenn.edu,US,340
wsfltv.com,US,340
merionwest.com,US,339
retrotogo.com,UK,339
theapopkachief.com,US,339
cntheory.com,CH,339
crotone24news.it,IT,339
ucpress.edu,US,339
videogameschronicle.com,JA,339
research-live.com,UK,339
thejambar.com,US,339
asiafoundation.org,US,339
myflr.org,US,339
computer.rip,US,339
hallingdolen.no,NO,339
ninertimes.com,US,339
desdeeltercerpiso.com,PE,339
chicagotalks.org,US,339
simonroughneen.com,UK,339
energyindustryreview.com,RO,338
hsrc.ac.za,SF,338
urbanislandz.com,JM,338
womenforhire.com,US,338
newcanadianmedia.ca,CA,338
pressonline.mk,AL,338
healthcentral.com,US,338
towardfreedom.org,LI,338
gold1043.com.au,AS,338
tankterminals.com,RS,338
pcinvasion.com,US,338
tottenhamhotspur.com,UK,338
eldorar.net,SY,338
oilandgaspeople.com,NO,338
rbnenergy.com,US,337
afriquexxi.info,IS,337
oilfieldtechnology.com,GY,337
savingcountrymusic.com,US,337
freewestpapua.org,ID,337
akhbrksa.com,TH,337
chargerbulletin.com,US,337
umbcretrievers.com,US,337
vendeeinfo.net,FR,337
financialwatchngr.com,NI,336
thesocietypages.org,US,336
nelsonstar.com,CA,336
rudebaguette.com,FR,336
capecod.edu,US,336
an17.com,US,336
iied.org,IN,336
wklt.com,US,336
completemusicupdate.com,UK,336
findmypast.co.uk,UK,336
frontporchne.com,US,336
bogota.gov.co,CO,336
xkb.com.cn,CH,336
eenewseurope.com,UK,335
euinside.eu,HR,335
buckinghamshirelive.com,UK,335
actsa.org,ZA,335
aritehnoloogia.ee,EN,335
farm-equipment.com,US,335
livecoins.com.br,BR,335
njuz.net,RB,335
losangelesblade.com,US,335
newyorkfed.org,US,335
giantfreakinrobot.com,US,335
gospel900.com,US,334
foodmarket.com,US,334
worldtrademarkreview.com,CH,334
ire.org,US,334
walfoot.be,BE,334
cargoforwarder.eu,GM,334
amanz.my,RS,334
therebelrocks.com,US,334
anconanotizie.it,IT,334
8sidor.se,SW,334
jamonline.ph,RP,333
eldia.com,AR,333
prostitutkitveri2.top,US,333
noiportal.hu,HU,333
abacusdata.ca,CA,333
floridainsider.com,US,333
gazetapolitika.com,KV,333
wpi.edu,US,333
twz.com,IR,333
fortwayne.com,US,333
ebu.ch,FR,332
arkcity.net,FR,332
clarepeople.com,RS,332
akc.org,US,332
tahoeonstage.com,US,332
coastalillustrated.com,US,332
thepetzealot.com,US,332
edutopia.org,US,332
willamette.edu,US,332
lorilovesadventure.com,US,332
ohio.gov,US,332
gesgazette.com,US,332
newstime-mo.com,US,332
myeverettnews.com,US,332
madonline.com,MA,332
flintbeat.com,US,332
wildcatsports.com,US,332
liveindia.tv,IN,332
eventbrite.sg,SN,332
digitalnationaus.com.au,AS,331
themarketmogul.com,ID,331
palladiummag.com,US,331
hot1045.net,US,331
inforemaja.id,ID,331
br-klassik.de,GM,331
elperiodicovenezolano.com,VE,331
artesianews.com,US,331
greenvillejournal.com,US,331
alsaudia-window.com,SA,331
cubitanow.com,CU,331
jwcdaily.com,US,331
americanaffairsjournal.org,US,331
euranetplus-inside.eu,RS,331
euronomade.info,IT,331
levelman.com,US,330
herlifeadventures.com,US,330
lcfc.com,UK,330
espinof.com,SP,330
hwnews.in,IN,330
newportvermontdailyexpress.com,US,330
marlowreview.com,US,330
pitt.edu,US,330
hsn.com,US,330
motortrader.com,UK,330
stevenspoint.news,US,330
qiibo.com,US,330
laxallstars.com,US,330
prishtinainsight.com,KV,330
esrf.fr,FR,330
thehomewoodstar.com,US,329
meer.com,IN,329
truthdig.com,US,329
bristolpress.com,US,329
ki.se,SW,329
celticsblog.com,US,329
ucol.mx,MX,329
hallyusg.net,SN,329
fullfact.org,UK,329
sometimes-interesting.com,US,329
fordham.edu,US,329
n-va.be,BE,329
wisconsinrightnow.com,US,329
underscore.news,US,329
drivearabia.com,QA,328
thechronicle-news.com,US,328
foxradio.com,US,328
oconeeenterprise.com,US,328
techfars.com,PE,328
newhumanist.org.uk,UK,328
orange.com,FR,328
beachmetro.com,CA,328
thetrailblazeronline.net,US,328
magazeta.com,CH,328
haberazim.com,TU,328
vermilioncountyfirst.com,US,328
intlxpatr.com,US,327
nieuwsbank.nl,NL,327
digit.fyi,UK,327
thehawkyakima.com,US,327
mboaconnect.com,US,327
statcan.gc.ca,CA,327
z90.com,US,327
1005thebuzz.com,US,327
learfield.com,US,327
nav.com,US,327
quodlibase.org,US,327
whitecourtpress.com,CA,327
louisiana.edu,US,327
manhattantimesnews.com,US,327
fintechnews.my,MY,327
villagelife.com,US,327
thecounter.org,US,326
blockworks.co,US,326
runthetrap.com,US,326
h-ponline.com,US,326
energytrend.com,CH,326
fcw.com,US,326
sfu.ca,CA,326
967thecoyote.com,ID,326
baoquocte.vn,RS,325
capsulecomputers.com.au,JA,325
ligury.com,SP,325
epnewswire.com,US,325
globalminingreview.com,CI,325
southsidepride.com,US,325
ftbl.com.au,AS,325
capitolweekly.net,US,325
travel-mi.com,US,325
afrik-news.com,BY,324
moreheadstate.edu,US,324
itij.com,US,324
wsobserver.com,CH,324
aucklandforkids.co.nz,NZ,324
thesuntimesnews.com,US,324
nmsuroundup.com,US,324
corrierepeligno.it,IT,324
bevindustry.com,US,324
newyorkfamily.com,US,324
76.ru,RS,323
inewsource.org,US,323
mmheadlines.org,US,323
babycenter.com,US,323
ecdpm.org,CH,323
wbfafrica.org,NI,323
daoudkuttab.com,IS,323
sdtimes.com,US,323
adbusters.org,US,323
magazineworld.jp,JA,323
betenemy.com,BU,323
english-spanish-translator.org,US,323
rumbunter.com,US,322
bcgsearch.com,US,322
ieu-monitoring.com,UP,322
keycorrespondents.org,MY,322
kiss92.sg,SN,322
wvnn.com,US,322
portstrategy.com,TW,322
lamonitor.com,US,322
thebadgerproject.org,US,322
sanya.gov.cn,CH,322
mysolutioninfo.com,CH,322
newsmaxbalkans.al,AL,322
animalsasia.org,VM,321
commercialuavnews.com,US,321
ardrossanherald.com,UK,321
tocka.com.mk,IT,321
tinhouse.com,US,321
bikeland.org,US,321
artreview.com,US,320
citywireamericas.com,UY,320
silicon.co.uk,UK,320
theafrican.info,RW,320
bceao.int,SG,320
alternativenation.net,US,320
moodyradio.org,US,320
townnews-staging.com,US,320
floridastateparks.org,US,320
moneypit.com,US,320
sustainablebrands.com,US,320
mediareform.org.uk,UK,320
territoiredebelfort.fr,FR,320
ricognizioni.it,UP,319
altxw.com,CH,319
vontobel.com,GM,319
kzyr.com,US,319
ocula.com,HK,319
bankchart.by,BO,319
nieuwsnijmegen.nl,NL,319
4players.de,JA,319
persee.fr,FR,319
theaustinbulldog.org,US,319
ngo-online.de,GM,319
birdlife.org,KE,319
bikerumor.com,US,319
eagle1027.com,CH,319
ituc-csi.org,IS,318
akhbrna.ae,EG,318
wqsv.org,US,318
cuacfm.org,SP,318
opex360.com,UP,318
worldtechtoday.com,GM,318
sdgnewsgroup.com,US,318
infopresse.com,CA,318
salute.gov.it,IT,318
aba.com,US,318
aasa.org,US,318
vfw.org,US,318
syracusenewtimes.com,US,318
africafootunited.com,MO,318
mediatakeout.com,US,318
mancity.com,UK,318
83degreesmedia.com,US,318
nationalfootballpost.com,US,317
fleetmon.com,TH,317
granbydrummer.com,US,317
indiashippingnews.com,IN,317
independentri.com,US,317
jewishpresstampa.com,IS,317
whistleblower.org,US,317
kathrivera.com,RP,317
britishtriathlon.org,UK,317
heatworld.com,UK,317
medianewsline.com,GM,317
analyticsinsight.net,US,317
esgnews.com,US,316
wowradio.org,US,316
eurasia-rivista.org,IR,316
yalescientific.org,US,316
wrangellsentinel.com,US,316
elections.org.zm,ZA,316
valoraanalitik.com,CO,316
nativeshop.org,US,316
benitolink.com,US,316
newleftreview.org,FR,316
nongamstopcasinos.net,UK,316
osnews.com,US,316
sangiin.go.jp,JA,316
gopride.com,US,316
africapractice.com,NI,315
georgiaencyclopedia.org,US,315
utica.org.tn,TS,315
capitaland.com,SN,315
techexplorist.com,US,315
wjcu.org,US,315
obxtoday.com,US,315
foodnetwork.ca,CA,315
ohioattorneygeneral.gov,US,315
howardstern.com,US,315
worldcocoafoundation.org,GH,315
precisiononcologynews.com,US,315
nashobavalleyvoice.com,US,315
arzobispadosansalvador.org,ES,315
iu.edu,US,315
patspulpit.com,US,314
ctbto.org,AU,314
epa.ie,EI,314
twu.edu,US,314
nhlrumors.com,US,314
onefootdown.com,US,314
gamemag.ru,RS,314
criernewsroom.com,US,314
fishfarmermagazine.com,NO,314
moneypop.com,US,313
cjam.ca,CA,313
haysfreepress.com,US,313
gp24.pl,PL,313
ket.org,US,313
beststocks.com,US,313
lovindublin.com,EI,313
wmbr.org,US,313
uindy.edu,US,313
leitnercenter.org,US,313
mailonsunday.co.uk,RS,313
europesebeweging.nl,NL,313
10play.com.au,AS,313
centralstation.net.au,AS,313
betfair.com,UK,312
thecarrollnews.com,US,312
tipranks.com,US,312
williamsf1.com,AJ,312
ocmonitor.com,US,312
jfinfo.com,CH,312
periodismohumano.com,SP,312
catracalivre.com.br,BR,312
meconstructionnews.com,AE,312
uinterview.com,US,312
shorttermrentalz.com,US,312
callapple.org,US,312
usatales.com,US,312
chsrfm.ca,CA,312
smcorridornews.com,US,311
scranton.edu,US,311
brill.com,CH,311
areu.org.af,AF,311
turkishpress.com,TU,311
pellets-wood.com,UP,311
disneydining.com,US,311
evertonfc.com,UK,311
herdzone.com,US,311
medtechdive.com,US,310
klpw.com,US,310
africatopsports.com,MO,310
3bmedianews.com,US,310
redfin.com,US,310
thegeorgiavirtue.com,US,310
btn.com,US,310
thedailyreporteronline.com,US,310
samuel-warde.com,US,310
sofiatimes.com,GR,310
judicialwatch.org,US,309
freelinemediaorlando.com,US,309
datacollectiononline.com,US,309
forkliftaction.com,US,309
ncktoday.com,US,309
nysed.gov,US,309
reviewit.pk,PK,309
ichkoche.at,AU,309
bocabeacon.com,US,309
inforney.com,US,308
theleader.vn,VM,308
news-live.at,AU,308
1035bobfm.com,US,308
hartfordhawks.com,US,308
compromat.net,RS,308
gobigbluecountry.com,US,308
dawnmena.org,SA,308
sciencemediacentre.org,UK,308
estrellatv.com,MX,308
mainehealth.org,US,308
nationalezorggids.nl,NL,308
villanova.com,US,308
building-products.com,US,307
salonfilaha.com,GM,307
neolife.co.jp,JA,307
cohassetanchor.com,US,307
avtoplus.mk,CH,307
ecommercefastlane.com,US,307
swazidailynews.com,SU,307
quinewsvaldera.it,IT,307
mojahedin.org,IR,307
cancer.org,US,307
panda.org,CH,306
intracen.org,GH,306
breachmedia.ca,CA,306
lynnjournal.com,US,306
westender.com.au,AS,306
laleync.com,MX,306
outdoornebraska.gov,US,306
computertotaal.nl,NL,306
ohchr.org,IS,306
peninsulapress.com,US,306
recordgazette.net,US,306
ieefa.org,AS,306
aidspan.org,ZA,306
basicincome.org,US,306
dayan.org,IS,306
kanecountyconnects.com,US,306
peacemakeronline.com,US,306
yzwb.net,CH,306
miamitodaynews.com,US,306
businessjournalnorthidaho.com,US,306
bighornmountainradio.com,US,306
theretailbulletin.com,UK,306
glamur.mk,MK,305
spokanejournal.com,US,305
whitecase.com,US,305
lilongwewildlife.org,MI,305
timepad.ru,RS,305
hot1039fm.com,US,305
deesidepiper.co.uk,UK,305
columbusnavigator.com,US,305
go-jamaica.com,JM,305
odishasuntimes.com,IN,305
guandian.cn,CH,305
stonehill.edu,US,305
newsin.asia,CE,305
epthinktank.eu,UP,305
notiecuador.com.ec,EC,305
chennaimath.org,IN,305
uni-protokolle.de,GM,304
liquidarte.it,IT,304
roadtripsforfamilies.com,US,304
aube.fr,FR,304
intelnews.org,RS,304
rumorfix.com,US,304
afiavimagazine.com,FR,304
environmentmaine.org,US,304
ucalgary.ca,CA,304
xfire.com,US,304
ecommercetimes.com,US,304
rotikaya.com,ID,304
sportsbusinessjournal.com,US,304
espnpressroom.com,US,304
ciodive.com,US,303
ips-journal.eu,RS,303
leadercourier-times.com,US,303
elmostaqbal.com,EG,303
outlookbusiness.com,IN,303
altaonline.com,US,303
seattleu.edu,US,303
commonwealthtimes.org,US,303
taxheaven.gr,GR,303
stonecountyenterprise.com,US,303
thecomanchechief.com,US,303
mhobserver.com,US,303
press7.tv,KV,303
rvusa.com,US,302
threeifbyspace.net,US,302
astate.edu,US,302
metoffice.gov.uk,UK,302
thetriibe.com,US,302
ftvnews.com.tw,CH,302
chyz.ca,CA,302
hbr.org,US,302
msueagles.com,US,302
funzionepubblica.gov.it,IT,302
lexingtonchronicle.com,US,302
hbo.com,US,302
enmu.edu,US,302
mdc.edu,US,302
ucr.org.ar,AR,301
gbtimes.com,US,301
westernjournal.com,US,301
clinicaltrialsarena.com,UP,301
boursedirect.fr,RS,301
desk.al,AL,301
arkansastechnews.com,US,301
bellarmine.edu,US,301
filmomaniak.pl,PL,301
orangecountytribune.com,US,301
pragerzeitung.cz,EZ,301
asroma.com,IT,301
outsider.com,US,300
singletracks.com,US,300
blarabi.net,CH,300
vibesofindia.com,IN,300
gwu.edu,US,300
koit.com,US,300
kartcom.com,BE,300
425business.com,US,300
gazeteyaziyor.com.tr,TU,300
polymerupdate.com,IN,300
kftv.com,US,300
anthropocenemagazine.org,US,300
svenskfotboll.se,SW,300
zuuonline.sg,SN,299
ctemag.com,US,299
mobridgetribune.com,US,299
aBamako.com,ML,299
wour.com,US,299
ourjiangsu.com,CH,299
21ninety.com,US,299
sat.gob.gt,GT,299
8list.ph,RP,299
hardwareretailing.com,US,299
lemedia05.com,JA,299
aamc.org,US,299
revyuh.com,US,299
gamewatcher.com,US,298
dc.gov,US,298
ugebrev.dk,DA,298
infokus.mk,MK,298
warfarehistorynetwork.com,US,298
exchangemonitor.com,US,298
knutsfordguardian.co.uk,UK,298
state.or.us,US,298
assemblymag.com,US,298
ajc.org,IS,298
interpol.int,FR,298
neurologia.com,SP,298
jv.dk,DA,298
eeherald.com,IN,298
setaliste.mk,MK,298
myburbank.com,US,298
jbklutse.com,GH,298
2urbangirls.com,US,297
daltonkidronnews.com,US,297
steelcityunderground.com,US,297
commercialcafe.com,US,297
ga.gov,US,297
newsnet.scot,UK,297
bradtguides.com,UK,297
createdigital.org.au,AS,297
lmu.edu,CH,297
hbu.edu,US,297
paddlingmag.com,US,297
biospectrumasia.com,SN,297
270towin.com,US,297
amazon.co.jp,JA,297
emergency-live.com,UP,297
realclearbooks.com,US,296
aad.org,US,296
harpersbazaararabia.com,SA,296
groupon.com,US,296
lubavitch.com,US,296
the18.com,MX,296
ninjakitchen.com,US,296
internet-fuer-architekten.de,GM,296
corpomir.ru,RS,296
dividendpower.org,US,296
nationalnewswatch.com,CA,296
breezecourier.com,US,296
akilah.net,ID,296
z963.com,US,296
pr.kg,KG,296
az.gov,US,296
imer.mx,MX,296
scielo.br,BR,296
investorsobserver.com,US,296
branfordseven.com,US,296
auto123.com,CA,295
revue.lu,LU,295
oxfamamerica.org,US,295
bionews.org.uk,UK,295
wglc.net,US,295
i-to-i.com,TH,295
fastighetstidningen.se,SW,295
artpredator.com,US,295
mumbrella.asia,CH,295
esubulletin.com,US,295
detroitmi.gov,US,294
infosat.de,GM,294
eastmidlandsbusinesslink.co.uk,UK,294
omunicipioblumenau.com.br,BR,294
um.dk,DA,294
tastychomps.com,US,294
nswrl.com.au,AS,294
in-training.org,US,294
paisefilhos.pt,PO,294
dicksonpost.com,US,294
theannouncer.co.za,BU,294
enotrans.org,US,294
ntb.no,GM,294
thewestfieldnews.com,US,294
dailyonline.it,IT,293
power1029noco.com,US,293
daytripper28.com,US,293
rejoice102.com,US,293
knowtechie.com,US,293
eccunion.com,US,293
abandonedspaces.com,US,293
joglosemar.co,ID,293
www.vic.gov.au,AS,293
sfsimplified.com,US,293
cair.com,US,293
shastascout.org,US,293
civicnebraska.org,US,293
radiolumiere.org,AS,293
cleanlink.com,US,292
790business.com,US,292
pulseitmagazine.com.au,AS,292
sportsbrief.com,BR,292
nsjonline.com,US,292
sport.com.mk,MK,292
thetwins.com,US,292
dailyhodl.com,US,292
trace.tv,SF,292
sheffield.ac.uk,UK,292
microcapdaily.com,US,292
wyo.gov,US,292
aciclico.com,IT,292
dailyvoice.co.za,SF,292
fightbacknews.org,US,292
risd.edu,US,292
ncwlife.com,US,292
borglobe.com,OD,291
ropesgray.com,RS,291
clarkhill.com,US,291
belloflostsouls.net,US,291
daysofpalestine.ps,IS,291
naacpldf.org,US,291
myfaithradio.com,US,291
sjsuspartans.com,US,291
tracednews.com,US,291
eyeonohio.com,US,291
wild101fm.com,US,291
africanhistoryextra.com,ET,291
whiskymag.com,US,290
copernicus.org,EZ,290
coolbuster.net,RP,290
mobil.nu,CH,290
gamer.com.tw,JA,290
recyclingtoday.com,US,290
bartonchronicle.com,US,290
shugiin.go.jp,JA,290
weszlo.com,PL,290
cometworldnews.com,NI,290
autosieger.de,GM,290
communicateonline.me,SA,290
kildarenow.com,EI,290
churchleaders.com,US,289
firesideguard.com,US,289
thewellesleynews.com,US,289
k103fm.com,US,289
troy.edu,US,289
arr.news,AS,289
joonbug.com,US,289
soirinfo.com,FR,289
appstatesports.com,US,289
ministryofsound.com,UK,289
kuteradio.org,US,289
www.gov.gd,GJ,288
mmaweekly.com,US,288
nuovabrianza.it,IT,288
lobelog.com,IR,288
rightmove.co.uk,UK,288
onedaktari.com,KE,288
redpost.com.ua,UP,288
astralcodexten.com,US,288
giornaledimerate.it,IT,288
sonypictures.com,US,288
milanoreporter.it,IT,288
quinewsfirenze.it,IT,288
welivesecurity.com,UP,288
digitalmarketnews.com,US,288
telecosenza.it,IT,288
and.kz,KZ,288
uniglobalunion.org,IS,288
sora24.it,IT,287
broadbandbreakfast.com,US,287
fedscoop.com,US,287
icds.ee,RS,287
hampshirelive.news,UK,287
pkhope.com,ID,287
agjournalonline.com,US,287
bdsmovement.net,IS,287
noravank.am,TU,287
fredericksburgfreepress.com,US,287
goodreturns.in,IN,287
construction.co.uk,UK,287
citynotizie.it,IT,287
verdictfoodservice.com,US,287
holidaypirates.com,UK,286
broccoli.co.jp,JA,286
gotigersgo.com,US,286
ghost.io,JA,286
iwoman.pl,PL,286
goutrgv.com,US,286
wkdu.org,US,286
webelpuente.com,US,286
npolar.no,NO,286
law.com,US,286
dawgnation.com,US,286
alphr.com,US,286
uvamagazine.org,US,286
securitybrief.news,US,286
railway-news.com,US,286
worldcoffeeportal.com,SA,286
ofuraredes.pt,PO,286
ccin.com.cn,CH,286
landrovercary.com,US,286
kidnews.id,ID,286
fognews.ru,RS,286
whatcomtalk.com,US,285
lideazeme.cz,EZ,285
asumag.com,US,285
wineaustralia.com,AS,285
bolognaindiretta.it,IT,285
hindujagruti.org,IN,285
palmspringslife.com,US,285
tillamookcountypioneer.net,US,285
raconteur.net,UK,285
kenwoodpress.com,US,285
kprz.com,US,285
caserta24ore.it,IT,285
indrastra.com,CH,285
oxfordobserver.org,US,285
breakingenergy.com,US,285
cinema.de,GM,284
shiyan.gov.cn,CH,284
eaomedia.ru,RS,284
carolinablitz.com,US,284
tno.nl,NL,284
nebraskamed.com,US,284
theglobepost.com,RS,284
comunisti-italiani.it,IT,284
tokyoweekender.com,JA,284
jeudi.lu,LU,284
pcun.org,US,284
storycorps.org,US,284
esciencenews.com,US,283
iloveny.com,US,283
unionpuebla.mx,MX,283
newpolandexpress.pl,PL,283
lavocedialba.it,IT,283
babwnews.com,US,283
verietyinfo.com,US,283
newtimes.co.rw,RW,282
oakvillenews.org,CA,282
niigata-nippo.co.jp,JA,282
kenklippenstein.com,US,282
expatliving.sg,SN,282
republicreport.org,US,282
roadtrippers.com,US,282
moondaily.com,IN,282
frenchtribune.com,FR,282
pinalcentral.com,US,282
faq-mac.com,SP,282
adobe.com,US,282
thearabweekly.com,SA,282
buchanobserver.co.uk,UK,282
bruinsinsider.com,US,282
bcinterruption.com,US,282
wvel.com,US,282
fleetequipmentmag.com,US,282
cwtv.com,US,282
tarantobuonasera.it,CH,282
pensionplanpuppets.com,CA,281
hndaily.cn,CH,281
elsemanario.com,MX,281
upvnews.com,US,281
who.com.au,AS,281
parlament.hu,US,281
usluhaber.com,TU,281
lawbeat.in,IN,281
mees.com,IZ,281
wfuogb.com,US,281
establishtherun.com,US,281
yamal-media.ru,RS,281
tetongravity.com,NP,281
thecompassnews.org,US,281
irishcatholic.com,EI,281
grimygoods.com,US,280
eastcobbnews.com,US,280
nysc-cds.com,NI,280
chinawater.com.cn,CH,280
safety4sea.com,CH,280
donnealtri.it,IT,280
bbs.ua,UP,280
lakewalesnews.net,US,280
agnetwest.com,US,280
tv20detroit.com,US,280
interfax.by,RS,280
texasdemocrats.org,US,279
flirtfm.ie,EI,279
guelphtoday.com,CA,279
cassanolive.it,IT,279
vieravoice.com,US,279
awardswatch.com,US,279
maersk.com,CH,279
newsrescue.com,RS,279
nord.no,NO,279
ryusoku.com,JA,279
providencemag.com,AJ,278
gazzettatorino.it,IT,278
elbocon.pe,PE,278
thehinsdalean.com,US,278
lamezialive.it,IT,278
nortes.me,SP,278
jjie.org,US,278
aplaceinthesun.com,SP,278
uwa.edu.au,AS,278
belnovosti.by,RS,278
relish.com,US,278
contexttravel.com,GM,278
sportlepsia.com,US,278
plasteurope.com,GM,278
verywellhealth.com,US,277
1079vgs.com,US,277
tes.com,UK,277
ttusports.com,US,277
becclesandbungayjournal.co.uk,UK,277
energetica-india.net,IN,277
qanvast.com,SN,277
inmarsat.com,UK,277
verticalfarmdaily.com,UK,277
dewittmedia.com,US,277
burrensmokehouse.com,EI,277
african-bulletin.com,MO,277
autoworldnews.com,US,277
brakeforit.com,US,277
emich.edu,US,277
weblaw.ch,SZ,276
databreachtoday.com,US,276
thelight959.com,SY,276
parkerchronicle.net,US,276
hit.ro,RO,276
peacelink.it,UP,276
unison.org.uk,UK,276
thecivilian.co.nz,NZ,276
thelogicalindian.com,IN,276
fetzer.org,US,276
noosatoday.com.au,AS,276
eliteagent.com,NZ,276
radiosol.cl,CI,276
datacenter.news,US,276
veritasmedios.org,MX,276
itif.org,CH,275
kobunsha.com,JA,275
retail-focus.co.uk,UK,275
fxmag.pl,PL,275
boksburgadvertiser.co.za,SF,275
clublaley1025.com,MX,275
williamsrecord.com,US,275
life1025.com,US,275
autoindustriya.com,RP,275
ktoe.com,US,275
jbcnews.net,IR,275
wmucsports.net,US,275
garaz.cz,EZ,275
thebell.io,RS,275
energypost.eu,GM,275
louisvilleky.gov,US,274
iecn.com,US,274
givemesport.com,BR,274
capitalradio.co.ug,UG,274
bundle.app,UP,274
dhs.gov,US,274
hollywoodsoapbox.com,US,274
yated.com,UP,274
financialregnews.com,US,274
globalcompetitionreview.com,CA,274
altnews.in,IN,274
sonic1029.com,CA,273
webtrek.it,CH,273
giornaledivimercate.it,IT,273
jonescollegeprep.org,US,273
startupmgzn.com,BA,273
peta.org,US,273
hsvvoice.com,US,273
packaging-gateway.com,US,273
washington.org,US,273
cataniavera.it,IT,273
steubencourier.com,US,273
iatp.org,MX,273
dukesavenue.com,EC,273
wonderfulengineering.com,US,273
lendacademy.com,CA,273
almesryoon.com,EG,273
wildlifenews.co.uk,UK,273
modvive.com,US,272
stockstelegraph.com,US,272
katoinfo.com,US,272
in-giustizia.eu,IT,272
vifreepress.com,US,272
singaporefoodie.com,SN,272
esquireme.com,SA,272
ireland.ie,EI,272
morningconsult.com,US,272
thehuddle.com,US,272
govinsider.asia,SN,271
statehornet.com,US,271
in.fo,DA,271
whfr.fm,US,271
cannigma.com,US,271
euwid-wood-products.com,GM,271
odishasamaya.com,IN,271
businesscloud.co.uk,UK,271
sydneyobserver.com,AS,271
birdssa.asn.au,AS,271
truthisscary.com,US,271
atasteofkoko.com,US,271
machinedesign.com,US,270
archokc.org,US,270
m4sport.hu,HU,270
dimoqrati.info,SY,270
navysports.com,US,270
all-nationz.com,JA,270
mojemazury.pl,PL,270
aswatmasriya.com,EG,270
imoteb.com,RS,270
theskimm.com,US,270
coralspringstalk.com,US,270
kzsq.com,US,270
finetunedfinances.com,US,270
louisianabelieves.com,US,270
roysecityheraldbanner.com,US,270
y107.com,US,270
newstimeafrica.com,NI,270
governance.fyi,US,270
kaufmanherald.com,US,269
twoday.net,IS,269
drycargomag.com,CA,269
berklee.edu,US,269
power1043.com,US,269
fujian.gov.cn,CH,269
writing.ie,EI,269
energy-daily.com,IN,269
legaseriea.it,IT,269
e-novine.com,RI,269
4barsrest.com,NZ,269
metalshout.com,US,269
thesound.co.nz,NZ,269
my-senior-perks.com,US,269
countrycountdownusa.com,US,269
railwaypeople.com,UK,269
technewstoday.com,US,268
wytv.com,US,268
anderlecht-online.be,BE,268
usagym.org,US,268
pressprogress.ca,CA,268
lendingtree.com,US,268
healthcoalition.ca,CA,268
rmx.news,UP,268
worldfishing.net,UK,268
science.org.au,AS,268
kashmirpatriot.com,IN,268
france.tv,FR,268
manchestertimes.com,US,268
aip.org,US,268
infoespacial.com,SP,268
agromisiones.com.ar,AR,268
smithvillereview.com,US,267
ukrnews24.com,UP,267
tomaspueyo.com,SP,267
pinstripesnation.com,US,267
viva.co.nz,NZ,267
kiis1065.com.au,AS,267
kkla.com,US,267
accc.gov.au,AS,267
drrichswier.com,US,267
iaf.org.il,IS,267
fakulteti.mk,MK,267
the-gazette.co.uk,UK,266
englishrussia.com,RS,266
consumatrici.it,IT,266
journaltranscript.com,US,266
londonnewstime.com,UK,266
paulplowman.com,UK,266
jedadulu.com,ID,266
netdoktor.at,GM,266
namibianminingnews.com,WA,266
acleddata.com,YM,266
thevalue.com,CH,266
princewilliamliving.com,US,266
updatednews.com,CA,266
robert-schuman.eu,RS,265
govalleykids.com,US,265
tencent.com,CH,265
rrj.ca,CA,265
pbssocal.org,US,265
caminodesantiago.me,SP,265
purple.fr,FR,265
wcsjnews.com,US,265
contractoruk.com,UK,265
utahsvfx.com,US,265
tribunenewsnow.com,US,265
newscase.com,US,265
diglogs.com,RS,265
historic-uk.com,UK,265
vvnews.info,RS,265
wranglernews.com,US,264
gulfislandsdriftwood.com,CA,264
pillarcatholic.com,US,264
dig-in.com,US,264
2sao.vn,VM,264
theshelbyreport.com,US,264
boulderbeat.news,US,264
env-econ.net,US,264
yourweather.co.uk,UK,264
wichitabeacon.org,US,264
planetski.eu,AU,264
unilad.co.uk,US,264
seeleylake.com,US,264
chowderandchampions.com,US,264
therecursive.com,EZ,264
ceelegalmatters.com,EZ,263
shots.net,US,263
24livenewspaper.com,BG,263
in7.info,MK,263
vera.org,US,263
lincolnjournalonline.com,ID,263
vipnews.jp,JA,263
peipsirannik.info,EN,263
lastrealindians.com,US,263
travelalerts.ca,AS,263
thenerveafrica.com,GH,262
awwproject.org,AF,262
radiomuqdisho.net,SO,262
channelnomics.com,US,262
kchispanicnews.com,US,262
crowdsourcing.org,GM,262
rinf.com,UP,262
kurusetra.net,ID,262
tchadactuel.com,CD,262
panorama.com.ve,VE,262
mundo-oriental.com.ve,VE,262
fineartshippers.com,US,262
kzoo.edu,US,262
vancouverobserver.com,CA,262
asbmb.org,US,262
nerdcoremovement.com,US,262
ehextra.com,US,261
law.asia,CH,261
presidency.gov.lb,LE,261
northyorks.gov.uk,UK,261
nnn.ng,BR,261
popara.mk,US,261
argusdelassurance.com,FR,261
elwaha-dz.com,AG,261
capitalcurrent.ca,CA,261
juntadeandalucia.es,SP,261
enalcobendas.es,SP,261
sokgazetesi.com.tr,TU,261
squaremeal.co.uk,UK,261
ophthalmologytimes.com,US,261
folhapaulistana.com.br,BR,261
jewishrockradio.com,US,260
gonzagabulletin.com,US,260
hud.gov,US,260
thetriangle.org,US,260
1065theticket.com,US,260
thetruthaboutguns.com,US,260
kdbr.com,US,260
capcity.news,US,260
kfma.com,US,260
ctxt.es,SP,260
salife.com.au,AS,260
extra.cw,US,260
lehighsports.com,US,260
deejay.hr,HR,260
newnownext.com,US,260
e-vehicleinfo.com,IN,260
ifs.org.uk,UK,260
aop.org.uk,UK,260
cnsmaryland.org,US,260
coastweek.com,US,260
trinityjournal.com,US,260
civilrights.org,US,260
businessdesk.co.nz,NZ,260
dayton247now.com,US,259
mfame.guru,CH,259
hulltimes.com,US,259
dropsitenews.com,IS,259
gopurpleaces.com,US,259
jbstv.org,US,259
thezone.fm,CA,259
nugenixsamples.com,US,259
moccae.gov.ae,AE,259
uillinois.edu,US,259
educatinghumanity.com,US,259
gandul.ro,RO,259
sunshinecoastnews.com.au,AS,259
puls4.com,AU,259
mearnsleader.co.uk,UK,259
fashionnetwork.com,FR,259
tigermedianet.com,US,258
formulaspy.com,SP,258
howard.edu,US,258
f24.com.br,BR,258
icefi.org,GT,258
lajolla.com,US,258
awm.gov.au,AS,258
pluralistic.net,US,258
bulevar.mk,MK,258
travelgo.gr,GR,258
lakroa.mg,MA,258
alome.com,TO,258
digiday.com,US,258
luohe.gov.cn,CH,258
gcu.edu,US,258
exmouthjournal.co.uk,UK,258
healthnewshub.org,US,258
plannedparenthood.org,US,258
uchealth.org,US,258
sis.md,MD,258
thepaypers.com,BR,257
220triathlon.com,UK,257
krfcfm.org,US,257
disciplestoday.org,US,257
scannain.com,EI,257
liberalfirst.com,US,257
charlottemagazine.com,US,257
manufacturelink.com.au,US,257
dailyfaceoff.com,CA,256
cbia.com,US,256
q1051rocks.com,US,256
supconnect.com,SP,256
greens-efa.eu,UP,256
penistonefm.co.uk,UK,256
socceroos.com.au,AS,256
onefm.sg,SN,256
lemagazinedumanager.com,MO,256
swagbucks.com,US,256
muhc.ca,CA,256
wireservice.ca,IT,256
zeri.mk,AL,256
ramblernewspapers.com,US,256
americas1stfreedom.org,US,256
ucdenver.edu,US,256
anqing.gov.cn,CH,256
oncenoticias.tv,MX,256
astoriapost.com,US,256
harpercollins.com,US,255
siouxfallslive.com,US,255
112heuvelrug.nl,NL,255
pcrm.org,US,255
borderlessmag.org,US,255
bequoted.com,SW,255
cryptopotato.com,US,255
camerounlink.net,CM,255
iphones.ru,RS,255
803.com.cn,CH,255
ift.org,US,255
manatt.com,US,255
termlimits.com,US,255
blaetter.de,GM,255
nyttiuka.no,NO,255
firstcallgolf.com,US,255
yvelines.fr,FR,254
verdict.co.uk,CH,254
ifallsjournal.com,US,254
impresiupdate.id,US,254
parliament.gh,GH,254
wordandway.org,US,254
cafebabel.co.uk,UK,254
noonpost.com,IR,254
ncl.ac.uk,UK,254
luxurylifestylemag.co.uk,UK,254
artmajeur.com,US,254
ub.bw,BC,254
geeksofdoom.com,US,254
thecommunityword.com,US,254
armando.info,VE,254
co.ua,UP,254
canyu.org,CH,254
alzheimersnewstoday.com,US,254
marshallparthenon.com,US,254
bobandtom.com,US,254
infoq.com,ID,253
donetskie.com,UP,253
mddionline.com,US,253
accu.or.ug,UG,253
wxou.org,US,253
hawaiipublicschools.org,US,253
dizo.com.cn,CH,253
infodron.es,SP,253
umanitoba.ca,CA,253
natureconservancy.ca,CA,253
uup.org,UK,253
betus.com.pa,US,253
thezimbabwedaily.com,ZI,253
veronews.com,US,253
denso.com,US,253
knskashmir.com,IN,253
ontheflix.com,US,253
technomadia.com,US,253
bk-brest.by,BO,253
aph.gov.au,AS,253
thestrayferret.co.uk,UK,253
businesstimes.co.tz,US,253
gulf-insider.com,SA,253
stackedhomes.com,SN,253
finestresullarte.info,IT,252
wiltshirelive.co.uk,UK,252
tv8.it,IT,252
personcountylife.com,US,252
comune.pistoia.it,IT,252
archboldbuckeye.com,US,252
lungoparma.com,IT,252
barbend.com,US,252
cgiamestre.com,IT,252
macbidouille.com,FR,252
aktien-meldungen.de,GM,252
numrush.nl,NL,252
mundosustentavel.com.br,BR,252
rnc.co.jp,JA,252
marquette.edu,US,252
essentiallysports.com,BR,251
nextplatform.com,US,251
nybooks.com,US,251
bemidjinow.com,US,251
maplelakemessenger.com,US,251
sweden.se,SW,251
jmir.org,CH,251
floridapoliticalreview.com,US,251
kiskegyed.hu,HU,251
foxandhoundsdaily.com,US,251
ycitynews.com,US,251
mffashion.com,IT,251
somaliweyn.org,SO,251
ecfs.org,US,251
pink.rs,RI,251
ciddihaber.com.tr,TU,250
anty-defamation.pl,RS,250
rlsmedia.com,US,250
capitalcitynews.us,NI,250
slrbs.com,CH,250
whitehousehistory.org,US,250
healthcaredesignmagazine.com,US,250
farmonline.com.au,AS,250
singularityhub.com,US,250
openglobalrights.org,HA,250
tennisworldusa.org,AS,250
mrweb.com,AS,250
insanityradio.com,UK,250
alisolagunanews.com,US,250
hockessincommunitynews.com,US,250
reviewed.com,US,250
buildingindiana.com,US,250
roundhouseradio.com,CA,250
soschildrensvillages.org.uk,IS,250
weather.gov,US,250
ihh.org.tr,IS,250
lboro.ac.uk,UK,250
uslchampionship.com,US,249
onemega.com,RP,249
ipfa.org,UK,249
seminolestate.edu,US,249
itproportal.com,UK,249
clayandbuck.com,US,249
westhamzone.com,UK,249
vuu.edu,US,249
tysonstoday.com,US,249
myfamilytravels.com,US,249
philosophytalk.org,US,249
editions-eyrolles.com,FR,249
emptywheel.net,RS,249
bidnessetc.com,US,249
theinformation.com,US,249
punchline-gloucester.com,UK,249
cottongrower.com,US,249
kmkz.ro,RO,249
whatisnuclear.com,US,248
thelight.com.au,AS,248
newsli.com,US,248
persecution.org,NI,248
gottabemobile.com,US,248
nawaat.org,TS,248
digitalmarketreports.com,CH,248
gpone.com,IT,248
wmxi.com,US,248
anonymouseagle.com,US,248
iowareview.org,US,248
sasweb.org,US,248
kpk.fi,FI,248
mtt.org,AS,248
comune.napoli.it,IT,248
alibi.com,US,248
ilovecanosa.it,IT,248
nihonbungeisha.co.jp,JA,247
milwaukeetimesnews.com,US,247
pcprofessionale.it,IT,247
startupticker.ch,SZ,247
huskerextra.com,US,247
satcm.gov.cn,CH,247
winchesternewsgazette.com,US,247
allabout-japan.com,JA,247
makpress.mk,MK,247
consultancy.uk,UK,247
wto.org,CH,247
kofiannanfoundation.org,SZ,247
meridiano.com.ve,VE,247
england.nhs.uk,UK,247
umassmed.edu,US,247
jsuchanticleer.com,US,247
liveinternet.ru,RS,247
roodepoortrecord.co.za,SF,247
notiperu.com.pe,PE,247
mountainlake.org,US,247
buffalorumblings.com,US,247
bukedde.co.ug,UG,247
nami.org,US,247
carfulofkids.com,US,246
qsaltlake.com,US,246
topuscasinos.com,US,246
labtv.net,IT,246
gjurme.info,AL,246
bidoun.org,US,246
entravision.com,US,246
eclectablog.com,US,246
theankler.com,US,245
robhasawebsite.com,CA,245
korea.com,KS,245
sgfoodonfoot.com,SN,245
motorpasionmoto.com,SP,245
sportsunfold.com,IN,245
afscme.org,US,245
minorleagueball.com,US,245
kawankumagz.com,ID,245
greenfieldvedette.com,US,245
agribusinessglobal.com,US,245
solacebase.com,NI,245
cosmopolis.ch,US,245
ukrainianweek.com,UP,245
themidwesterner.news,US,245
red1031.com,US,244
citizensjournal.us,US,244
thecrite.com,US,244
citadel.edu,US,244
ripitup.com.au,AS,244
whatson-kiev.com,UP,244
vampirefreaks.com,US,244
hamptons.com,US,244
nlmk.com,RS,244
esradio.cl,SP,244
times-age.co.nz,NZ,244
hiper.fm,PO,244
otvfoco.com.br,BR,244
thebluebanner.net,US,244
uofmhealth.org,US,244
formatonews.it,IT,244
dailychiefunion.com,US,244
sportdog.gr,GR,244
bio-itworld.com,US,244
channellife.news,US,243
ird.fr,FR,243
mja.com.au,AS,243
musicfestnews.com,US,243
dolezite.sk,RS,243
thefilmexperience.net,US,243
887thecross.com,US,243
plantbasednews.org,UK,243
eversheds-sutherland.com,UK,243
elbertcountynews.net,US,243
secretsiam.news,SA,243
eomail2.com,US,243
pastfactory.com,US,243
associationsnow.com,US,243
damninteresting.com,US,243
mariammokhtar.com,MY,243
morbidanatomymuseum.org,ID,243
thecantoncitizen.com,US,242
latinosinkidlit.com,US,242
experian.com,US,242
installation-international.com,US,242
plus961.com,LE,242
rochesterbeacon.com,US,242
thesolesupplier.co.uk,JO,242
onthebanks.com,US,242
startinsight.eu,CH,242
sportscasting.com,US,242
hstong.com,CH,242
quantcdn.io,AS,242
uibk.ac.at,AU,242
louisvillefamilyfun.net,US,242
und.edu,US,242
nationaldefensemagazine.org,US,242
mundorubronegro.com,BR,242
geeksandcom.com,CA,241
tripswithtykes.com,UK,241
aerotelegraph.com,GM,241
sport.org.cn,CH,241
acsh.org,US,241
zabikers.co.za,BC,241
kyoutv.com,US,241
umlconnector.com,US,241
kisselpaso.com,US,241
letstalkfaith.com,US,241
fow.com,UK,241
tribalradio.org,US,241
investmentmagazine.com.au,AS,241
famashow.pt,PO,241
cullmantribune.com,US,241
goldstreamgazette.com,CA,241
sportsbookreview.com,US,241
santansun.com,US,241
soundofhope.org,CH,240
apublicspace.org,US,240
lindenwoodlions.com,US,240
nicole.express,JA,240
cfotech.news,US,240
sungazette.news,US,240
unoosa.org,AU,240
geeskaafrika.com,RS,240
wrc.com,EN,240
oldmission.net,US,240
wmse.org,US,240
endzonescore.com,US,240
nanaimonewsnow.com,CA,240
tera.mk,MK,240
wawa.info,PL,240
landlordtoday.co.uk,UK,240
runsociety.com,SN,239
ccps.gov.cn,CH,239
wallstreetweb.nl,NL,239
holycross.edu,US,239
philanthropyroundtable.org,US,239
radar.dk,DA,239
hamlineoracle.com,US,239
acs-aec.org,CO,239
pnp.gov.ph,RP,239
cityhubsydney.com.au,AS,239
foodprocessing.com,US,239
aruco.com,CH,239
eupop.it,IT,239
jhuapl.edu,US,239
localnewsdigital.com,US,239
sightmagazine.com.au,UG,239
morgancountycitizen.com,US,239
fach.mil.cl,CI,239
ecmconnection.com,US,239
shalemag.com,US,239
lobservateur.info,MO,239
dillonheraldonline.com,US,239
b985radio.com,US,239
thedunlap-tribune.com,US,239
teamsa.co.za,SF,238
sestaporta.news,IT,238
drax.com,UK,238
ecogeneration.com.au,AS,238
techhive.com,US,238
iberianlawyer.com,SP,238
bucknell.edu,US,238
thinkglobalhealth.org,US,238
adventuremomblog.com,US,238
daryo.uz,TX,238
mp.gob.ve,VE,238
qualityassurancemag.com,US,238
kubnews.ru,RS,238
cilisos.my,MY,238
naisadak.org,IN,238
deadspin.com,US,238
aLibreville.com,GB,238
rsk.co.jp,JA,238
frbsf.org,US,238
federalbaseball.com,US,238
wdnonline.com,US,238
gossip24ore.it,IT,238
localaccidentreports.com,US,238
aoav.org.uk,UK,238
uvic.ca,CA,238
swksradio.com,CH,238
cedarrepublican.com,US,238
channelbiz.co.uk,US,238
ngaus.org,US,238
fundacioncien.es,SP,237
la-regeneration.com,UK,237
soas.ac.uk,UK,237
goodbullhunting.com,US,237
marinatimes.com,US,237
kblx.com,US,237
jota.info,BR,237
muannepal.org.np,NP,237
celebratingthesoaps.com,JO,237
cps.gov.uk,UK,237
iuhoosiers.com,US,237
k-state.edu,US,237
rudasov.ru,RS,237
statecolumn.com,US,237
onu.edu,US,237
tigertv.tv,US,236
chcf.org,US,236
netherlandsandyou.nl,NL,236
nation.cymru,UK,236
ypodomes.com,GR,236
publicfinanceinternational.org,UK,236
fdacs.gov,US,236
practicalmotoring.com.au,AS,236
thewirechina.com,CH,236
tfn.scot,UK,236
businesstravelerusa.com,US,236
depaulbluedemons.com,US,236
materialstoday.com,US,236
freshangleng.com,BG,236
equipmentjournal.com,CA,236
palmettobusinessdaily.com,US,236
vandalialeader.com,US,236
redalertpolitics.com,US,236
elle.com.hk,HK,235
scottishbusinessnews.net,UK,235
180dfo.com,US,235
newsabah.com,SY,235
inrng.com,FR,235
thegrenadainformer.com,GJ,235
elperiodicodehuelva.es,SP,235
dailybrief.ng,NI,235
mediapen.com,KS,235
atheer.om,MU,235
kathmandutribune.com,CH,235
jazztimes.com,US,235
velvetparkmedia.com,US,235
hcnews.com,US,235
pierrebrossolette.com,FR,235
epilepsy.com,US,235
nyss.no,NO,235
cifor-icraf.org,KE,235
onidawatchman.com,US,235
businessinsider.de,GM,234
alaskaair.com,US,234
casalenews.it,IT,234
milfordbeacon.com,US,234
badgirlchats.com,US,234
ucl.ac.uk,UK,234
bladenonline.com,US,234
lydianinternational.co.uk,DR,234
eatdrink.my,MY,234
educause.edu,US,234
b3ta.com,UK,234
apoel.com.cy,CY,234
phillipscollection.org,US,234
middletowntranscript.com,US,234
anlegen-in-immobilien.de,GM,234
passagesnorth.com,IR,234
savethechildren.org,IS,234
alxnow.com,EG,234
classicrock965.com,US,234
elvigia.com,SP,234
themusicuniverse.com,AS,234
v1033.com,US,233
theblemish.com,US,233
madboxpc.com,US,233
stormlake.com,US,233
moma.org,US,233
novedadesacapulco.mx,IS,233
wetpaint.com,US,233
tripolipost.com,IS,233
dailyindependentnig.com,NI,233
hopkinsallchildrens.org,US,233
1390granitecitysports.com,US,233
theblitztulsa.com,UP,233
eatnorth.com,CA,233
newingtontowncrier.com,US,233
thepanamadigest.com,PM,233
southbmore.com,US,233
cheathamcountyexchange.com,US,233
viz.com,JA,233
ticweb.es,SP,232
heifer.org,UG,232
ashden.org,UK,232
stockwatch.com.cy,CY,232
nypl.org,US,232
goldenstateofmind.com,US,232
osservatoremeneghino.info,IT,232
armtoday.info,RS,232
pipelinereview.com,CH,232
usprwire.com,US,232
nyc.gov,US,232
millwardbrowniberia.com,CH,232
104wgnl.com,US,232
arvadapress.com,US,232
collegehoopstoday.com,US,232
soccerwire.com,US,232
kottke.org,US,232
urbanturf.com,US,232
worldfinance.com,CH,232
ohsu.edu,US,231
texaslifestylemag.com,US,231
slipperstillfits.com,US,231
thejockeyclub.co.uk,UK,231
protocol.com,US,231
sonsayfa.com,TU,231
segnidalcielo.it,US,231
huntingtoncountytab.com,US,231
migros.com.tr,TU,231
villanovan.com,US,231
cbi.org.uk,UK,231
bollyinside.com,US,231
thesussexsurrydispatch.com,US,231
footymad.net,SP,231
umsl.edu,US,231
laflecha.net,SP,231
smith.edu,US,231
radiorus.ru,RS,231
panasiabiz.com,PK,230
arablastnews.com,CH,230
sunny106.fm,US,230
streetwisereports.com,US,230
diariodopoder.com.br,BR,230
oviedocommunitynews.org,US,230
minthilltimes.com,US,230
cricketworld.com,PK,230
usfca.edu,US,230
searshouseseeker.com,US,230
tolucantimes.info,US,230
enterprise.gov.ie,EI,229
pemedianetwork.com,RS,229
hillrag.com,US,229
sensacine.com.mx,MX,229
three.co.uk,UK,229
wned.org,US,229
ferloo.com,SG,229
allevents.in,US,229
hawaaworld.com,SA,229
rocknrollexperience.com,US,229
verifythis.com,US,229
aatj.org,JA,229
lincolnsquirrel.com,US,229
wehotimes.com,US,229
berwickshirenews.co.uk,UK,229
campusfrance.org,FR,229
basketballinsiders.org,US,229
fidelitypr.com,US,229
petproductnews.com,US,229
loverugbyleague.com,AS,229
astronews.com,GM,229
coca-colacompany.com,US,229
ijvcanada.org,IS,229
precisionvaccinations.com,US,229
targetedonc.com,US,228
myktis.com,US,228
buckrail.com,US,228
banka.hr,HR,228
resumenlatinoamericano.org,CU,228
coamb.cat,SP,228
theicec.com,VM,228
ual.es,UP,228
sopghreporter.com,US,228
teleradioerre.it,US,228
srpskikompas.rs,RI,228
todayspigskin.com,US,228
maconcountychronicle.com,US,228
fisherphillips.com,US,228
fox47.com,US,228
memokraat.ee,EN,228
inserbia.info,UK,228
kfox.com,US,227
wfxb.com,US,227
esdelatino.com,US,227
praise1065.com,US,227
cardinalpointsonline.com,US,227
bne.eu,IR,227
jnilbo.com,KS,227
mix939.fm,US,227
antiguanewsroom.com,US,227
cz001.com.cn,CH,227
aacc-ceta.org,KE,227
ciotrends.cz,EZ,227
thelocalne.ws,US,227
kolafm.com,US,227
scdemocratonline.com,US,227
coingape.com,US,227
fourwaysreview.co.za,SF,227
961bobfm.com,US,227
jihadica.com,IZ,227
notibolivia.bo,BL,227
militaryschool.com,US,227
economyincrisis.org,US,226
islandssounder.com,US,226
alwasatnews.com,UK,226
mtv.de,GM,226
gorodbryansk.info,RS,226
hconews.com,US,226
allaboutjazz.com,US,226
wexas.com,US,226
elfann.com,LE,226
thearknewspaper.com,US,226
newstyleradio.co.uk,UK,226
badzine.net,ID,226
moodiedavittreport.com,QA,226
wallethub.com,US,225
lurkmore.to,RS,225
ktnnonline.com,US,225
ahcaijing.com,CH,225
campaignlive.com,US,225
gmnews.com,US,225
afjn.org,GH,225
beloit.edu,US,225
notimexico.com.mx,MX,225
loyola.edu,US,225
globest.com,US,225
nomenugget.com,US,225
westernstandard.news,CA,225
emjreviews.com,US,225
republic-news.org,CA,225
estateagenttoday.co.uk,UK,225
childrenandnature.org,US,225
midsussextimes.co.uk,UK,225
equimanagement.com,US,225
saci.co.za,SF,225
techbusinessnews.com.au,AS,225
538.nl,NL,225
ag.org,US,225
libertyunyielding.com,US,225
victorysportsnetwork.com,US,225
schoolconstructionnews.com,US,225
newsrichmondva.com,US,225
irun.ca,CA,225
life973.com,US,224
cn2.com,US,224
info.gov.hk,HK,224
useventing.com,US,224
observer24.com.na,WA,224
memphisdemocrat.com,US,224
flsentinel.com,US,224
declutteringmom.com,US,224
tnsr.org,US,224
quebechebdo.com,CA,224
nhra.com,US,224
sponser.co.il,IS,224
peopleinneed.net,UP,224
themichigantimes.com,US,224
vitalvoices.org,US,223
cadiiflink.com,CM,223
americansforprosperity.org,US,223
kpsu.org,US,223
yalereview.org,US,223
thelines.com,US,223
ms.gov.pl,PL,223
deltawindonline.com,US,223
haksanpub.co.kr,JA,223
wonderopolis.org,US,223
wild953.com,CA,223
bitcoinke.io,KE,223
stavropol.media,RS,223
sudquotidien.sn,SG,223
wolves.co.uk,PO,223
postingandtoasting.com,US,223
thetowerlight.com,US,222
futuro360.com,US,222
idg.com.au,AS,222
africanminingmarket.com,SF,222
mypmp.net,US,222
wbgl.org,US,222
worldnationnews.com,US,222
cineblitz.in,IN,222
iracing.com,US,222
usef.org,US,222
faithtalk1360.com,US,222
financiarul.com,US,222
inverurieherald.co.uk,UK,222
cruisingworld.com,US,222
savvytokyo.com,JA,222
parliament.bm,BD,222
davar1.co.il,IS,222
beebom.com,JA,222
bigten.org,US,222
manifoldtimes.com,SN,222
mercatoday.com,SY,222
skiweltcup.tv,AU,222
lejournaldelafrique.com,FR,222
mrw.co.uk,UK,222
audicary.com,US,222
gladstonedispatch.com,US,222
datzhott.com,US,221
motorward.com,US,221
bigcat953.com,US,221
clb.org.hk,CH,221
ncaa.org,US,221
parismatch.be,BE,221
themovieblog.com,US,221
pim-international.com,US,221
aeiou.pt,PO,221
610wagg.com,US,221
mogazmasr.com,SY,221
sdvoice.info,US,221
asiabriefing.com,CH,221
lagazzettadigitale.it,IT,221
thebusinessmagazine.co.uk,UK,220
philosophersmag.com,US,220
blogos.com,JA,220
hot931.com,US,220
luatvietnam.vn,VM,220
munster-express.ie,EI,220
newsouthpolitics.com,US,220
newsexaminer.com,US,220
939themix.com,US,220
battleredblog.com,US,220
thesarniajournal.ca,CA,220
bairdmaritime.com,CH,220
asiamarkets.com,CH,220
fws.gov,US,220
knoxdaily.com,US,220
mymodernmet.com,US,220
fipp.com,PO,220
mix93.fm,US,220
bluegrasstoday.com,US,219
worldagroforestry.org,KE,219
scsuntimes.com,US,219
southhillenterprise.com,US,219
reckonsouth.com,US,219
barrheadnews.com,UK,219
channelfutures.com,US,219
idropnews.com,US,219
lequebecois.org,CA,219
loyno.edu,US,219
kuria-birosag.hu,HU,219
ecommercenews.eu,NL,219
skopje1.mk,MK,219
virgin.com,US,219
unitedhealthgroup.com,US,219
verylocal.com,US,219
canucksdaily.com,CA,219
schulen.ch,SZ,219
aksyonradyoiloilo.com.ph,RP,219
citizenlab.ca,US,219
nhnieuws.nl,NL,219
newsoforange.com,US,219
barbertonherald.com,US,219
761.jp,JA,218
superxv.com,AS,218
ukprogressive.co.uk,UK,218
thebureau.news,CA,218
havehalalwilltravel.com,SZ,218
ss-times.com,US,218
mtn.co.kr,KS,218
saumag.edu,US,218
phr.org,SY,218
aircargoworld.com,US,218
themeatmen.sg,SN,218
sfstandard.com,US,218
iothub.com.au,AS,218
pajiba.com,US,218
bigwordsblog.com,CH,218
afc.com.au,AS,218
morningpost.com.cn,CH,218
commercialintegrator.com,US,218
lingleguide.com,US,218
kayakbase.com,UK,218
bsr-russia.com,RS,218
lazampa.it,IT,218
architecture.com,UK,218
ssusa.org,US,218
vinography.com,SF,218
sol.org.tr,TU,218
plushev.com,RS,218
manhassetpress.com,US,218
20017755.com,CH,218
thecollegevoice.org,US,217
confcommercioverona.it,IT,217
commercialproperty.ua,UP,217
doverpost.com,US,217
fedex.com,TH,217
mustreadalaska.com,US,217
ayobandung.com,ID,217
foodengineeringmag.com,US,217
sport.es,SP,217
africatimes.com,SF,217
animaljustice.ca,CA,217
primelocation.com,CY,217
teknolojisende.com,TU,217
rizospastis.gr,GR,217
tnjournal.net,US,217
washco-md.net,US,217
dundalkeagle.com,US,217
eurobarca.hu,SP,217
coreeilbo.com,US,217
bouldercolorado.gov,US,216
myveronanj.com,US,216
livescore.com,QA,216
viewmag.com,CA,216
chitamedia.su,RS,216
houseofhaironline.com,US,216
sidmouthherald.co.uk,UK,216
scotscoop.com,US,216
currentaffairsza.com,SF,216
asimov.press,US,216
texashighways.com,US,216
agoracosmopolitan.com,CA,216
credit.com,US,216
tengoseddeti.org,SW,216
jaapgrolleman.com,CH,216
argusnews.in,IN,216
forces.net,UK,215
pasenate.com,US,215
notiarandas.com,MX,215
notquitenigella.com,FJ,215
benonicitytimes.co.za,SF,215
lonny.com,US,215
litclub.bg,BU,215
sixnationsrugby.com,IT,215
dancing-times.co.uk,UK,215
gunnisontimes.com,US,215
ittf.com,CH,215
southfloridahospitalnews.com,US,215
geospatialworld.net,IN,215
zaikei.co.jp,ID,215
journalducanada.com,CA,215
courtnewsohio.gov,US,215
indmin.com,CH,215
icccricketschedule.com,IN,215
nile4.com,EG,215
bioworld.com,CH,215
getfootballnewsfrance.com,FR,215
topwinesa.com,SF,215
haberevet.com,TU,215
gamblinginsider.com,US,215
alpinecanada.org,CA,215
exhaustnotes.com.au,AS,215
dayton937.com,US,215
porsche.com,CH,215
bionews-tx.com,US,214
pika.mk,KV,214
gov.vg,VQ,214
metromode.se,SW,214
cmu.edu,US,214
reviewonline.co.za,SF,214
everything-pr.com,US,214
thesmartinvestor.com.sg,SN,214
mymcr.net,US,214
worldenergynews.com,RS,214
eventbrite.com,US,214
krvm.org,US,214
legalscoops.com,US,214
singaporelawwatch.sg,SN,214
slator.com,US,214
amwalalghad.com,EG,214
knocksense.com,IN,214
thisweekinworcester.com,US,213
fmlaredonda.com.ar,AR,213
mtv.fi,FI,213
thomasorr.co.uk,UK,213
csbsju.edu,US,213
indiangaming.com,US,213
rublikasi.com,ID,213
ecmweb.com,US,213
thesourcefm.co.uk,UK,213
kfkf.com,US,213
ucs.org,US,213
kpdq.com,US,213
reston-connection.com,US,213
michamber.com,US,213
connectstatesboro.com,US,213
culturepsg.com,FR,213
iihf.com,CA,213
afoodieworld.com,HK,213
opportunity.org,GH,213
ourfuture.org,US,213
journal-eureka.com,US,213
therevelator.org,US,213
discoverwildlife.com,US,213
paginemamma.it,IT,213
flyergroup.com,US,213
di.pl,PL,213
nomadcapitalist.com,MX,213
smu.edu.sg,SN,213
homecaremag.com,US,212
savethechildren.org.uk,UK,212
fcps.edu,US,212
themusicnetwork.com,AS,212
vucommodores.com,US,212
onlinepoker.net,US,212
lavernecommunitynews.com,US,212
malariaconsortium.org,NI,212
retiredandtravelling.com,CA,212
thesalinepost.com,US,212
gartentechnik.de,GM,212
symmetrymagazine.org,US,212
denizfeneri.org.tr,IS,212
bloomeradvance.com,US,212
stitchcraftcreate.co.uk,UK,212
cabinet.gov.bd,BG,212
provincia.foggia.it,IT,212
forwardky.com,US,212
derehamtimes.co.uk,UK,212
getthecoast.com,US,212
militaryspot.com,US,212
21inc.ca,CA,212
snowmagazine.com,AU,212
digitalinformationworld.com,US,212
boxing247.com,SA,212
jastrzabpost.pl,PL,211
milleunadonna.it,IT,211
metroairportnews.com,US,211
ktv.mk,MK,211
digitalproduction.com,GM,211
sprinter.com.au,AS,211
pedal.ir,IR,211
footballaustralia.com.au,AS,211
topstoriesworld.com,IN,211
deltaradio.de,GM,211
businessdaily.gr,GR,211
healthpolicy-watch.news,US,211
globalrailwayreview.com,UK,211
hotdailys.com,US,211
istpravda.com.ua,UP,211
popville.com,US,211
hollywoodinsider.com,US,211
penobscotbaypress.com,US,210
uvu.edu,US,210
crossway.org,US,210
isc.org.cn,CH,210
hirondelle.org,ML,210
tele.ch,SZ,210
creditslips.org,US,210
cityofmadison.com,US,210
athensmagazine.gr,GR,210
opindia.com,IN,210
thehealthy.com,US,210
pjtime.com,CH,210
blogdeviajes.com.ar,AR,210
topnormandie.com,FR,210
manufacturingtodayindia.com,IN,210
marqit.nl,NL,209
aptn.ca,CA,209
beach104.com,US,209
epicenter-nyc.com,US,209
hopuganda.org,UG,209
conventionofstates.com,US,209
amisom-au.org,SO,209
theglobalfund.org,SZ,209
nuffieldtrust.org.uk,UK,209
nashfm1071.com,CH,209
caltech.edu,US,209
lanternerouge.com,FR,209
winterthur.org,US,209
wrtcfm.com,US,209
irinnews.org,SU,208
pijet.com,FR,208
westpoint.edu,UP,208
thegroundtruthproject.org,US,208
biscaynetimes.com,US,208
myfrugalbusiness.com,US,208
fujitsu.com,JA,208
gov.wales,UK,208
maidenhead-advertiser.co.uk,UK,208
mncourts.gov,US,208
gamed.nl,JA,208
volleynews.id,ID,208
dcceew.gov.au,AS,208
ppmn.or.id,ID,208
hlrecord.org,US,208
aeroin.net,BR,208
abubakarbukolasaraki.com,NI,208
abi.bo,BL,208
dailysource.org,US,208
nztech.org.nz,NZ,208
seudinheiro.com,BR,208
ktru.org,US,208
islam21c.com,IS,208
redsvn.net,RS,208
northhavennews.com,US,208
thecowl.com,US,208
dominicavibes.dm,DO,208
debiase.com,IT,207
classicalcalifornia.org,US,207
chinamediaproject.org,CH,207
urbandaddy.com,US,207
reportfocusnews.com,ZI,207
bitbol.la,SP,207
warriormaven.com,RS,207
stratechery.com,US,207
palestineafree.com,ID,207
dnpindia.in,IN,207
ringsideintel.com,US,207
inovativnost.mk,UK,207
erinkissane.com,BM,207
kirkland.com,US,207
scienceworldreport.com,US,207
ukim.org,UK,207
goexplorers.com,US,207
soxprospects.com,US,207
charitytoday.co.uk,UK,207
1limburg.nl,NL,207
taxjustice.net,UK,207
lakepowelllife.com,US,207
yerkramas.org,AM,207
zamanindahaber.com,TU,206
beinsports.com,FR,206
nextavenue.org,US,206
indulgexpress.com,IN,206
doescadushi.sr,NS,206
njoag.gov,US,206
totalenergies.com,FR,206
southeastexpress.org,US,206
torontofc.ca,CA,206
newhot997.com,US,206
24auto.mk,CH,206
cambridgeindependent.co.uk,UK,206
masterofmalt.com,UK,206
wilottery.com,US,206
moroccomail.fr,MO,206
bvinews.com,UK,206
eldiario.com,VE,206
hawaiipolice.com,US,206
ekonomijaibiznis.mk,MK,206
ktrs.com,US,206
tenniscanada.com,CA,206
cybersecurity360.it,IT,205
spacechina.com,CH,205
resourcegovernance.org,NI,205
thecricketer.com,AS,205
nobackhome.com,GM,205
dreamlog.jp,JA,205
oaklandpostonline.com,US,205
freddalzell.com,UK,205
aneddoticamagazine.com,US,205
wahanariau.com,TH,205
manoanow.org,US,205
altomolise.net,IT,205
freethink.com,US,205
delish.com,US,205
belbalady.net,SY,205
mclaren.com,MX,205
mintz.com,US,205
sarl.org.za,SF,205
jxxw.com.cn,CH,205
abilet.pl,PL,205
wau.org,US,205
nurserymag.com,US,205
iclg.com,SF,205
sosradio.net,US,205
wcrsfm.org,US,204
fmdelmercosur.com,US,204
pluralidadz.com,CO,204
theufl.com,US,204
kawa-news.com,SA,204
pokemongohub.net,JA,204
herald-journal.com,US,204
eowilsonfoundation.org,US,204
iglucruise.com,US,204
parliament.gov.sb,BP,204
concacaf.com,MX,204
finest.se,SW,204
fussball.ch,SZ,204
skidmore.edu,US,204
sebgroup.com,SW,204
newsru.com,RS,204
landscapearchitecturemagazine.org,US,204
brownbears.com,US,204
projecthope.org,UP,204
ctlatinonews.com,US,204
steeltimesint.com,US,204
pcfoster.pl,PL,204
artplus.ph,RP,203
cjry.ca,CA,203
avtomagazin.com.mk,CH,203
telemachuspress.com,US,203
projectq.us,US,203
remezcla.com,BR,203
opengovpartnership.org,US,203
kayserigundem.net,TU,203
geekspin.co,US,203
atlanticfarmfocus.ca,CA,203
chatnewstoday.ca,CA,203
hoopfeed.com,US,203
theportlandbeacon.com,US,203
utn.edu.ar,AR,203
phila.gov,US,203
flippa.com,US,202
txfnews.com,RS,202
ky-leadernews.com,US,202
eastkilbrideconnect.co.uk,UK,202
redwoodfallsgazette.com,US,202
defenceconnect.com.au,AS,202
billmoyers.com,US,202
thednvr.com,US,202
prtechnews.com,IN,202
thesuffolkjournal.com,US,202
lawsociety.ie,EI,202
kiwi.com,SF,202
practical.engineering,US,202
inpiu.net,IT,202
investvine.com,ID,202
texassignal.com,US,202
spendmatters.com,US,202
thinkersnewsng.com,NI,202
cryptotimes.io,US,202
insideprecisionmedicine.com,US,202
cdodev.com,RP,202
sempra.com,US,202
sylhettimes.com,US,202
sxminfo.fr,FR,201
rcfp.org,US,201
clnsradio.com,US,201
propertyindustryeye.com,UK,201
fasopresse.net,UV,201
nekrologi.net,PL,201
worldpipelines.com,RS,201
ottawalife.com,CA,201
rachelsruminations.com,IC,201
tahawultech.com,SA,201
ictbusiness.it,IT,201
warc.com,UK,201
939river.com,ID,201
quantumcomputingreport.com,CH,201
thecountyline.net,US,201
digitaltransactions.net,US,201
hopkinsmedicine.org,US,201
blogadda.com,IN,201
foodtank.com,US,201
healthnews.com,US,201
the-liberty.com,IS,201
aem.org,US,201
albertonrecord.co.za,SF,201
allennewspaper.com,US,200
secretcanada.com,CA,200
labourreview.org,CH,200
northbynorthwestern.com,US,200
wcuquad.com,US,200
stats.gov.cn,CH,200
thecannabist.co,US,200
psg.fr,FR,200
livebitcoinnews.com,US,200
activehistory.ca,CA,200
arenafm.gr,PL,200
path.org,KE,200
cooneelee.com,US,200
coyotechronicle.net,US,200
traveljankari.com,US,200
rainylakegazette.com,US,200
flipsidepa.com,US,200
webnewsobserver.com,US,199
thenewsmotion.com,US,199
heritagedaily.com,EG,199
milliposta.com,TU,199
graysharbortalk.com,US,199
66.ru,RS,199
gorunners.com,US,199
cityparkradio.com,AS,199
axisoflogic.com,UP,199
shupirates.com,US,199
goodgearguide.com.au,AA,199
thefulcrum.ca,CA,199
thalesgroup.com,FR,199
star-herald.com,US,199
vh1.com,US,199
fifarm.id,ID,199
londonjazznews.com,US,199
mercerme.com,US,199
abtassociates.com,US,199
g24.gal,SP,199
usask.ca,CA,199
operanews.com,US,199
benteuno.com,RP,199
caribank.org,JM,199
lalgbtcenter.org,US,198
wisden.com,IN,198
gorhamtimes.com,US,198
warisboring.com,RS,198
cinematografo.it,IT,198
belleplaineherald.com,US,198
businessofapps.com,JA,198
bizmonthly.com,US,198
stjamesnews.com,US,198
112provincieutrecht.nl,NL,198
csp.org.uk,UK,198
rideapart.com,IT,198
hawaiian105.com,US,198
starvedrock.media,PE,198
autofinancenews.net,US,198
Celebheights.com,US,198
wmoa1490.com,US,198
montclair.edu,US,198
wartaindustri.com,FR,198
mother.ly,US,198
themeparktribune.com,US,198
compressortech2.com,US,197
frankom.com,KU,197
tennis.se,SW,197
speedsport.com,US,197
kapitali.al,AL,197
y-axis.com,CA,197
southkoreanews.net,KS,197
flushdraw.net,US,197
propertyshark.com,US,197
itextreme.hu,HU,197
westyorkshire.police.uk,UK,197
glacierhub.org,US,197
123telugu.com,IN,197
bankersadda.com,IN,197
godsavethepoints.com,MU,197
brandtrend.hu,HU,197
deeside.com,UK,197
amc.ru,RS,196
ifpnews.com,IR,196
thepricer.org,US,196
flkeysnews.com,US,196
news21.com,US,196
waylandenews.com,US,196
wayne.k12.in.us,US,196
passion.ru,RS,196
joytv.ca,CA,196
ice.org.uk,UK,196
indesignlive.sg,SN,196
centrasia.org,RS,196
dutchwatersector.com,NL,196
mercomindia.com,IN,196
weareaquaculture.com,NO,196
tnjn.com,US,196
ocpgroup.ma,MO,196
eham.net,US,196
thehousefm.com,US,196
infowebtv.com,AL,196
soapoperadaily.com,ML,196
themeparktourist.com,US,196
gz-cmc.com,CH,196
iriefm.net,JM,196
encore-mag.ch,SZ,196
doordash.news,US,196
thecrier.net,US,196
stateoftheu.com,US,196
leicester.gov.uk,UK,196
prnewschannel.com,US,196
smartaviation-apac.com,VM,196
u-tokyo.ac.jp,JA,195
deped.gov.ph,RP,195
dryadglobal.com,CH,195
q104kc.com,US,195
whli.com,US,195
xjtlu.edu.cn,CH,195
lagazzettapalermitana.it,IT,195
outsidebusinessjournal.com,US,195
walterborolive.com,US,195
practicalfishkeeping.co.uk,UK,195
teaweekly.com,US,195
waste-management-world.com,US,195
kitsapdailynews.com,US,195
modenaindiretta.it,IT,195
dswxyjy.org.cn,CH,195
am950radio.com,US,195
sentinel.ht,US,195
1050talk.com,CH,195
wixsite.com,RS,195
kicnews.org,BM,195
cardiffstar.com,UK,195
arab-reform.net,TS,194
nerdsandbeyond.com,US,194
detroitchamber.com,US,194
supplyht.com,US,194
skd.se,SW,194
drphilhammond.com,UK,194
rcbizjournal.com,US,194
ausa.org,US,194
winealign.com,CA,194
inspirationsandcelebrations.net,IT,194
bob95fm.com,US,194
sme.org,US,194
rezo.net,FR,194
criptonoticias.com,US,194
pdx.edu,US,194
juliescafebakery.com,TU,194
thewfy.com,IN,194
nottinghamshire.gov.uk,UK,194
zuerich.im,SZ,194
xfrb.com.cn,CH,194
cairoeditore.it,IT,194
giantbomb.com,JA,193
alsaudia-window.net,SA,193
federation-wallonie-bruxelles.be,BE,193
champagneliving.net,US,193
alvernia.edu,US,193
proactiveinvestors.ca,US,193
almashhadalaraby.com,IR,193
afdigitale.it,IT,193
thereview.ca,CA,193
cashforyourjunkcar.org,US,193
healthcareasia.org,MY,193
omunicipio.com.br,BR,193
blountcountian.com,US,193
politicalsciencenow.com,US,193
sanbernardinonewstoday.com,US,193
theliberiandialogue.org,LI,193
egeszsegkalauz.hu,HU,193
choqfm.ca,FR,193
thenorthsidechronicle.com,US,193
retail-business-review.com,US,193
24ora.com,AA,193
pulsetasmania.com.au,AS,193
hindustannewshub.com,IN,193
kinfolk.com,US,193
q1021.fm,US,193
copcap.com,DA,193
military-stuff.org,UP,193
bbcamerica.com,UK,193
femmesdumaroc.com,MO,193
bayoubuzz.com,US,192
ache.org,US,192
paintandpanel.com.au,AS,192
4trading.it,IT,192
cryptoslate.com,US,192
chicagobooth.edu,US,192
upworthy.com,US,192
oxfordclubcommunique.com,US,192
uah.edu,US,192
thediplomatinspain.com,SP,192
rose-hulman.edu,US,192
thatssotampa.com,US,192
akilanews.com,IN,192
ecuadorinmediato.com,BU,192
wscountytimes.co.uk,UK,192
uhd.edu,US,192
parcelandpostaltechnologyinternational.com,SZ,192
aalto.fi,FI,192
ee.co.uk,UK,192
burkina-ntic.net,UV,192
openaccesspub.org,AG,192
titanbooks.com,US,191
noticiasconcursos.com.br,BR,191
london.gov.uk,UK,191
malatyagercekhaber.com.tr,TU,191
amerika.org,US,191
llbean.com,US,191
unric.org,IS,191
f1technical.net,BA,191
sportsgrid.com,US,191
magazines.com,US,191
taddlecreekmag.com,CA,191
greertoday.com,US,191
cupe.ca,CA,191
1077thereddirtrebel.com,US,191
yalerecord.org,US,191
mlsgb.com,RP,191
sherepricetarget.com,CH,191
qrcodepress.com,US,191
californiagoldenblogs.com,US,191
bedfordshirelive.co.uk,UK,191
serpentsofmadonnina.com,IT,191
lta.org.uk,UK,191
953theticket.com,US,191
glamour.hu,HU,191
957cruzfm.ca,CA,191
macsources.com,US,191
thewarhorse.org,US,191
newsfour.ie,EI,191
tonemadison.com,US,190
businesstravelnews.com,US,190
usab.com,US,190
indyschild.com,US,190
ijnet.org,NI,190
educationhq.com,AS,190
intotomorrow.com,US,190
globaljustice.org.uk,UK,190
newbusiness.co.uk,UK,190
europeanconservative.com,HU,190
westhartfordnews.com,US,190
menastar.com,US,190
bacaul.ro,RO,190
theasset.com,CH,190
innotechtoday.com,US,190
movietvtechgeeks.com,US,190
gatesfoundation.org,KE,190
brytfmonline.com,BR,190
mssu.edu,US,190
digjitale.com,GM,190
yorkshireccc.com,PK,190
denoordoostpolder.nl,NL,189
superyachttimes.com,GR,189
birdz.sk,LO,189
propertyinvestortoday.co.uk,UK,189
monaco-tribune.com,MN,189
tanksterminals.com,GM,189
crowleystar.net,KS,189
nicepeoplenetworking.com,DR,189
maroc-actu.com,MO,189
hydrocarbonengineering.com,US,189
rinj.org,IS,189
newsoneng.com,NI,189
feastmagazine.com,US,189
dorset.live,UK,189
cnconf.ru,RS,189
fb101.com,US,189
sunny983.com,US,189
newswrapindia.com,IN,189
golfcourseindustry.com,US,189
misaswaziland.com,WZ,189
phenomhoopreport.com,US,189
technieuws.com,NL,189
thestute.com,US,189
mercedesbenzcary.com,GM,189
littlegatepublishing.com,US,188
ridgetimes.co.za,SF,188
ckut.ca,CA,188
musicradar.com,US,188
shelby-news.com,US,188
ilnord.it,IT,188
jawapos.co.id,TW,188
mix93.com,US,188
uspirg.org,US,188
lagazzettanissena.it,IT,188
chicagocatholic.com,US,188
yourpickenscounty.com,US,188
hw.ac.uk,MY,188
leoaffairs.com,US,188
ricardo.com.ua,UP,188
kootenaycoopradio.com,CA,188
bcsm.sm,SM,188
lmflux.com,US,188
events.at,AU,188
cityxtra.co.uk,SP,188
pg21.ru,RS,188
uawire.org,UP,187
lzbs.com.cn,CH,187
advocatemag.com,US,187
timesnewroman.ro,RO,187
siuecougars.com,US,187
marvellous-provence.com,FR,187
wnku.org,TU,187
lastradainternational.org,UP,187
dnews.co.kr,KS,187
starnewsgroup.com,US,187
pde.it,IT,187
crunchbase.com,US,187
pawhuskajournalcapital.com,US,187
carnegie.org,US,187
bharatshakti.in,CH,187
globalhealth.org,US,187
caucasianjournal.org,AM,187
bannersontheparkway.com,US,187
ckdj.net,CA,187
oikotimes.com,US,187
news.mn,MG,187
tableless.com.br,BR,187
longwoodlancers.com,US,187
mapleleafsdaily.com,CA,187
the-frugality.com,JA,186
uwe.ac.uk,UK,186
alhadath.net,IR,186
wnycstudios.org,US,186
jenny.gr,GR,186
purseblog.com,US,186
e-tribuna.com.br,BR,186
hawaiitourismauthority.org,US,186
5kitahaber.com,TU,186
duclarion.com,US,186
parlament.gv.at,AU,186
minrex.gob.cu,CU,186
commbank.com.au,AS,186
mibsar.com,US,186
cpacanada.ca,CA,186
kepernyoido.hu,US,186
mnw.cn,CH,186
kzia.com,US,186
nfuonline.com,UK,186
shahbapress.com,AS,186
alliancemagazine.org,US,185
christiantimes.com,NI,185
be106.net,IS,185
northumbria.ac.uk,UK,185
trustnet.com,CH,185
simplyjolayne.com,SZ,185
defensemirror.com,RS,185
heritageparkmuseum.org,US,185
gururamana.org,IN,185
botswanaunplugged.com,BC,185
derekthompson.org,US,185
occupydemocrats.com,US,185
iuandalucia.org,SP,185
courttv.com,US,185
corksafetyalerts.com,EI,185
mtulode.com,US,185
homemakers.com,US,185
moja-ostroleka.pl,PL,185
motorillustrated.com,US,185
stylebistro.com,US,184
thewolfrocks.com,CA,184
melges24.com,HR,184
thenorthernview.com,CA,184
wv.gov,US,184
orepa.org,US,184
eiupanthers.com,US,184
pitpass.com,AJ,184
budnaera.com,US,184
mediaincanada.com,CA,184
nber.org,US,184
techlifetoday.ca,CA,184
giramondopublishing.com,AS,184
skepp.be,US,184
mixnews.lv,RS,184
visitstockholm.com,SW,184
keengamer.com,US,184
sbcamericas.com,BR,184
maximum.ru,RS,184
lawattstimes.com,US,184
momofilmfest.com,VM,184
packagingnews.com.au,AS,184
my1027fm.com,US,184
khl.com,UK,184
nskbl.ru,RS,184
southplattesentinel.com,US,184
eletsonline.com,IN,184
ebiotrade.com,CH,184
reignoftroy.com,US,184
contentmediasolution.com,IN,183
sportfishingmag.com,US,183
spacewatch.global,IT,183
roninhk.com,VM,183
celticleague.net,EI,183
theuconnblog.com,US,183
themackreport.com,US,183
theracquet.org,US,183
shqiperia.com,AL,183
nrc.no,UP,183
arctictoday.com,RS,183
ucb.co.uk,IS,183
iadb.org,US,183
kanaloco.jp,JA,183
tinybeans.com,US,183
londonreconnections.com,UK,183
mtv.it,IT,183
ynuk.tv,UK,183
ncdps.gov,US,183
aydinlik.com.tr,TU,183
eponline.com,US,183
nar.realtor,US,183
bordeaux-metropole.fr,FR,183
schoollibraryjournal.com,US,183
denar.mk,MK,183
will-law.org,US,183
espreso.co.rs,RB,183
gujaratmitra.in,TW,182
zoom.al,AL,182
theasc.com,US,182
seat61.com,SI,182
refugeecouncil.org.au,AS,182
deportemeridiano.com,CO,182
chessdom.com,IN,182
pulmonologyadvisor.com,US,182
krde.com,US,182
up-rs.si,SI,182
cbf.com.br,BR,182
captiveinternational.com,US,182
money.com,US,182
washingtonbeerblog.com,US,182
doe.gov,US,182
lombardianotizie.online,IT,182
propertyreporter.co.uk,UK,182
gostaresh.news,IR,182
hisseinhabre.com,CH,182
singpromos.com,SN,182
3zzz.com.au,AS,182
quovadisnewspaper.com,US,182
cloudcomputing-news.net,UK,181
emagazin.mk,MK,181
minsk.by,BO,181
thebatesstudent.com,US,181
brecon-radnor.co.uk,UK,181
harborlightnews.com,US,181
privatdozent.co,GM,181
tctmagazine.com,US,181
clubdigital1015.com,MX,181
boonecountryconnection.com,US,181
w42st.com,US,181
hmh.org,US,181
confectioneryproduction.com,GH,181
inei.gob.pe,PE,181
dsalert.org,IN,181
hagamoscuentas.sv,ES,181
thegoldenstar.net,CA,181
fubo.tv,US,181
fashionunited.uk,UK,181
waltonsun.com,US,181
itatiaia.com.br,BR,181
newlandchase.com,UK,180
boersianer.at,AU,180
pedaids.org,LT,180
wlu.ca,CA,180
vitalbypoet.com,US,180
framsenteret.no,NO,180
bcci.tv,IN,180
geplus.co.uk,UK,180
ina.iq,IZ,180
windsorobserver.co.uk,UK,180
specletter.com,UP,180
catholicleader.com.au,AS,180
thurrott.com,MX,180
factsanddetails.com,US,180
factcrescendo.com,CE,180
usafa.org,US,180
thediamondloupe.com,AO,180
vitusreiser.no,NO,180
christianheadlines.com,UG,180
tuttojuve.com,IT,180
europaportalen.se,SW,180
adayinourshoes.com,US,180
bushcenter.org,AF,180
cmuse.org,US,180
techbang.com,TW,180
skepsis.nl,NL,180
malagacf.com,SP,180
pcdandf.com,CH,180
ardaudiothek.de,GM,180
mojauto.rs,RI,180
idahoenterprise.com,US,179
ballstatesports.com,US,179
star883.com,US,179
utrgvrider.com,US,179
www.edu.cn,CH,179
stuffedsuitcase.com,IC,179
livewireradio.org,US,179
blogtalkradio.com,US,179
meczyki.pl,PL,179
emsc-csem.org,ID,179
vr.is,IC,179
mensjournal.com,MX,179
weeklypostnc.com,US,179
anneofcarversville.com,US,179
traveldine.com,IN,179
amrabondhu.com,BG,179
ugandaradionetwork.net,UG,179
canalesassuolo.it,US,179
makeupandbeauty.com,IN,179
kioskmarketplace.com,US,179
qburgh.com,US,179
mcc.gov,US,179
100daysinappalachia.com,US,179
mixfm.com,US,178
caltrout.org,US,178
bayobserver.ca,CA,178
9sobh.news,IR,178
ilovelimerick.ie,EI,178
sportslogos.net,US,178
hournews.net,YM,178
milpitasbeat.com,US,178
errabus.com,FR,178
themanufacturer.com,UK,178
dxnews.com,FJ,178
sldinfo.com,RS,178
thehedgefundjournal.com,CH,178
achaianews.gr,GR,178
top1000funds.com,CH,178
wexfordecho.ie,EI,178
tvmovie.de,GM,178
969zoofm.com,US,178
otakukart.com,BR,178
worldteanews.com,IN,178
wizbangblog.com,US,178
tokyodev.com,JA,178
tradingpedia.com,AS,178
hiphopcanada.com,CA,178
star939.com,US,178
histonium.net,IT,178
tickernews.co,RS,178
seucreditodigital.com.br,BR,178
cnn.al,MK,177
lakecountrycalendar.com,CA,177
cadxp.com,FR,177
status.news,US,177
am980themission.com,US,177
circularonline.co.uk,UK,177
teciber.com,US,177
deadlinenews.co.uk,UK,177
purenintendo.com,JA,177
ctvc.co,US,177
thezebra.org,EG,177
fundraising.co.uk,UK,177
slowtravelberlin.com,GM,177
theindiantalks.com,IN,177
6amcity.com,US,177
waterfordlive.ie,EI,177
altoday.com,US,177
wcicfm.org,US,177
queensu.ca,CA,177
acast.com,FR,177
nfcw.com,US,177
preparedfoods.com,US,177
rivercitycards.com,UK,177
wucf.org,US,177
every.to,US,176
planetsave.com,US,176
radiok.org,US,176
ecupirates.com,US,176
suffolk.edu,US,176
county-journal.com,US,176
speakerpolitics.co.uk,RS,176
thegamehaus.com,US,176
nsmb.com,US,176
cekin.si,SI,176
cceonlinenews.com,SF,176
larazonsanluis.com,IN,176
talesoftimesforgotten.com,GR,176
6ix.com.au,AS,176
greatbritishchefs.com,UK,176
commonedge.org,US,176
money-insider.de,GM,176
881thepark.com,CH,176
al-marsd.com,SA,176
european-rubber-journal.com,CH,176
pres-outlook.org,US,176
internews.org,UP,176
dawgsports.com,US,176
kanalahaber.com,TU,176
prizma.mk,MK,176
fox.com.tr,TU,176
isu.org,IT,176
1230radio.com,CO,176
righto.com,US,176
at-x.com,JA,176
christianindex.org,US,176
une.edu,US,175
agfundernews.com,US,175
side2.no,NO,175
2dadswithbaggage.com,GM,175
koraplus.com,EG,175
dalje.com,GM,175
galwaybeo.ie,EI,175
likethedrum.com,MO,175
timeoutbahrain.com,AE,175
visordown.com,IT,175
onepng.com,PP,175
fieldgulls.com,US,175
centerforilpolitics.org,US,175
nynmedia.com,US,175
cuchimes.com,US,175
varthabharati.in,IN,175
myinsuranceclub.com,IN,175
coordinationsud.org,UP,175
story-cars.com,RS,175
cjsf.ca,CA,175
kgb.by,BO,175
objeko.com,FR,175
youthistaan.com,IN,175
wearemitu.com,US,175
edfringe.com,UK,175
mzv.cz,EZ,175
thepress.net,US,175
womendeliver.org,AS,174
vietnambiz.vn,VM,174
dailynht.com,CH,174
ottawaconstructionnews.com,CA,174
baa.org,US,174
taorocks.com,US,174
grandain.com,IT,174
germany.info,GM,174
dean.edu,US,174
airandspaceforces.com,US,174
sada-alsahel.net,YM,174
gazette-tribune.com,US,174
artic.edu,US,174
ic.institute,US,174
hostingdiscussion.com,US,174
thelibertyconservative.com,US,174
strath.ac.uk,UK,174
bellamagazine.co.uk,UK,174
context.news,US,174
corpcommsmagazine.co.uk,UK,174
insurancetimes.co.uk,UK,174
cqtoday.com.au,AS,174
wienerbezirksblatt.at,AU,174
meta.mk,MK,174
childluresprevention.com,VM,174
sapiens.org,US,174
energynews.biz,UK,174
erbaahavadis.com,TU,174
footballvictoria.com.au,AS,174
laroma24.it,IT,173
seafoodnews.com,US,173
afterbabel.com,US,173
leefang.com,US,173
fanews.co.za,SF,173
jerseysbest.com,US,173
twis.org,US,173
forwhomthecowbelltolls.com,US,173
planetfootball.com,SP,173
fip.it,IT,173
lakeoconeebreeze.net,US,173
notebookcheck.com,CH,173
addisfortune.net,ET,173
moonandspoonandyum.com,NL,173
montanaroue.com,US,173
skispringen.com,GM,173
smallbeerpress.com,US,173
aamusports.com,US,173
wmwv.com,US,173
digitalphablet.com,US,173
realrock993.com,US,173
risingsunoverport.co.za,SF,173
thejournalonline.com,US,173
f1news.ru,RS,173
thegreatcoursesdaily.com,JA,173
donalsonvillenews.com,US,173
altamiragold.com,BR,173
cerncourier.com,UP,173
centerforfoodsafety.org,US,173
consumerrescue.org,BF,172
keweenawreport.com,US,172
research-in-germany.org,GM,172
corporatecomplianceinsights.com,US,172
lowestoftjournal.co.uk,UK,172
ghanasoccernet.com,GH,172
mindmeister.com,US,172
primalavaltellina.it,IT,172
the-peak.ca,CA,172
budgetandinvest.com,US,172
carvemag.com,US,172
chelseanewsny.com,US,172
morningbrew.com,US,172
mondomulia.com,US,172
cwu.edu,US,172
diatribe.org,US,172
pajaronian.com,US,172
unsom.org,JA,172
paauditor.gov,US,172
filfan.com,EG,172
wcnpfm.org,US,172
strana-smer.sk,LO,172
atletiekunie.nl,NL,172
messynessychic.com,US,172
jewishcleveland.org,IS,172
sarke.com,US,172
kfax.com,US,172
savings.com.au,AS,172
japanbiking.com,JA,171
retailbankerinternational.com,RS,171
zigwheels.ph,RP,171
dailymercato.com,FR,171
myfwc.com,US,171
drinksretailingnews.co.uk,UK,171
newsarticleinsiders.com,KS,171
phillycaller.com,US,171
eurovisionfun.com,GR,171
niebezpiecznik.pl,PL,171
tnoz.com,JA,171
gritdaily.com,US,171
thecityfix.com,CO,171
theoutlawocean.com,CH,171
apnewscorner.com,US,171
everydayfamilycooking.com,TU,171
americanrecycler.com,US,171
salish-current.org,US,171
glasweb.com,UP,171
europeanbusinessreview.eu,RS,171
berkeleygraphics.com,US,171
longnow.org,US,171
inn24bd.com,BG,171
legalforum.info,RS,171
lidtime.com,US,171
tvo.org,CA,171
worksinprogress.news,UK,170
moneyranger.com,US,170
conexaopenedo.com.br,BR,170
wchv.com,US,170
thegospelcoalition.org,US,170
vitadamamma.com,IT,170
dbrnews.com,US,170
1079thebeat.com,US,170
newstalkkcrs.com,US,170
tt.se,SW,170
mytowncrier.ca,CA,170
kcmo.gov,US,170
theusareport.net,SP,170
merce.hu,HU,170
defencetalk.com,CH,170
radioreverb.com,UK,170
gulfshorelife.com,US,170
earshot-online.com,CA,170
1077yesfm.com,US,170
rfidjournal.com,US,170
cursorinfo.co.il,RS,170
alwatan.sy,SY,170
thefintechtimes.com,BR,170
laborpress.org,US,169
asharqbusiness.com,US,169
carclub.mk,MK,169
thewordfm.com,US,169
eurohoops.net,SP,169
sportsseoul.com,KS,169
uba.be,BE,169
khl.ru,RS,169
marketinference.com,US,169
tidesports.com,US,169
big953.com,TU,169
techbuzz.news,US,169
fox.com,US,169
tysonfoods.com,US,169
leftvoice.org,US,169
giornaledidesio.it,IT,169
kakuchopurei.com,MY,169
ifad.org,CH,169
wyo4news.com,US,169
ziua.news,RO,169
noticiasvenevision.com,VE,169
waymo.com,US,169
shoosmiths.co.uk,UK,169
ininsubria.it,IT,169
mydigitalfc.com,IN,169
marketing.ie,EI,169
aopa.org,US,169
property-report.com,CB,168
stopsbs.net,RS,168
wfil.com,US,168
energybrokers.co.uk,UK,168
icebike.org,FR,168
diariodelviajero.com,SP,168
collater.al,US,168
the-pennisaver.com,US,168
echodnia.eu,PL,168
albertapolitics.ca,CA,168
lrradioworks.com,US,168
forestryjournal.co.uk,UK,168
claxtonenterprise.com,US,168
thesandpaper.net,US,168
osaka2.jp,JA,168
gdacs.org,MZ,168
globalpeople.com.cn,CH,168
novoco.com,US,167
gariwo.net,AF,167
lokmattimes.com,IN,167
thelatch.com.au,AS,167
acp.int,BE,167
q92timmins.com,US,167
blackmountainnews.com,US,167
stthomas.edu,US,167
wawa-news.com,CA,167
tahdeeth.net,IR,167
newsband.in,IN,167
lebensmittelzeitung.net,GM,167
defencenewsupdates.com,RS,167
kraneshares.com,CH,167
golfaustralia.com.au,AS,167
globetrottergirls.com,IT,167
motorship.com,CH,167
colerainechronicle.co.uk,UK,167
ngs24.ru,RS,167
citylandnyc.org,US,167
rijksoverheid.nl,NL,167
securingindustry.com,US,167
profootballrumors.com,US,167
gwern.net,US,167
thetaxadviser.com,US,167
latindispatch.com,US,167
ohiovalleyresource.org,US,167
thewashingtoninquirer.com,IS,166
nloewen.com,GM,166
sourceable.net,AS,166
candymag.com,RP,166
empireadvance.ca,CA,166
talentrecap.com,US,166
cortedecuentas.gob.sv,ES,166
transformingthenation.com.au,RS,166
fcinter1908.it,IT,166
dergloeckel.eu,AU,166
wcbn.org,US,166
famsf.org,US,166
reporteenergia.com,BL,166
tellymix.co.uk,UK,166
mintrabajo.gob.gt,GT,166
imphaltimes.com,IN,166
ledger.news,US,166
sandtonchronicle.co.za,SF,166
majorityleader.gov,US,166
state.md.us,US,166
digital1029.fm,MX,165
toprated.ie,EI,165
thegentlemansjournal.com,UK,165
thespacereporter.com,CA,165
hilton.com,US,165
hebrewnews.com,RS,165
kix1025.com,US,165
southerncourier.co.za,SF,165
metroactive.com,US,165
e-architect.com,EZ,165
diarioeloeste.com.ar,AR,165
lookoutlanding.com,US,165
allas.se,SW,165
mishtalk.com,US,165
singaporeinformer.com,CH,165
closeronline.co.uk,UK,165
maconbibb.us,US,165
boardingarea.com,GR,165
ramp.com,US,165
multiversitycomics.com,CH,165
waynetimes.com,US,165
blue-europe.eu,CH,164
thecoastalstar.com,US,164
get.tv,US,164
eastendtastemagazine.com,EI,164
thedickinsonian.com,US,164
freeradio.com.ua,UP,164
riversideca.gov,US,164
tf.co.kr,KS,164
ellines.com,GR,164
countytimes.com,US,164
gourmettraveller.com.au,NZ,164
rialtochannel.co.nz,US,164
foriowa.org,US,164
michaelgeist.ca,CA,164
steadfastlutherans.org,US,164
highwaymail.co.za,SF,164
timescaribbeanonline.com,JM,164
siege.gg,JA,164
mor-tv.com,US,164
siouxlandfamilies.com,US,163
ipsos.com,US,163
canoe.com,CA,163
supersport.com,SF,163
ccoo-servicios.es,SP,163
ngu.no,NO,163
studentradio.org.uk,UK,163
equitablegrowth.org,US,163
sadamisr.com,EG,163
petsradar.com,US,163
kerrydiotte.com,CA,163
mo.gov,US,163
hotel.ch,SZ,163
barcelonaturisme.com,SP,163
odnakoj.ru,RS,163
angelsonparade.com,US,163
kissbinghamton.com,US,163
lagconfidential.com,US,163
marts.org.my,MY,163
zz7.it,IT,163
electronics-notes.com,UK,163
california-partnership.org,US,163
mcknightshomecare.com,US,163
tellbrief.com,NI,163
tremeritus.com,SN,163
circuitdigest.com,CH,163
chemicals.nic.in,IN,162
muhlenberg.edu,US,162
portseattle.org,US,162
arxiv.org,SZ,162
boboparisienne.com,FR,162
willcoxrangenews.com,US,162
westsussextoday.co.uk,UK,162
cal-cca.org,US,162
compactmag.com,US,162
mz-mz.net,IR,162
myind.net,IN,162
frontrowsoccer.com,US,162
premier.tas.gov.au,AS,162
konichivalue.com,JA,162
newmediapress.it,IT,162
goldinvest.de,NS,162
cakhiavx.cc,VM,162
harrisonbarnes.com,US,162
artrabbit.com,US,162
msf.org.uk,IS,162
colorlines.com,US,162
heraldledger.com,US,162
medicotopics.com,UK,162
theoffsideline.com,UK,162
thespectator.com,US,162
bandcamp.com,JA,162
mam-e.it,IT,162
visa-algerie.com,MO,162
boerse-frankfurt.de,GM,162
brewhoop.com,US,162
windycitygridiron.com,US,161
audibene.de,GM,161
strtrade.com,CH,161
mukilteobeacon.com,US,161
hoopsfix.com,UK,161
shortcutsamerica.com,US,161
thinkbroadband.com,UK,161
wsha.org,US,161
stiften.dk,DA,161
eadarsha.com,NP,161
careermidway.com,PK,161
huduser.gov,US,161
hotelbusiness.com,US,161
london-unattached.com,CE,161
prosieben.de,RS,161
the-race.com,BA,161
themilitarywallet.com,US,161
naplesherald.com,US,161
puyalluppost.com,US,161
gripped.com,US,161
pasquines.us,US,161
saffronwaldenreporter.co.uk,UK,161
pursuitchannel.com,US,160
robohub.org,US,160
tinewsdaily.com,US,160
fia.com,FR,160
livecharts.co.uk,UK,160
risingsunlenasia.co.za,SF,160
mmv.org,SZ,160
asnjournals.org,US,160
missus.ru,RS,160
ttv.com.tw,CH,160
a1on.mk,SP,160
nychealthandhospitals.org,US,160
drivesncontrols.com,UK,160
grandepremio.com.br,SP,160
rsuradio.com,US,160
everydayshouldbesaturday.com,US,160
channele2e.com,US,160
realagriculture.com,CA,160
urbanhollywood411.com,US,160
gtlaw.com.au,AS,160
tablethype.de,GM,160
miftah.org,IS,160
addistar.com,US,159
somoskudasai.com,JA,159
crosswalk.com,NI,159
coastmountainnews.com,CA,159
ibero909.fm,MX,159
eveshamobserver.co.uk,UK,159
spiritradio.ie,EI,159
intiman.org,US,159
hibernianfc.co.uk,UK,159
discovernorthernireland.com,UK,159
whimsicalwonderlandweddings.com,IC,159
kora11.com,EG,159
noticiasya.com,MX,159
opencanada.org,CA,159
antiquestradegazette.com,UK,159
theappendix.net,US,159
sid-thewanderer.com,KZ,159
jstylemagazine.com,US,159
techguide.com.au,AS,159
pescaranews.net,IT,159
electricliterature.com,IZ,159
pubblicitaitalia.it,IT,159
zapps.vn,RS,159
promiflash.de,GM,159
techlearning.com,US,159
econews.gr,GR,159
fax.al,AL,159
countryhighpoints.com,US,159
ocfl.net,US,158
gaysocialites.com,JA,158
philboxing.com,US,158
newsmaritime.com,SN,158
eunicetoday.com,US,158
eastvillagemagazine.org,US,158
yeshatid.org.il,IS,158
teamgb.com,UK,158
undergroundpress.co.za,SF,158
wmht.org,US,158
whyr.org,US,158
njpw1972.com,JA,158
agroinform.com,HU,158
ped30.com,CH,158
zadovoljna.si,SI,158
veronapress.com,US,158
xatakahome.com,SP,158
mountaintimesoregon.com,US,158
utero.pe,PE,158
gridphilly.com,US,158
kfmg.org,US,158
bizcommunity.co.ke,KE,158
regaltribune.com,US,158
thejusticegap.com,UK,158
weeklyvillager.com,US,158
indianf.com,IN,158
catcountryradio.com,US,158
fichajes.net,SP,158
livetennis.it,IT,158
mandiant.com,RS,158
greydynamics.com,CH,158
theworldandthensome.com,US,158
openminds.tv,US,157
wesleyanargus.com,US,157
asere.com,CU,157
musicweek.com,UK,157
fasken.com,CA,157
thenewspaper.co.za,SF,157
thesportsdaily.com,CA,157
uoflnews.com,US,157
daily49er.com,US,157
loveradio.gr,GR,157
grittv.com,US,157
willistonobserver.com,US,157
madraspioneer.com,US,157
thekitchn.com,US,157
nmt.edu,US,157
nyantrinews.id,ID,157
bashke.mk,MK,157
centralfifetimes.com,UK,157
examiner.com,US,157
ftc.edu,US,157
homecrux.com,US,157
msgnetworks.com,US,157
ternioggi.it,IT,157
anglicanmainstream.org,IS,157
ijf.org,UZ,157
danapointtimes.com,US,157
cijn.org,BB,156
c44.com.au,AS,156
thsdaily.com,US,156
wikiarabia.net,US,156
bgca.org,US,156
tnc.news,CA,156
errc.org,IT,156
bittergrounds.com,LO,156
uoguelph.ca,CA,156
newswatchngr.com,US,156
edrmagazine.eu,UK,156
lbccviking.com,US,156
ourherald.com,US,156
tvrain.ru,RS,156
otomobilsayfasi.com,TU,156
kikotapasando.com,NL,156
duplos.cl,CI,156
ifaw.org,MI,156
transfery.info,PL,156
seedworld.com,US,156
restauranttech.co,US,155
soundfm.ca,CA,155
aboutmygeneration.com,UK,155
sdcitytimes.com,US,155
canescountry.com,US,155
boxingnews.jp,JA,155
topnews.us,IN,155
contocorrenteonline.it,IT,155
dawgsbynature.com,US,155
harvarddesignmagazine.org,US,155
fincantieri.com,IT,155
lokalno.mk,GM,155
hooplablog.com,US,155
mediaindia.eu,IN,155
unewsonline.com,US,155
ub.ua,UP,155
obama.org,US,155
gamespresso.com,US,155
housethathankbuilt.com,US,155
csumb.edu,US,155
inthesnow.com,AU,155
ottawa.ca,CA,155
phlcouncil.com,US,155
lyoncountyreporter.com,US,155
radiomof.mk,MK,154
adsadvance.co.uk,UK,154
golosameriki.com,UP,154
virginialiving.com,US,154
tandildiario.com,AR,154
paulweller.com,UK,154
fism.tv,US,154
tempurl.host,US,154
coastreportonline.com,US,154
cntraveller.in,IN,154
exler.es,RS,154
pindula.co.zw,ZI,154
inforisktoday.com,US,154
ge.com,US,154
thekit.ca,CA,154
carnegiemoscow.org,RS,154
mypromisefm.com,US,154
comune.fi.it,IT,154
ministrymagazine.org,US,154
goodnet.org,US,154
noviplamen.org,US,154
maximindia.in,IN,154
standardbank.com,SF,154
ruck.co.uk,UK,154
boereport.com,CA,154
scubaverse.com,RP,154
ellechina.com,CH,154
endlessmode.com,JA,154
god.tv,US,154
quinewsvolterra.it,IT,154
afriquesports.net,SP,153
voice.fi,FI,153
americantheatre.org,US,153
exeter.edu,US,153
bed-and-breakfast.it,IT,153
coyote1025.com,US,153
ticoblogger.com,IN,153
florugby.com,EI,153
skinnytaste.com,TU,153
star107fm.net,US,153
antigotimes.com,US,153
psnews.com.au,AS,153
americancityandcounty.com,US,153
salyroca.es,SP,153
jammin1015.com,US,153
kankanews.com,CH,153
bizwatch.co.kr,KS,153
southburnett.com.au,AS,153
musiccitymiracles.com,US,153
godtv.com,IS,153
icct.nl,NL,153
longbeachlocalnews.com,US,153
shondaland.com,US,152
monroelocal.org,US,152
inven.co.kr,JA,152
whatsyourtech.ca,CA,152
channelcanada.com,CA,152
hoopshall.com,US,152
beneath-ceaseless-skies.com,RS,152
wheatstone.com,US,152
holyfamilyradio.net,US,152
vijesti.me,RS,152
ihatethemedia.com,US,152
gcrmag.com,CO,152
royalsocietypublishing.org,PO,152
nafeza2world.com,US,152
pravo.by,BO,152
collectorsweekly.com,RS,152
larrysworld.com,VM,152
kawarthanow.com,CA,152
kampucheathmey.com,CB,152
przegladsportowy.pl,US,152
clarivate.com,US,152
medtruth.com,US,152
lmneuquen.com,AR,152
duanemorris.com,US,152
maceandcrown.com,US,152
cta.org,US,151
besacenter.org,IS,151
wergfm.com,US,151
popular.info,US,151
northamericanwhitetail.com,US,151
dotesports.com,US,151
abplive.in,IN,151
realnewsmagazine.net,NI,151
cio.cz,EZ,151
dubrovacki.hr,HR,151
nyulangone.org,US,151
agfax.com,US,151
charlottenc.gov,US,151
mepmiddleeast.com,AE,151
flograppling.com,BR,151
firsttuesday.us,US,151
dajilin.com,CH,151
outtv.ca,CA,151
glenorchygazette.com.au,AS,151
skillings.net,BR,151
bulldawgillustrated.com,US,151
pensburgh.com,US,151
easyrock.com.ph,RP,151
sportsvideo.org,US,151
mydrivers.com,CH,151
frc.ch,SZ,150
economiccollapsenews.com,US,150
aclutx.org,US,150
steveheimoff.com,ID,150
ndsu.edu,US,150
trendingtopics.eu,AU,150
mylifetime.com,US,150
tarheelblog.com,US,150
hedgehogreview.com,US,150
umno.mk,MK,150
bund.de,GM,150
scdhec.gov,US,150
dodgersdigest.com,US,150
blueskynews.aero,US,150
soul-grown.com,US,150
packagingtoday.co.uk,UK,150
anl.gov,US,150
safaricom.co.ke,KE,150
exhibitionnews.uk,UK,150
stacker.com,US,150
krasnews.com,RS,150
todaycolombia.com,ID,150
afcea.org,US,150
sahiphopmag.co.za,SF,150
shomareh1.com,IR,150
hawaiiweblog.com,EG,150
seinesaintdenis.fr,FR,150
autodealertodaymagazine.com,US,150
thebreakthrough.org,US,150
cloudflare.com,US,149
unimexicali.com,MX,149
witbanknews.co.za,SF,149
washburnreview.org,US,149
yumapioneer.com,US,149
rewirenewsgroup.com,US,149
wcjw.com,US,149
buttesports.com,US,149
therealjenty.com,SF,149
worldywca.org,IS,149
euro-sd.com,UK,149
vtb.ua,UP,149
strangersguide.com,US,149
marshallcountydaily.com,US,149
artfund.org,UK,149
overtimeheroics.net,US,149
worldsensorium.com,US,149
sfsu.edu,US,149
onb.ac.at,AU,149
iwu.edu,US,149
pnw.edu,US,149
guidemesingapore.com,SN,149
forumactif.info,AG,149
snoho.com,US,149
mikedashhistory.com,US,149
solicitorsjournal.com,UK,149
theowp.org,IS,149
kwmr.org,US,149
womenlifestyle.us,US,149
ceylontoday.lk,CE,149
defeatdd.org,KE,149
kjfmeagle102.net,US,149
clever-age.com,FR,148
drinksfeed.com,SF,148
thecaterer.com,UK,148
medicalplasticsnews.com,US,148
writeforcalifornia.com,US,148
arydigital.tv,PK,148
stateofgreen.com,DA,148
rwe.com,GM,148
bookforum.com,US,148
thecharlottegazette.com,US,148
badtaste.it,IT,148
officialblog.jp,JA,148
medicaldevice-network.com,CH,148
b1053.com,US,148
colts.com,US,148
weblogbahamas.com,BF,148
redanalysis.org,RS,148
diarioz.com.ar,AR,148
thedreamshake.com,US,148
lettre.de,RS,148
questmag.com,US,148
themodernhouse.com,UK,148
angloinfo.com,HU,148
canstarblue.com.au,AS,148
oetv.at,AU,148
www.gov.br,BR,148
factly.in,IN,148
thewestgeorgian.com,US,148
southbostononline.com,US,148
deutschlandfunkkultur.de,GM,148
aakitap.com.tr,IS,148
volkerkrause.eu,GM,148
bellacaledonia.org.uk,UK,148
whnews.cn,CH,148
cnhionline.com,US,148
coffeeteaser.com,GR,148
passengerterminaltoday.com,AS,148
autotrader.ca,CA,148
sltablet.com,US,148
fingerlakesdailynews.com,US,147
allghananews.com,GH,147
intelligenttransport.com,EI,147
knightsonice.com,CA,147
bullardnews.com,US,147
nord.news,TU,147
965themill.com,US,147
bunkerworld.com,RS,147
hotelsabovepar.com,US,147
lakelandgov.net,US,147
ictv.ua,UP,147
mxlarge.com,FR,147
unknown,PK,147
pbmonthly.net,US,147
diarioelprogreso.net,AS,147
ulmhawkeyeonline.com,US,147
mcleanconnection.com,US,147
financequickfix.com,US,147
ffrf.org,US,147
hamrinnews.net,SA,147
redhillandreigatelife.co.uk,UK,147
haberimport.com,TU,147
maritimemag.com,CA,147
foodnetwork.com,US,147
glasstire.com,US,147
larchmontbuzz.com,US,147
familyvaluesradio1010.com,US,147
overclockersclub.com,US,147
crystalbridges.org,US,147
cjsr.com,CA,147
nursingnotes.co.uk,UK,147
foroyaa.net,GA,147
sony.co.jp,JA,147
therockymountaingoat.com,CA,147
knupsports.com,US,147
crossfm.co.jp,JA,147
moustique.be,BE,147
tsukubainfo.jp,JA,147
xe.com,US,146
mtime.com,CH,146
whitchurchherald.co.uk,UK,146
fidal.it,IT,146
leeds.ac.uk,UK,146
insidehook.com,US,146
cern.ch,SZ,146
fredonia.edu,US,146
slicingupeyeballs.com,US,146
gamedaynews.com,US,146
surfinglife.com.au,AS,146
frontlinegenomics.com,SA,146
metropolismag.com,US,146
quoteinvestigator.com,US,146
magneticafm.com,MX,146
beardedmagazine.com,UK,146
ralphiereport.com,US,146
sojo.net,US,146
techwalker.com,CH,146
edc.nyc,US,146
gohunt.com,US,146
carbonherald.com,US,146
thepilotnews.com,US,146
elektroda.pl,CH,146
elpasomatters.org,US,146
craigmod.com,JA,146
mundoalbiceleste.com,AR,146
anglicannews.org,IS,146
km.dk,DA,146
retailbiz.com.au,AS,146
wrfl.fm,US,146
mycarrollcountynews.com,US,146
argia.eus,SP,146
europeanjournalists.org,UP,146
gadgets360.com,IN,146
masterstudies.com,JA,146
diariodocentrodomundo.com.br,BR,146
spitalfieldslife.com,UK,145
ani.mr,MR,145
antena2.com,CO,145
annapoliscountyspectator.ca,CA,145
vtibet.com,CH,145
snhu.edu,US,145
easternflorida.edu,US,145
pcandalucia.org,SP,145
sprakradet.no,NO,145
pickswise.com,US,145
hometowntv12.ca,CA,145
blog.gov.uk,UK,145
panorientnews.com,JA,145
tekneco.it,IT,145
borsaningundemi.com,TU,145
truelocal.com.au,AS,145
admiralmarkets.com,UK,145
internationalairportreview.com,CA,145
africasciencenews.org,KE,145
diariojudio.com,IS,145
globalpolicyjournal.com,CH,145
youinvest.co.uk,UK,145
postkhmer.com,CB,145
southalabama.edu,US,145
clarkcountynv.gov,US,145
cwherald.com,UK,145
todayskccr.com,US,145
helenonherholidays.com,HR,145
cinemainsomnia.com,US,145
echo.ie,EI,145
alexnews.co.za,SF,145
big985.com,US,145
oaklandinstitute.org,TZ,145
helpnetsecurity.com,US,145
mendozapost.com,AR,145
choctawnation.com,US,145
usrowing.org,US,144
kamupersoneli.net,TU,144
simonwillison.net,US,144
acc.org,US,144
pulsenews.co.kr,KS,144
jce.gob.do,DR,144
shorefire.com,US,144
kalleanka.se,SW,144
quotidiendutourisme.com,FR,144
fitnessvolt.com,US,144
soccerladuma.co.za,SF,144
musclecarsandtrucks.com,US,144
intelligenceonline.com,FR,144
ujuh.co.za,SF,144
scottcountyiowa.gov,US,144
wezeradio.com,US,144
lifeinquebec.com,IN,144
techmalak.com,US,144
ardeche.fr,FR,144
npg.org.uk,UK,144
rian.com.ua,UP,144
ilquotidiano.it,IT,144
wrmn1410.com,US,144
infectiousdiseaseadvisor.com,US,144
msaustralia.org.au,AS,144
civicus.org,CH,144
thedenizen.co.nz,NZ,144
speedskating.ca,CA,144
globallabourcolumn.org,CH,143
sedibengster.com,SF,143
foxfm.com,CA,143
floridapolicy.org,US,143
rainbowpush.org,US,143
k95country.com,US,143
x96.com,US,143
demos.org,US,143
prepbaseballreport.com,US,143
almotamar.net,YM,143
worldscientific.com,SN,143
ahlmasrnews.com,IR,143
semianalysis.com,CH,143
busanhaps.com,US,143
bright-green.org,UK,143
furniturenews.net,VM,143
statewatch.org,MO,143
transparency.org,RS,143
philosophynow.org,FR,143
musebycl.io,US,143
publicsectorexecutive.com,UK,143
scenarieconomici.it,IT,143
frontporchnewstexas.com,US,143
edn.com,US,143
chambanamoms.com,US,143
logisticsmiddleeast.com,MU,143
tdf.org,US,143
liverpoolmuseums.org.uk,UK,143
theaureview.com,AS,143
fakenhamtimes.co.uk,UK,143
deeperblue.com,BH,142
brisbanedevelopment.com,AS,142
compareremit.com,RP,142
producereport.com,CH,142
kloop.kg,RS,142
mms.mk,MK,142
halifaxexaminer.ca,CA,142
equiposytalento.com,SP,142
cb-cg.org,US,142
power94.com,US,142
iai.tv,RS,142
kbaq.org,US,142
constructioncoverage.com,US,142
uca.edu,US,142
midlothianview.com,UK,142
foodanddrinkbusiness.com.au,AS,142
inside.com.tw,TW,142
dz-rs.si,SI,142
rotary.org,US,142
fanbuzz.com,US,142
miguelclaria.com,AR,142
penguin.com,US,142
businessofcinema.com,IN,142
expertsvar.se,SW,142
jhsph.edu,US,142
german-foreign-policy.com,GM,142
pew.org,US,142
commentary.org,US,142
constructionspecifier.com,US,142
vashonbeachcomber.com,US,142
tvserialupdates.com,NL,142
cfah.org,US,142
salonprivemag.com,US,142
chbcnet.com,CH,142
kiosquemag.com,FR,142
revelstokemountaineer.com,CA,142
lawnext.com,US,141
lutheranworld.org,UP,141
pageantcircle.com,US,141
sharenet.co.za,CH,141
peninsula.news,AS,141
thefreshtoast.com,US,141
nycaribnews.com,JM,141
axpertmedia.in,IN,141
thecurrencyanalytics.com,US,141
ocalapost.com,US,141
significantobjects.com,US,141
cba24n.com.ar,AR,141
catholiceducation.org,US,141
lakecowichangazette.com,CA,141
saddlers.co.uk,UK,141
pinoytechblog.com,RP,141
ictlogy.net,SP,141
whl.ca,CA,141
lundagard.se,SW,141
womensrunning.com,US,141
d1baseball.com,US,141
kajla.hu,HU,141
iter.org,FR,141
prolificlondon.co.uk,UK,141
umw.edu,US,141
rydercup.com,IT,141
kentstatesports.com,US,141
opserver.mk,MK,141
hsfo.dk,DA,141
queenannenews.com,US,141
townline.org,US,141
oakland.edu,US,141
rustelegraph.ru,RS,140
mexico-now.com,MX,140
soxmachine.com,US,140
metsmerizedonline.com,US,140
howardabraham.com,UK,140
thedalesreport.com,US,140
strategyonline.ca,CA,140
kenyoncollegian.com,US,140
cybersecurityintelligence.com,RS,140
mediapart.fr,FR,140
cliftonhill.com,CA,140
oilexp.ru,RS,140
cancerhealth.com,US,140
space.gov.il,IS,140
commodity.com,EZ,140
lifesciencesipreview.com,JA,140
bhutannewsservice.org,BT,140
jll.com,US,140
gbc-time.com,MT,140
northcoastcourier.co.za,SF,140
pih.org,HA,140
travelchannel.com,US,140
sunriseseniorliving.com,US,140
bancomundial.org,US,140
waketech.edu,US,140
refworld.org,UK,140
ucmerced.edu,US,140
ms.now,US,140
grocerycouponguide.com,US,140
nordace.com,CA,140
sdakinship.org,US,140
copperarea.com,US,140
graingertoday.com,US,140
classicdriver.com,IT,140
digitalhealth.net,UK,140
joongang.co.kr,KS,140
bookslive.co.za,US,140
texleader.com.cn,CH,140
munsterrugby.ie,EI,140
edinboro.edu,US,139
alraya.co,UK,139
humanistischealliantie.nl,NL,139
eia-international.org,CH,139
filbuild.com,RP,139
peakofohio.com,US,139
blglobal.co.uk,GK,139
connectcre.com,US,139
footballoutsiders.com,US,139
radiopereira.it,US,139
fotografie.ch,SZ,139
theleaven.org,US,139
illinoispirg.org,US,139
tribuna.us,US,139
crooked.com,US,139
analyticsindiamag.com,IN,139
bcn.cl,CI,139
dailycannon.com,UK,139
tvbeurope.com,GM,139
weldbham.com,US,139
life979.com,US,139
tigyog.app,CF,139
bull929.com,US,139
exploreclarion.com,US,139
themoralliberal.com,US,139
discovery.com,US,139
espn.com.sg,US,139
spytalk.co,US,139
yachtsandyachting.co.uk,UK,139
tommiemedia.com,US,139
trendenciashombre.com,CH,139
delval.edu,US,139
georgialawnews.com,US,139
qantasnewsroom.com.au,AS,138
insidedefense.com,US,138
1053thebear.com,US,138
jazz88.org,US,138
mylittlefalls.com,US,138
pipeline-journal.net,CH,138
newblack.lv,LG,138
otmj.com,US,138
kveller.com,IS,138
exputer.com,US,138
cananewsonline.com,BB,138
islandsweekly.com,US,138
mycharisma.com,US,138
fussballtransfers.com,GM,138
cineaste.com,US,138
theswaddle.com,IS,138
e-commerce.news,US,138
santacruzlocal.org,US,138
fowlertribune.com,US,138
nextquotidiano.it,IT,138
nmu.edu,US,138
harveycountynow.com,US,138
theshadowleague.com,US,138
ned.org,RS,138
cowboysrideforfree.com,US,138
ucad.sn,SG,138
disasterphilanthropy.org,US,138
albaniannews.com,AL,138
thevistapress.com,US,138
bitcoinist.com,BR,137
legionisci.com,PL,137
worthingherald.co.uk,UK,137
food-management.com,US,137
nbaanalysis.net,US,137
economiaynegocios.cl,CI,137
rcps.info,US,137
amsterdamfoodie.nl,NL,137
nextstl.com,US,137
trustmyscience.com,US,137
etown.edu,US,137
burlingtonvt.gov,US,137
molndalsposten.se,SW,137
bedfordviewedenvalenews.co.za,SF,137
wienerin.at,AU,137
peoplesdemocracy.in,IN,137
wishpittsburgh.com,US,137
yoair.com,BR,137
lakescountry1021.com,US,137
betql.co,US,137
akinsoftdudullu.com,CH,137
jaxa.jp,JA,137
bigmarker.com,US,137
thecardiologyadvisor.com,US,137
rock945.com,US,137
hiplatina.com,MX,137
moparinsiders.com,BR,137
cmotech.news,US,137
mebusiness.ae,JA,137
pancan.org,US,137
997wpro.com,US,136
gonzocircus.com,NL,136
tankesmedjantiden.se,SW,136
vittlesmagazine.com,UK,136
beaches.com,JM,136
alachuacounty.us,US,136
horizons-dz.com,AG,136
bob937.com,JA,136
cafebabel.com,IT,136
bonasavoir.ch,SZ,136
kinsta.app,US,136
steelersdepot.com,US,136
z1063.com,CH,136
oregonwild.org,US,136
ejc.net,GM,136
idaegu.com,KS,136
china-journal.org,CH,136
misstamchiak.com,SN,136
kk.org,US,136
thearticle.com,RS,136
nenc.news,US,136
pilotguides.com,BR,136
bouldercounty.org,US,136
coolchicstylefashion.com,IT,136
revelstokereview.com,CA,136
autokult.pl,PL,136
act-news.com,US,136
myftpupload.com,EI,136
vanderloubet.com.br,BR,135
pcmweb.nl,NL,135
laprensalibre.cr,US,135
gadgetsnow.com,IN,135
yougame.at,GM,135
ubyssey.ca,CA,135
allindiaroundup.com,US,135
collegeandmagnolia.com,US,135
hermannadvertisercourier.com,US,135
mj.gov.tl,TT,135
tvrinfo.ro,RO,135
nintendowire.com,JA,135
nftevening.com,NL,135
denisonforum.org,US,135
szinhaz.hu,HU,135
mundorama.net,BR,135
uncf.org,US,135
yozzo.com,TH,135
ms.gov,US,135
vuhoops.com,US,135
designcurial.com,IT,135
haschcon.com,GM,135
theexeterdaily.co.uk,UK,135
trans-port.com.ua,UP,135
hochi.co.jp,JA,135
meteo.it,IT,135
startsmart.com.tr,UK,135
halftimemag.com,US,135
scstudentmedia.com,US,135
probonoaustralia.com.au,AS,135
bangormetro.com,US,135
olympics.com.au,AS,135
chichester.co.uk,UK,135
seattlerefined.com,US,135
huschblackwell.com,US,135
dayforcehcm.com,US,135
wvi.org,SU,135
thefalcoholic.com,US,135
gamepressure.com,US,135
gmwatch.org,AU,135
newmandala.org,TH,135
environmentjournal.online,UK,135
jeepforum.com,US,135
claremontreviewofbooks.com,US,135
fergusnow.com,US,134
swp-berlin.org,RS,134
postwrestling.com,JA,134
sidley.com,US,134
travelinginfocus.com,US,134
ahdathnet.com,SA,134
voyagersworld.in,IN,134
rootedinohio.com,US,134
saffarazzi.com,SF,134
freieliste.li,LS,134
oceancitymd.gov,US,134
portswigger.net,UP,134
newsoneplace.com,UK,134
libreidee.org,IT,134
publicdomainreview.org,US,134
ochranaprirody.cz,EZ,134
americansecuritytoday.com,US,134
pipelinepub.com,US,134
idsia.ch,US,134
cpusa.org,US,134
partnershipsbulletin.com,UK,134
alive.com,CA,134
globalpropertyguide.com,CH,134
philippineslifestyle.com,RP,134
lastwordonsports.com,US,134
allinlondon.co.uk,UK,134
archive.org,RS,134
businessinnovationmag.co.uk,UK,134
unoprivateers.com,US,134
kroxam.com,US,134
quinewscasentino.it,IT,134
mha.org,US,134
kslegislature.org,US,134
trans.info,UK,134
perisher.com.au,AS,134
alislam.org,PK,134
capx.co,UK,134
eet-china.com,CH,134
comunicarseweb.com.ar,AR,134
winonastatewarriors.com,US,134
salubrishealthline.com,GH,133
ein.org.uk,RW,133
savvymamalifestyle.com,US,133
nationalgallery.org.uk,UK,133
worldnewsresource.com,US,133
aethermug.com,JA,133
usconsulate.gov,HK,133
shteg.org,AL,133
penangpropertytalk.com,MY,133
bachtrack.com,SN,133
merck.com,US,133
politics.com.ph,RP,133
sportinglife.com,UK,133
expatforum.com,GR,133
zum.com,US,133
shorthandstories.com,US,133
thenorthwindonline.com,US,133
mobillistriknews.com,CH,133
northropgrumman.com,US,133
thescarlet.org,US,133
maktechblog.com,IN,133
liverpool.ac.uk,UK,133
webintravel.com,JA,133
purexbox.com,JA,133
today.ua,UP,133
courieranywhere.com,US,133
elcarrocolombiano.com,CO,133
dinalipi.com,IN,133
journalism.co.za,SF,133
worldfertilizer.com,AO,133
realityblurb.com,US,133
tygodnikits.pl,PL,133
tem.fi,FI,133
mainlymiles.com,SN,133
southasianvoices.org,IN,133
etfstream.com,UK,133
hbnews.net,CH,133
gazetedemokrat.com,TU,133
horsebetting.com.au,AS,133
entrepreneurshandbook.co,US,132
frankwarren.com,UK,132
cityofhouston.news,US,132
modabot.de,BR,132
nationaltrust.org.uk,UK,132
vukajlija.com,RB,132
vtb.ru,CH,132
lawfaremedia.org,US,132
theregreview.org,US,132
nicopiro.it,UP,132
abtglobal.com,US,132
ata.org.au,AS,132
pipedrive.com,US,132
stocknews.com,US,132
tripsided.com,US,132
themacweekly.com,US,132
stlawu.edu,KE,132
anr.org.py,PA,132
visitfrenchwine.com,VM,132
nlc.hu,US,132
meteoalarm.mk,MK,132
filtsep.com,US,132
ibgnews.com,IN,132
chicagodispatcher.com,UK,132
greenbeltnewsreview.com,US,132
wpengine.com,UP,132
thebee.news,US,132
conferenceboard.ca,CA,132
nepadbusinessfoundation.org,SF,132
canadianmortgagetrends.com,CA,132
umassmedia.com,US,132
revistafinanceira.com.br,BR,132
bcnmes.com,SP,132
bettingpros.com,US,132
la105.com,US,132
eagle981.com,US,131
washcoll.edu,US,131
santanvalley.com,US,131
thesimpsonian.com,US,131
lockheedmartin.com,US,131
gothenburgleader.com,US,131
weltderphysik.de,GM,131
betabriefing.com,RI,131
bagheriainfo.it,IT,131
faithradio.org,US,131
restaurant.org,US,131
retail4growth.com,IN,131
sciencetimes.co.kr,US,131
bestmovie.it,IT,131
jpmorganchase.com,US,131
texnet.com.cn,CH,131
newsauto.gr,GR,131
himalmag.com,CH,131
mediastar.net.ua,UP,131
cfai.fm,CA,131
culturedmag.com,MX,131
bostonhaitian.com,US,131
burlington.org.uk,UK,131
economiabolivia.net,BL,131
nhtalkradio.com,US,131
medvi.org,US,131
gon.com,US,131
star-revue.com,US,131
tankstoragemag.com,US,131
theevreport.com,US,131
polk.edu,US,131
mofa.go.jp,JA,131
1160hope.com,US,131
usw.ca,CA,131
thenantwichnews.co.uk,UK,131
gcsu.edu,US,131
xn--sterreich-z7a.at,AU,130
traversing.ca,CA,130
girlfriend.com.au,AS,130
pcworld.co.nz,US,130
pcm.gob.pe,PE,130
masress.com,EG,130
thedcpost.com,US,130
deutscher-radiopreis.de,GM,130
ipas.org,US,130
raptorshq.com,CA,130
maritimebulletin.net,RS,130
caffeinatedthoughts.com,US,130
politicosperu.com,PE,130
alliancenet.org,EG,130
financialdirector.co.uk,UK,130
cartt.ca,CA,130
thefitzwilliam.com,EI,130
kawartha411.ca,CA,130
blogdovestibular.com,BR,130
merryjane.com,US,130
enel.com,IT,130
gazetavirtual.com.br,US,130
thaboxingvoice.com,MY,130
lccentral.com,US,130
constructionbusinessowner.com,US,130
beijingnews.net,CH,130
supertalk929.com,US,130
fordhamsports.com,US,130
chicothunderheads.com,US,130
njmonthly.com,US,130
abc40.com,US,130
muncyluminary.com,US,130
europeangaming.eu,GM,130
coowor.com,CH,130
kresge.org,US,130
lehren.com,IN,130
finledger.com,US,130
pharmaphorum.com,UK,130
metalbulletin.com,CH,130
perfscience.com,US,130
blacksea.tv,UP,130
activehosted.com,EZ,130
newlebanon.info,IR,129
rizopoulospost.com,GR,129
midwesternnewspapers.com,CA,129
breakit.se,SW,129
cronica.uno,VE,129
power-eng.com,US,129
lomabeat.com,US,129
canadasoccer.com,CA,129
burnfm.com,US,129
xnepali.net,NP,129
kxoradio.com,MX,129
informativorg.com,TH,129
artsyvoyager.com,MX,129
bigcat921.com,US,129
geneseesun.com,US,129
alshiraa.com,SY,129
theridernews.com,US,129
news-24.fr,US,129
klpx.com,US,129
musique-libre.org,FR,129
theawaznorway.com,PK,129
mechanicbase.com,US,129
maxim.com,GR,129
noahpinion.blog,CH,129
agirlsguidetocars.com,US,129
defenders.org,US,129
webloomberg.com,CA,129
the-tartan.org,US,129
photofocus.com,US,129
alkhabaralyemeni.net,YM,129
metropolitanreview.org,US,129
biathlon.com.ua,UP,129
etownian.com,US,129
rpublc.com,NI,128
nycfoodpolicy.org,US,128
wazap.com,JA,128
allthingsnuclear.org,CH,128
ahchealthenews.com,US,128
www.wa.gov.au,AS,128
cim.org,CA,128
antsika-madagasikara.com,US,128
yougov.co.uk,UK,128
chipsandcheese.com,US,128
cirencesterradio.co.uk,UK,128
docbao.vn,VM,128
warhistoryonline.com,US,128
sfu.sk,LO,128
voltimum.co.uk,UK,128
chouftv.ma,MO,128
moneywehave.com,TH,128
ambcrypto.com,JA,128
krakow.pl,UP,128
emarat-news.ae,SY,128
turn-on.de,GM,128
alalamelyoum.co,EG,128
somalidispatch.com,SO,128
blackengineer.com,US,128
stuttgarter-nachrichten.de,GM,128
swanageandwarehamvoice.co.uk,UK,128
audiraleigh.com,US,128
grandchallenges.ca,KE,128
sbnonline.com,US,128
wncu.org,US,128
hebei.com.cn,CH,127
sanantonio.gov,US,127
iavi.org,US,127
eurowizja.org,PL,127
hhmi.org,US,127
artsknoxville.com,US,127
kumu.com,US,127
catsailingnews.com,US,127
kaiserwiesn.at,AU,127
outkick.com,US,127
ok-inform.ru,RS,127
civilnet.am,AM,127
charitytimes.com,UK,127
getty.edu,AF,127
guetsel.de,GM,127
hrreview.co.uk,UK,127
duxburyclipper.com,US,127
rugbyrama.fr,FR,127
forklog.com,RS,127
londontheatre.co.uk,UK,127
fashionel.mk,MK,127
fsf.org,US,127
missionnewswire.org,BR,127
ieee-ceda.org,US,127
ogretmenlericin.com,TU,126
unisa.edu.au,AS,126
cleanenergywire.org,GM,126
coevordenhuisaanhuis.nl,NL,126
jose1043.com,CH,126
apremiumstyle.com,AN,126
citifmonline.com,GH,126
malaysianow.com,MY,126
fundacionreinasofia.es,SP,126
mojazeg.com,EG,126
wgel.com,US,126
mofa.go.kr,KS,126
theideasletter.org,CH,126
scroll.com.tr,TU,126
microcapobserver.com,UP,126
zorgkrant.nl,NL,126
builtinchicago.org,US,126
africanews.space,RS,126
fft.ie,EI,126
constructconnect.com,CA,126
racket.news,US,126
paginanoticias.com,ID,126
onthesnow.co.uk,FR,126
financialreporter.co.uk,UK,126
lovecraftzine.com,US,126
glamadelaide.com.au,AS,126
noticiasagricolas.com.br,BR,126
mindbodygreen.com,US,126
spd-fraktion-halle.de,GM,126
med-technews.com,UK,126
winterthur.im,SZ,126
fatherly.com,US,126
australianracinggreyhound.com,AS,126
erau.edu,US,126
queenspost.com,US,126
delimarketnews.com,US,126
bandab.com.br,BR,126
otpp.com,IN,126
football-oranje.com,NL,126
readersdigest.com.au,AS,126
ccboe.com,US,126
therecipecritic.com,TU,126
kernvalleysun.com,US,126
tylervigen.com,US,126
debanked.com,US,126
bsubulldogs.com,US,126
forestry.com,PE,126
fighttime.ru,RS,125
radiocentro.com,MX,125
businessnewsaustralia.com,AS,125
wdea.am,US,125
babushahi.com,IN,125
telecomstechnews.com,RS,125
healthcare-in-europe.com,US,125
wearesunderland.com,FR,125
seattlechildrens.org,US,125
cigionline.org,CH,125
dgmbc.com,GM,125
acuoptimist.com,US,125
westernstandardonline.com,CA,125
bluebombers.com,CA,125
exposedbycmd.org,US,125
ladyironchef.com,SN,125
101x.com,US,125
mi2n.com,NU,125
beerandbrewing.com,BE,125
kvpu.org.ua,UP,125
newsfromafrica.org,MY,125
nipponindiaim.com,JA,125
avma.org,US,125
reformes.ch,SZ,125
boerse.de,US,125
landscapemanagement.net,US,125
manchester.gov.uk,UK,125
thebaltimorewire.com,US,125
agroklub.com,HR,125
wkul.com,US,125
levernews.com,US,125
petro.no,NO,125
utmsports.com,US,125
lagazzettaitaliana.com,IT,125
thepublicdiscourse.com,US,125
esauriente.it,IT,125
media4growth.com,IN,125
povmagazine.com,CA,125
suna-sd.net,SU,125
bunewsservice.com,US,125
provereno.mk,IT,125
tinkoff.ru,RS,125
defenceaviationpost.com,IN,125
mercy.com,US,125
fintechmagazine.com,US,124
eclipsemagazine.co.uk,UK,124
madisoniannews.com,US,124
espn.com.ar,US,124
thirdway.org,US,124
quinzemondial.com,FR,124
fsspx.news,US,124
wpfwfm.org,US,124
fastighetsvarlden.se,SW,124
bestmag.co.uk,US,124
rockybru.com.my,MY,124
aplf.com,CH,124
thetradenews.com,UK,124
mpr.org,US,124
avse.edu.vn,VM,124
sportscafe.in,IN,124
erau.ee,EN,124
pumps-africa.com,KE,124
turktelekom.com.tr,TU,124
nieuwemobiel.nl,NL,124
theceomagazine.com,SN,124
bhf.org.uk,UK,124
laoferta.com,US,124
adventure-journal.com,US,124
thegraphicleader.com,CA,124
kcisradio.com,US,124
tropicnow.com.au,AS,124
zenskimagazin.mk,MK,124
weizmann.ac.il,IS,124
cambojanews.com,CB,124
histoiresroyales.fr,BE,124
philadelphiaeagles.com,US,124
nydailyrecord.com,US,124
afaspa.com,FR,123
consoc.org.uk,UK,123
tennis365.com,AS,123
econlib.org,US,123
goteborgfilmfestival.se,SW,123
rockrivercurrent.com,US,123
universitas.no,NO,123
conversationswithtyler.com,US,123
jgeekstudies.org,JA,123
sailingtoday.co.uk,NO,123
altracitta.org,IT,123
negosentro.com,RP,123
krxt985.com,US,123
quote.ru,RS,123
ref68.com,FR,123
britishboxers.co.uk,UK,123
ibahia.com,BR,123
celebcafe.org,US,123
canoeicf.com,CH,123
levellandnews.net,US,123
securitysales.com,US,123
my-angers.info,FR,123
harveyworld.org,US,123
computerhistory.org,US,123
thesubmarine.it,IT,123
golaurens.com,US,123
goldengatexpress.org,US,123
pitandquarry.com,US,123
londragazete.com,UK,123
americanclarion.com,US,123
onepakistan.com.pk,PK,122
mhsaa.com,US,122
perfectdailygrind.com,CO,122
rova.nz,NZ,122
cinema.com.my,MY,122
flatheadnewsgroup.com,US,122
ara-dz.org,JA,122
algerie1.com,AG,122
standard.gm,GA,122
mhi.com,JA,122
dauniv.ac.in,IN,122
dailyinvestor.com,SF,122
freepress.org,US,122
twreporter.org,CH,122
shu.edu,US,122
timba.com,CU,122
aapa.org,US,122
ridemedia.com.au,AS,122
urban.gov.vc,VC,122
idealista.pt,PO,122
travelfish.org,LA,122
accesswinnipeg.com,CA,122
nauticareport.it,FR,122
stateoflouisville.com,US,122
95octane.com,US,122
fortementein.com,IT,122
earthasweknowit.com,PE,122
prostomob.com,CH,122
thedomains.com,US,122
aflfeeds.com,AS,122
mofa.gov.ae,AE,122
colossus-computer.com,UK,122
cordioea.net,KE,122
alabamapublichealth.gov,US,122
helensville.co.nz,NZ,122
endsreport.com,UK,122
magicalguides.com,US,122
ieatishootipost.sg,CH,122
destinationcoupons.com,US,122
qando.net,JA,122
cochraneeagle.com,US,121
pipeliner.com.au,AS,121
ckrzfm.com,CA,121
hudsonvalleyalmanacweekly.com,US,121
covite.org,SP,121
ideas-magazin.de,GM,121
bt.com.bn,BX,121
aasd.k12.wi.us,US,121
ppandaluz.es,SP,121
kpress.info,FM,121
game-focus.com,CA,121
speedonthewater.com,US,121
msms.org,US,121
prohockeyrumors.com,US,121
uncp.edu,US,121
kcl.ac.uk,UK,121
theknowledgeonline.com,UK,121
bwsailing.com,US,121
longevitylive.com,US,121
90minut.pl,PL,121
accountingweb.com,US,121
lasettimanadisaronno.it,IT,121
severstal.com,RS,121
upday.com,UK,121
nationalhealthexecutive.com,UK,121
actualidadcuba.com,CU,121
ethicaljournalismnetwork.org,UP,121
belmontvision.com,US,121
ovationtv.com,US,121
yournewsnet.com,UP,121
wvumedicine.org,US,121
thejewelleryeditor.com,UK,121
bookshop.org,US,120
babambitola.mk,MK,120
thestormers.com,SF,120
gayfetard.com,UK,120
bbva.com,SP,120
gorillasafaris-uganda.com,UG,120
microgridmedia.com,US,120
gram.edu,US,120
uscpublicdiplomacy.org,SA,120
coinlaw.io,US,120
cricketnmore.com,IN,120
oestadoma.com,BR,120
publictenders.net,UK,120
kccnfm100.com,US,120
oxfam.org,IS,120
moto.it,IT,120
sport-interfax.ru,RS,120
morrisburgleader.ca,CA,120
bioprocessintl.com,US,120
nam.org,US,120
discovermuscatine.com,US,120
diarioveloz.com,UK,120
pasadenajournal.com,US,120
ravejungle.com,RO,120
oneworld365.org,AS,120
medievalists.net,BU,120
bitpanda.com,AU,120
theface.com,UK,120
perkinscoie.com,US,120
nashville.gov,US,120
beverlypress.com,US,120
tipofthetower.com,CA,120
unrealitytv.co.uk,UK,120
randfonteinherald.co.za,SF,120
indexsante.ca,CA,120
britishathletics.org.uk,UK,120
vshineworld.com,US,120
healthshots.com,IN,120
chiesaditotti.com,IT,120
valdaiclub.com,RS,120
ilbustese.it,IT,120
spokanefavs.com,US,120
budget.gc.ca,CA,120
portada-online.com,US,120
laminute.info,FR,120
lighthousehockey.com,US,120
amazonwatch.org,EC,120
humanrightsinitiative.org,IN,120
wvmcfm.com,ID,120
inventa.com,BC,120
bezpluga.pl,PL,120
stockmarketwire.com,UK,119
mr7.ru,RS,119
wrestlingheadlines.com,US,119
tastecooking.com,US,119
faithtalk970.com,US,119
privatebankerinternational.com,SZ,119
ncte.org,US,119
qubit.hu,US,119
youfly.com,GR,119
servedaily.com,US,119
edm.com,NO,119
pioneerspost.com,UK,119
parkerliveonline.com,US,119
falko-grube.de,GM,119
la-story.com,US,119
mobashernews.net,VM,119
stoughtonnews.com,US,119
ckvmfm.com,CA,119
snrtnews.com,MO,119
braziljournal.com,BR,119
sapulpatimes.com,US,119
bradfordtimes.ca,CA,119
thenerdstash.com,US,119
dagensvimmerby.se,SW,119
mugglehead.com,US,119
chromatographyonline.com,US,119
globalgistng.com,NI,119
riviera-press.fr,FR,119
practicalmotorhome.com,UK,119
figc.it,IT,119
uptv.com,US,119
gazzettaamministrativa.it,IT,119
nnsl.com,CA,119
broadsideonline.com,IS,119
mwakilishi.com,KE,119
mlbdailydish.com,US,119
dprkmedia.com,KS,119
illegalcurve.com,US,119
morgenbladet.no,NO,119
topnews.ae,IN,118
netball.com.au,AS,118
endpts.com,JA,118
el-annabi.com,AG,118
wycoreport.com,US,118
astrobites.org,US,118
cellularitalia.com,IT,118
ncdhhs.gov,US,118
curatedbyjennifer.com,IC,118
hightimbertimes.com,TU,118
autorambler.ru,RS,118
thesheepsite.com,TU,118
tricityledger.com,US,118
hypebae.com,JO,118
harvardlampoon.com,US,118
positime.ru,RS,118
wacsi.org,GH,118
mirchi9.com,IN,118
ictnews.org,US,118
jadaliyya.com,EG,118
consumerfinance.gov,US,118
tbs.seoul.kr,KS,118
hcdynamo.cz,EZ,118
antigonejournal.com,FR,118
nsnbc.me,US,118
startup.info,MO,118
privatecapitaljournal.com,CA,118
catbandit.com,TU,118
thehugoawards.org,CH,118
dot.gov,US,118
rantnc.com,US,118
metaltalk.net,ID,118
duden.de,GM,118
psfk.com,US,118
mp1st.com,US,118
boundarycreektimes.com,CA,118
bitdefender.com,US,118
solvermatic.com,TU,118
radiichina.com,CH,118
pressmare.it,US,118
sokolovelaw.com,US,118
investigate-europe.eu,FR,118
sologossip.it,IT,118
theindependent.co,US,118
efotbal.cz,EZ,118
expo2015notizie.it,IT,118
lennoxnews.com,US,118
toronews.net,IT,118
osundefender.org,JA,118
moyautoservices.com,UK,118
mediaupdate.co.za,SF,118
silversevensens.com,CA,117
cybersecuritydive.com,US,117
khampha.vn,VM,117
wtfm.com,US,117
heldforranson.com,RS,117
magdalene.co,ID,117
laverita.info,IT,117
agrimaroc.ma,MO,117
bka.de,GM,117
microcenter.com,US,117
myupnow.com,US,117
gaadikey.com,IN,117
kaorinusantara.or.id,ID,117
edh.tw,JA,117
idealista.it,IT,117
plataformaurbana.cl,CI,117
jis.gov.jm,JM,117
gomarquette.com,US,117
food.gov.uk,UK,117
midwoodscience.org,US,117
resource-capital.ch,MX,117
shorehamherald.co.uk,UK,117
hidoc.co.kr,US,117
meb.gov.tr,TU,117
businessnewswales.com,UK,117
toscalix.com,SP,117
920espnnewjersey.com,US,117
cryptonewsz.com,SN,117
sport.ru,RS,117
gocfs.net,US,117
fidelityrealestate.com,US,117
ibdnewstoday.com,US,117
insidestory.org.au,ID,116
gokicker.com,JA,116
wrestletalk.com,SA,116
nfocusmagazine.com,US,116
rail.co.uk,UK,116
arcaracing.com,US,116
latina.lu,LU,116
kerrangradio.co.uk,UK,116
niernieuws.nl,NL,116
packagingnews.co.uk,UK,116
hebi.gov.cn,CH,116
tvfesta.live,MK,116
labiennale.org,IT,116
pisorno.it,IT,116
bitchmedia.org,US,116
vzajemci.com,SI,116
awdf.org,GH,116
willamettecollegian.com,US,116
bloodinthemachine.com,US,116
worldmaritimenews.com,UK,116
dojmt.gov,US,116
accessaa.co.uk,UK,116
uncsa.edu,US,116
farmersguardian.com,UK,116
mosaiquefm.net,TS,116
harbus.org,US,116
nen.com.cn,CH,116
vuslathaber.com,TU,116
maoritelevision.com,NZ,116
eurobuildcee.com,EZ,116
gostivarpress.mk,MK,116
brandywineschools.org,US,116
amu.tv,AF,116
degrouster.nl,NL,116
cftc.gov,US,116
game-debate.com,JA,116
radiotrek.rv.ua,UP,116
traveloregon.com,US,116
slurrp.com,BM,116
eaglenews.ph,BR,116
upnorthvoice.com,US,116
centralamericadata.com,US,116
foodbanknews.org,US,116
traffictechnologytoday.com,US,116
asef.org,ID,116
bits-chips.nl,NL,116
931yesfm.com,US,116
newsmirror.net,US,116
dmcnews.org,US,116
u.today,JA,116
kvml.com,US,115
hot100now.com,US,115
cagesidepress.com,US,115
insidecroydon.com,UK,115
thepioneerwoman.com,US,115
theartistree.fm,US,115
tysonsreporter.com,US,115
cei.org,US,115
thesportsexaminer.com,US,115
burnsmcd.com,US,115
theins.press,RS,115
usitc.gov,US,115
nsudemons.com,US,115
topnews.net.nz,NZ,115
institute.global,RS,115
durhamradionews.com,CA,115
tgais.com,US,115
figo.org,SF,115
philhendrieshow.com,US,115
sonomacountygazette.com,US,115
canyonnews.com,US,115
berlinale.de,GM,115
custercountynews.com,FR,115
faharas.net,SA,115
bella.tw,TW,115
diabeteshealth.com,US,115
itbusinessedge.com,US,115
insidearabia.com,AG,115
automania.it,IT,115
writingillini.com,US,115
influencive.com,US,115
foodtechbiz.com,IN,115
timberlakesouthdakota.com,US,115
newspaperarchive.com,US,115
illinoisentertainer.com,US,115
musicfestivalwizard.com,HR,115
tendancemag.com,US,115
wabcradio.com,US,115
sabatosera.it,IT,114
mountain-news.com,US,114
italk1067.com,US,114
casinocity.tv,US,114
linux-magazine.com,US,114
fussballnationalmannschaft.net,GM,114
globalbiodefense.com,US,114
bognor.co.uk,UK,114
ilghirlandaio.com,AE,114
marcusoscarsson.se,SW,114
azdeq.gov,US,114
scantv.al,AL,114
borsagundem.net,TU,114
ispo.com,GM,114
bizarro.com,US,114
dstvafrica.com,US,114
cruzely.com,DR,114
carwale.com,IN,114
sharperiron.org,IS,114
netmums.com,UK,114
birminghamal.gov,US,114
ausairpower.net,RS,114
eaglevalleynews.com,CA,114
imtj.com,TU,114
iq-mag.net,UK,114
saferworld.org.uk,OD,114
hot-dinners.com,UK,114
accessonline.com,US,114
gwr.com,UK,114
thinkcampus.jp,JA,114
tamaractalk.com,US,114
techtastic.nl,NL,114
pirg.org,US,114
classicalking.org,US,114
kvegas.com,US,114
drifttravel.com,US,114
cgai.ca,KS,114
irishsportsdaily.com,US,114
yournuclearnews.com,US,114
activtrades.eu,GM,114
astronautinews.it,CH,114
littlehamptongazette.co.uk,UK,114
stratfor.com,RS,114
abruzzonotizie.com,IT,114
puls24.mk,MK,114
dailytitan.com,US,113
vegconomist.com,NL,113
krishakjagat.org,VM,113
wnyc.org,US,113
hackensackmeridianhealth.org,US,113
filmcolossus.com,JA,113
nuclearmuseum.org,JA,113
cascadebusnews.com,US,113
lloyds.com,UK,113
africafocus.org,US,113
panaynewsphilippines.com,US,113
westsidecurrent.com,US,113
wttsfm.com,US,113
afriqueredaction.com,IR,113
globelynews.com,CH,113
planetmosh.com,UK,113
clingendael.org,RS,113
oca.org,US,113
americanexpress.com,US,113
975country.com,US,113
africadaily.net,ET,113
parklandtalk.com,US,113
worldtribune.org,US,113
enewswire.co.uk,IC,113
sandhillssentinel.com,US,113
juked.com,US,113
ingmarkets.de,GM,113
sdxcentral.com,US,113
tbn.org,US,113
gov.krd,IZ,113
nepalireporter.com,NP,113
mensquare.com,SP,113
baystatehealth.org,US,113
asppa-net.org,US,113
gelaw.com,US,113
pickr.com.au,AS,113
thehinducentre.com,IN,113
sciencemediacentre.co.nz,NZ,113
fairburyjournalnews.com,US,112
diabetes.org,US,112
noizz.pl,RS,112
thejournalnj.com,US,112
lakesarearadio.net,US,112
sourcesecurity.com,US,112
suno.com.br,BR,112
berthub.eu,NL,112
silodrome.com,AS,112
1039thebulldog.com,US,112
marketindex.com.au,AS,112
developinglafayette.com,US,112
windycitytimes.com,US,112
beautifulpublicdata.com,US,112
flvoicenews.com,US,112
informit.com,US,112
ausdoc.com.au,AS,112
themillions.com,US,112
randburgsun.co.za,SF,112
sydneynews.net,RS,112
computerworld.hu,US,112
scc-csc.ca,CA,112
mobilidaderio.com.br,BR,112
guymondailyherald.com,US,112
dominio.fm,VM,112
sccourts.org,US,112
memuruz.net,TU,112
southernstudies.org,US,112
mortgagefinancegazette.com,UK,112
ahlynews.com,EG,112
thebeet.com,US,112
error500.net,SP,112
aztecreports.com,MX,112
hibapress.com,MO,112
anzishaprize.org,UG,112
billmuehlenberg.com,IS,112
nina.no,NO,112
teleaesse.it,IT,112
stonehillskyhawks.com,US,112
biotechniques.com,US,112
developmentgateway.org,KE,112
zaygwet.com,US,112
eftm.com,AS,111
thenegotiator.co.uk,UK,111
disruptingjapan.com,JA,111
dynomight.net,US,111
antiguadailyphoto.com,GT,111
midnightsunak.com,US,111
ilfattoalimentare.it,IT,111
fortnightlyreview.co.uk,CY,111
mtnweekly.com,BU,111
readlion.com,US,111
voicendata.com,IN,111
klik1240.com,US,111
spa.gov.sa,SA,111
dmu.ac.uk,UK,111
protomag.com,US,111
iccwbo.org,FR,111
marvel.com,US,111
ndsuspectrum.com,US,111
serendipita.org,GM,111
knoxtntoday.com,US,111
magazinekstra.com,GM,111
psacunion.ca,CA,111
dentons.com,SF,111
mk2.com,FR,111
petrolialambtonindependent.ca,CA,111
rvwest.com,CA,111
allhockey.ru,RS,111
canadaland.com,CA,111
apetogentleman.com,US,111
yoursdp.org,SN,111
norfolklive.co.uk,UK,111
wac-maan.org.il,IS,111
cyclingindustry.news,BU,111
laley1005.com,MX,111
lavozdeanza.com,US,111
albertafarmexpress.ca,CA,111
bibaleze.si,SI,111
dehai.org,SU,111
ysu.edu,US,111
kde.org,US,111
eldigitaldecuenca.com,SP,111
rushlimbaugh.com,US,111
farmweeknow.com,US,111
passivehouseplus.ie,EI,111
tech.eu,UK,111
ilgusto.it,IT,111
churchinneed.org,LE,111
cwa-union.org,US,111
keepthefaith.com,US,111
focusgn.com,US,111
wildplaces.co.uk,UK,110
suedkurier.de,GM,110
therahnuma.com,SA,110
keralacm.gov.in,IN,110
cejamericas.org,US,110
fransat.fr,FR,110
parkettchannel.it,IT,110
americanlivewire.com,US,110
rueducommerce.fr,FR,110
firstenergycorp.com,US,110
traffic.org,CH,110
ztgd.com,US,110
senatedfl.mn,US,110
noticiasdemogi.com.br,BR,110
thisamericanlife.org,US,110
danielemartinelli.it,IT,110
themintchipmama.com,IS,110
blogg.se,SW,110
boomer1490.com,VM,110
marne.fr,FR,110
presidentialprayerteam.org,US,110
bunkerspot.com,SN,110
radiocalpulalpan.com,MX,110
centraleuropeantimes.com,RS,110
desertnews.com,US,110
interdipendenza.net,IT,110
circuit.news,IS,110
latenighter.com,US,110
deutschedigitalassets.com,GM,110
catalystmagazine.net,US,110
commonsense.news,US,110
theflashtoday.com,US,110
ladieseuropeantour.com,SP,110
longislandmediagroup.com,US,110
money-tourism.gr,GR,110
ksgn.com,US,110
pmgnews.com,US,109
zms.mn,MG,109
rivnenews.com.ua,UP,109
centralamerica.com,CS,109
macdonaldlaurier.ca,KS,109
rodneybrooks.com,US,109
madriduniversal.com,SP,109
huaihai.tv,CH,109
nasenovinky.sk,LO,109
abusidiqu.com,TU,109
bva.co.uk,UK,109
isj.org.uk,BR,109
telecareaware.com,US,109
cabinetmagazine.org,US,109
tvpuls.pl,US,109
globalcosmeticsnews.com,CH,109
lalate.com,US,109
pridepublishinggroup.com,US,109
boltonfm.com,UK,109
thedailycourier.com,US,109
newamericamedia.org,GR,109
allears.net,US,109
capetownmagazine.com,SF,109
arlingtontx.gov,US,109
pavia7.it,IT,109
ipi.media,EZ,109
elname.com,US,109
businessleader.co.uk,UK,109
forumvostok.ru,RS,109
waterfm.com,US,109
hiltonheadmonthly.com,US,109
waltainfo.com,ET,109
pride.com,US,109
fragomen.com,US,109
antipope.org,JA,109
malvern-online.com,US,109
sideeffectspublicmedia.org,US,109
aboutamazon.com,SZ,109
orlandopinstripedpost.com,US,108
southwire.com,US,108
saba.ye,IS,108
conservativebrief.com,US,108
shoppingcenterbusiness.com,US,108
sampdoria.it,IT,108
umb.edu,US,108
finavia.fi,FI,108
top1health.com,CH,108
afrodad.org,ZA,108
tricityrecord.com,US,108
tribunecourier.com,US,108
eurekamagazine.co.uk,UK,108
thestringer.com.au,AS,108
bio.org,US,108
mercedcountytimes.com,US,108
from-yemen.com,IR,108
elmoremagazine.com,US,108
porta.mk,MK,108
kajoog.org,VM,108
barkinganddagenhampost.co.uk,UK,108
katholisch.de,GM,108
dphoto.co.nz,NZ,108
nbcsportschicago.com,US,108
dlapiper.com,BC,108
petsvills.com,GV,108
poteaudailynews.com,US,108
espn.com.co,CO,108
myracinecounty.com,US,108
lava1053.com,CH,108
reyardid.org,MX,108
cjwwradio.com,CA,108
bedfordtimes-press.com,US,108
cda.org,US,108
humanitarianresponse.info,PK,108
wartaindonesiaonline.com,ID,108
oeco.org.br,BR,108
cartoonnetwork.com,US,108
fp2030.org,US,108
highpoint.edu,US,108
alabamareflector.com,US,108
blockmedia.co.kr,US,108
hibridosyelectricos.com,SP,108
globetrender.com,JA,107
eurojewcong.org,IS,107
messenger-news.com,US,107
thelallantop.com,IN,107
bebasket.fr,FR,107
wright.edu,US,107
chofucity.com,JA,107
politic365.com,US,107
kbec.com,US,107
whatson-north.co.uk,UK,107
wuhunews.cn,CH,107
massachusettshotels24.com,CH,107
corelogic.com,US,107
iwmf.org,US,107
ottawamagazine.com,AS,107
aboutmanchester.co.uk,UK,107
healthtechmagazine.net,US,107
homelandprepnews.com,US,107
luiss.it,CH,107
ra.co,UK,107
medicinenet.com,US,107
nrpyrenees.fr,FR,107
greenmountainsreview.com,US,107
pensionsage.com,UK,107
losspreventionmedia.com,US,107
wheresyoured.at,US,107
saanichnews.com,CA,107
spiritual.it,IT,107
wrolradio.com,US,107
midlandexpress.com.au,AS,107
imediaethics.org,PP,107
razorbackers.com,US,107
starducongo.com,FR,107
brownstone.org,US,107
alsnewstoday.com,US,107
paradigmpressgroup.com,US,107
ams.org,US,107
washingtonspirit.com,US,107
mimimefoinfos.com,NI,107
israelpost.co.il,IS,107
risingsunchatsworth.co.za,SF,107
vegvesen.no,NO,107
saopaulofc.net,BR,107
ejo.ch,RS,106
milanlive.it,IT,106
ykt.ru,RS,106
ridl.io,RS,106
techweekeurope.co.uk,UK,106
alhirschfeldfoundation.org,US,106
stylingyou.com.au,FJ,106
the-afc.com,QA,106
europeanwesternbalkans.com,RI,106
nea.gov.sg,SN,106
send2press.com,US,106
cronachesalerno.it,IT,106
pianetamilan.it,IT,106
uaslp.mx,MX,106
securitybrief.com.au,AS,106
michaelmoore.com,US,106
unchealthcare.org,US,106
molineux.news,PO,106
motrolix.com,US,106
siracusatimes.it,IT,106
1027dabomb.net,US,106
forumspb.com,RS,106
mydiplomaticlife.com,KN,106
generaldaily.com,IN,106
goteborgdirekt.se,SW,106
musicinminnesota.com,US,106
wbtai.com,US,106
dagensarena.se,SW,106
courier.co.il,IS,106
celebmix.com,US,106
agbrief.com,MC,106
habitatmag.com,US,106
penguin-news.com,UK,106
energetskiportal.rs,RI,106
fortunegreece.com,GR,106
pc-magazin.de,GM,105
canal1.com.co,CO,105
gmk.center,UP,105
decaturdailydemocrat.com,US,105
wideopenspaces.com,US,105
wordery.com,UK,105
mofo.com,US,105
encomium.ng,NI,105
pudding.cool,US,105
guysboroughjournal.com,CA,105
buddhistdoor.net,ID,105
valahia.news,RO,105
rouleur.cc,FR,105
msf.org.au,SU,105
circus-vladivostok.ru,RS,105
shareable.net,US,105
mauldineconomics.com,CH,105
leithvwraleigh.com,GM,105
hazlitt.net,US,105
vox.de,GM,105
newsdiaryonline.com,NI,105
ttplus.cn,CH,105
skyscanner.net,UK,105
g7.hu,CH,105
taichung.gov.tw,TW,105
ucnj.org,US,105
rewmag.com,US,105
migravenezuela.com,VE,105
diariodorio.com,BR,105
the-triton.com,NZ,105
batterseapowerstation.co.uk,UK,105
grape-experiences.com,IT,105
fthis.gr,GR,105
iexprofs.nl,NL,105
slatestarcodex.com,US,105
operawire.com,IT,105
thetartan.org,US,105
briarwood.org,US,105
eurodressage.com,GM,105
specialtyfabricsreview.com,US,105
dentagama.com,US,105
market.us,US,105
gamehistory.org,US,105
kopr94.net,US,105
taxscan.in,IN,105
ahajournals.org,US,104
ukessays.com,AE,104
nkinternet.com,KN,104
popjustice.com,UK,104
luxurydaily.com,US,104
dayafterindia.com,UK,104
canardwifi.com,FR,104
solidrockradio.org,US,104
kg-portal.ru,RS,104
eurorespekt.sk,LO,104
coastriverbusinessjournal.com,US,104
wayerless.com,TH,104
keiseruniversity.edu,US,104
strsoh.org,US,104
omahamagazine.com,US,104
bikewale.com,IN,104
thetechportal.com,IN,104
letabaherald.co.za,SF,104
spietati.it,IT,104
catholicstarherald.org,US,104
diariodearousa.com,SP,104
cagw.org,US,104
tate.org.uk,UK,104
asiafoodjournal.com,SN,104
svu.edu,US,104
xiaomi4mi.com,CH,104
lagradaonline.com,US,104
glitched.online,SF,104
thesirenssong.com,IT,104
favorittv.ro,RO,104
btlonline.org,US,104
sthelensreporter.co.uk,UK,104
thefreefinancialadvisor.com,US,104
reaction.life,RS,104
sierraloaded.sl,SL,104
inboundlogistics.com,US,104
uplift.hr,HR,104
thesunpapers.com,US,104
crescotimes.com,US,104
kttz.org,US,104
carpoolworld.com,US,104
mzee.com,GM,104
capitalizemytitle.com,US,104
visitljubljana.com,SI,104
kochiesbusinessbuilders.com.au,AS,104
acikbilim.com,US,104
texaschildrens.org,US,104
siouxfalls.business,US,103
991fmtalk.com,US,103
tabor-loris.com,US,103
e-fundresearch.com,CH,103
kaiciid.org,PO,103
moco360.media,US,103
drugdeliverybusiness.com,US,103
vsquare.org,EN,103
fightmag.com,US,103
swansea.ac.uk,UK,103
empowerwisconsin.org,US,103
amisdelaterre.org,FR,103
redonline.co.uk,MT,103
epsnews.com,CH,103
one.org,KE,103
torontoreds.com,CA,103
foodism.co.uk,RP,103
ghanagist.com,GM,103
architecturaldigest.in,IN,103
crawleyobserver.co.uk,UK,103
counteroffensive.news,UP,103
theavtimes.com,US,103
stl.news,US,103
adnki.net,IT,103
gustavus.edu,US,103
drydennow.com,CA,103
noroeste.com.mx,MX,103
blind-magazine.com,PK,103
wsge.org,US,103
classlifestyle.com,AL,103
wcbcradio.com,US,103
fullerproject.org,KE,103
corydontimes.com,US,103
marysvilleglobe.com,US,103
pioneernews.net,US,103
lakeshorepublicradio.org,US,103
ok.gov,US,103
wklw.com,US,103
statsmapsnpix.com,UK,103
battlefieldanomalies.com,RS,102
emirates.com,CH,102
gsk.com,UK,102
woodcountymonitor.com,US,102
mgfamiliar.net,PO,102
fibre-systems.com,US,102
suu.edu,US,102
dmtalkies.com,US,102
legerutengrenser.no,IS,102
newkirkherald.com,US,102
lords.org,NP,102
fljs.org,US,102
castlegarnews.com,CA,102
rosebankkillarneygazette.co.za,SF,102
hardingsports.com,US,102
thesuburbanite.com,US,102
citymuseumedmonton.ca,CA,102
press-start.com.au,AS,102
themedium.ca,CA,102
mageenews.com,US,102
azlenews.net,US,102
phsd.ca,CA,102
eisneramper.com,US,102
denvercatholic.org,US,102
professeurforex.com,UP,102
thoughtleader.co.za,SF,102
islandsun.com,US,102
kodawarisan.com,JA,102
researchmatters.in,IN,102
webdehaber.com,UK,102
newbrunswicktoday.com,US,102
hilltopviewsonline.com,US,102
clevelandmagazine.com,US,102
veritas.com.al,AL,102
scratchmarket.co,TU,102
scottishbooktrust.com,UK,102
floridabulldog.org,US,102
lakemedelsvarlden.se,SW,102
cnu.org,US,102
mun.ca,CA,102
stlouis-mo.gov,US,102
newsandguts.com,UP,102
wetter.ch,SZ,102
txdot.gov,US,102
reviewgeek.com,US,102
inmenlo.com,US,102
independentespanol.com,US,102
dentistry.co.uk,UK,102
kjzz.com,US,102
pressat.co.uk,UK,102
elhadas-news.com,VM,102
armyhistory.org,US,102
hetgezinsblad.nl,NL,102
arena.org.au,CI,102
santegidio.org,IT,102
latinapress.it,IT,101
paris-communiques.com,FR,101
63.ru,RS,101
kckps.org,US,101
electronicsforu.com,IN,101
mercedesbenzraleigh.com,GM,101
scxxb.com.cn,CH,101
hayandforage.com,US,101
limassol.org.cy,CY,101
lidermedia.hr,HR,101
sharpfootballanalysis.com,US,101
bucsnation.com,US,101
hasbrouck.org,US,101
ihsa.org,US,101
bedfordbulletin.com,RS,101
thewatchdogonline.com,US,101
borsagundem.com.tr,TU,101
wvde.us,US,101
panthers.com,US,101
ontario.ca,CA,101
audioholics.com,US,101
iif.com,US,101
wideformatonline.com,AS,101
triathlete.com,US,101
virginianreview.com,US,101
cowboylifestylenetwork.com,US,101
collectspace.com,US,101
pocketgamer.biz,FI,101
autoserviceworld.com,CA,101
saucemagazine.com,US,101
thedesk.net,US,101
albaladoman.com,MU,101
quilmespresente.com,AR,101
solihullobserver.co.uk,UK,100
thelumberjack.org,US,100
quinewslucca.it,IT,100
bicycling.com,US,100
doonschool.com,IN,100
oeamtc.at,AU,100
electoral-reform.org.uk,UK,100
newstalk940.com,US,100
mynevadacounty.com,US,100
lifewithoutandy.com,AS,100
gomastodons.com,US,100
fni.no,NO,100
packersnews.com,US,100
kyotoyoublog.jp,JA,100
ballymenaguardian.co.uk,UK,100
955wsm.com,US,100
britishswimming.org,UK,100
neoseeker.com,UK,100
terra.cl,US,100
viennaconnection.com,US,100
samaritanspurse.org,BL,100
richardcassaro.com,IT,100
calgaryjournal.ca,CA,100
visitscotland.org,UK,100
kfar-saba.muni.il,IS,100
rinewstoday.com,US,100
ahrq.gov,US,100
superyachtnews.com,FJ,100
tsss.ca,AM,100
ine.mx,MX,100
imperialbeachnewsca.com,US,100
southernafricatrust.org,SF,100
iba.sport,UZ,100
srxww.com,CH,100
eaccny.com,US,100
hbcusports.com,US,100
yeongnam.com,KS,100
nationalyemen.com,YM,100
spiceworks.com,US,100
campaignme.com,SA,100
swellnet.com,US,100
francematin.info,FR,100
jornalciencia.com,US,100
newsyemen.news,IR,100
visitdetroit.com,US,100
cn.edu,US,100
sharjah24.ae,AE,100
manhattan.edu,US,100
sanjuanislander.com,US,100
itbrief.com.au,AS,99
trentondaily.com,US,99
totalmortgage.com,US,99
xoilacvvu.cc,VM,99
theworlds50best.com,MX,99
tuskegee.edu,US,99
70and73.com,US,99
autogespot.com,SZ,99
trenchless-australasia.com,AS,99
eecn.org,CH,99
maisonneuve.org,CA,99
face2news.com,IN,99
seanews.co.uk,UK,99
readex.com,US,99
briefingsforbritain.co.uk,UK,99
alpha-consul.com,JA,99
turfshowtimes.com,US,99
botswanaguardian.co.bw,BC,99
irvingweekly.com,US,99
gemini.no,NO,99
broowaha.com,US,99
souriatnapress.net,US,99
golocalpdx.com,US,99
ppuglobe.com,US,99
mtmercy.org,US,99
ua.edu,US,99
liigume.ee,EN,99
livingnow.com.au,AS,99
smudailycampus.com,US,99
finditinfondren.com,US,99
tododisca.com,SP,99
ecosystemmarketplace.com,US,99
iheartberlin.de,GM,99
broadwaynews.com,US,99
jdn.co.il,IS,99
jerusalemwatchman.org,IS,99
cdanews.com,FR,99
naniwa-kaigaigurashi.com,IT,99
afi.com,US,99
sojiismylife.work,JA,99
moorenews.com,US,99
nocomments.gr,GR,99
ifc.org,US,99
wesufm.org,US,99
110km.ru,RS,99
kanefm.com,UK,99
gozags.com,US,99
sonomastatestar.com,US,99
kvlp.org,JA,99
icytales.com,US,99
sxcntv.com,CH,99
cc.com,US,99
theroanoker.com,US,99
hidabroot.org,RS,99
ohada.com,NG,99
allens.com.au,VM,99
billionaire.com,SZ,99
scottaaronson.blog,CH,99
trt.net.tr,TU,99
ericgoldman.org,US,99
10and5.com,SF,98
lawweb.in,IN,98
lakercountry.com,US,98
focusonthefamily.com,US,98
rock106.net,US,98
insidecountry.net,US,98
mont.ro,RO,98
manhattanda.org,US,98
kapital.kz,KZ,98
darylcagle.com,US,98
bristol-business.net,UK,98
irantalent.com,IR,98
ourdailybears.com,US,98
footballbh.net,UY,98
state.va.us,US,98
radiocut.fm,SW,98
theseahawk.org,US,98
european-news-agency.de,IT,98
clarin80.com,AR,98
insidescience.org,US,98
anglicanjournal.com,CA,98
pmo.gov.bd,BG,98
utddistrict.co.uk,CM,98
huntingtonnow.com,US,98
riabiz.com,US,98
globaleurope.eu,CH,98
hotels-new-york.org,US,98
gro-intelligence.com,BR,98
thepaper.cn,CH,98
lagazzettacatanese.it,IT,98
crypto.news,BR,98
newint.org,ET,98
bunniestudios.com,CH,98
farmcollector.com,US,98
burohappold.com,PL,98
kgfm.com,US,98
newpaltz.edu,US,98
kkht.com,US,98
grantky.com,US,98
ohmymag.co.uk,RS,98
malahatreview.ca,CA,98
neue.at,AU,98
texasstormchasers.com,US,98
carwow.co.uk,UK,97
q929fm.com,US,97
dogtime.com,US,97
freemuse.org,IR,97
bastropenterprise.com,US,97
eastcoast.fm,EI,97
tce.gob.ec,EC,97
thesoufancenter.org,IS,97
perl.org,IT,97
computerdealernews.com,CA,97
aafp.org,US,97
marcvidal.net,CA,97
the-ripple.co.uk,TH,97
wth.org,US,97
1041kxdd.com,US,97
alqudsnews.net,IS,97
myips.org,US,97
ufcw.ca,CA,97
cardrates.com,US,97
runwes.com,FR,97
sde.co.ke,KE,97
entertainment-focus.com,UK,97
foodincanada.com,CA,97
carthagecourier.com,US,97
afectadosporlahipoteca.com,SP,97
goa.news,IN,97
beatofhawaii.com,US,97
985thesportshub.com,US,97
jstribune.com,CH,97
youngcountry931.com,US,97
bayer04.de,GM,97
eurogendfor.org,PO,97
sbrchina.com,CH,97
hla.at,AU,96
warrington-worldwide.co.uk,UK,96
tubidy.lc,SF,96
theusbport.com,US,96
meridianfm.com,UK,96
tech.mn,US,96
riponsociety.org,US,96
insight.org,US,96
fenwick.com,RS,96
sporcle.com,US,96
globalchinapulse.net,CH,96
theoffside.com,IT,96
cupw.ca,CA,96
objectivejournalism.org,US,96
communityreporter.org,US,96
capecoddaily.com,US,96
readtrung.com,US,96
ihrda.org,GA,96
palsawa.com,SY,96
mianeh.net,US,96
thestatesmanonline.com,PL,96
stjohns.edu,US,96
kix1029.com,US,96
pulseplanet.com,US,96
radiovop.com,ZI,96
salernonotizie.net,IT,96
offgridenergyindependence.com,UK,96
angolabelazebelo.com,US,96
tbrfootball.com,BR,96
quebec.ca,CA,96
idahofireinfo.com,US,96
tampaairport.com,US,96
threatpost.com,RS,96
google.com,US,96
planetsmag.com,CA,96
wintergardenvox.com,US,96
hamptonu.edu,US,96
ecovestnik.ru,RS,96
ryeandbattleobserver.co.uk,UK,96
rcgov.org,US,96
pitchbook.com,US,96
heaven1460.com,US,96
foodallergy.org,US,96
mmr.cz,EZ,96
corusent.com,CA,96
somosinvictos.com,SP,96
swzmaritime.nl,NL,96
ccnycampus.org,US,96
airinternational.com,AS,96
caldwellcountync.org,US,96
beautypageants.in,IN,96
federalreserve.gov,US,96
broadcastprome.com,SA,96
iupuijags.com,US,96
mzb.com.cn,CH,96
zbcnews.co.zw,ZI,95
prommanow.com,US,95
millat.com,PK,95
nakhodka.media,RS,95
landezine.com,AS,95
rpi.edu,US,95
mg24.bg,BU,95
almushahid.net,YM,95
thepattayanews.com,TH,95
oantagonista.com,BR,95
denesen.mk,MK,95
1009thecat.com,US,95
bloomberg.org,US,95
rogermontgomery.com,AS,95
amurmedia.ru,RS,95
revcycleintelligence.com,US,95
allnews.ng,NI,95
elbayan.co,SN,95
muchbetteradventures.com,NO,95
racingnews365.com,SN,95
ifsecglobal.com,UK,95
cosmopolitan.in,IN,95
himalkhabar.com,NP,95
thegrandslamofcurling.com,CA,95
aOuaga.com,UV,95
lizzieinlace.com,MX,95
buvoice.com,US,95
avocadogreenmattress.com,GT,95
cultinfo.ru,RS,95
unt.edu,US,95
knon.org,US,95
zagat.com,US,95
oldtraffordfaithful.com,BR,95
frontiermyanmar.net,BM,95
f1network.net,SA,95
klimapolitik.com.mx,MX,95
gppreview.com,US,95
sovsport.ru,RS,94
vinylandvelvet.com,US,94
pig-world.co.uk,UK,94
pittsburghhockeynow.com,US,94
iowaworkforcedevelopment.gov,US,94
shakinthesouthland.com,US,94
descrier.co.uk,UK,94
daily.mk,MK,94
empiresportsmedia.com,US,94
prfire.co.uk,UK,94
doomsdayscenario.co,GM,94
sicklecellanemianews.com,US,94
glengarrynews.ca,CA,94
onlymyhealth.com,US,94
tis.org.uk,UK,94
idomavoice.com,NI,94
flavorwire.com,US,94
www.gov.na,WA,94
arun.is,CH,94
cosmeticdentistryguide.co.uk,UK,94
alwafd.news,EG,94
omannews.gov.om,MU,94
thecrownestate.co.uk,UK,94
baocalitoday.com,US,94
yeniulke.net,AS,94
samsunahaber.com,US,94
chandleraz.gov,US,94
newcitystage.com,US,94
hxqnj.org.cn,CH,94
euwid-paper.com,FI,94
acmi.net.au,AS,94
fcinternews.it,IT,94
fabulousarizona.com,US,94
businessjournalism.org,US,94
techawkng.com,NI,94
lookleftonline.org,EI,94
boktugg.se,SW,94
slice.ca,CA,94
dollarsandsense.org,CU,94
ejercito.mil.ni,NU,94
reportingoilandgas.org,GH,94
oakbaynews.com,CA,94
heavyliftpfi.com,US,94
homedepot.com,US,94
cirad.fr,SG,94
yesnews24.com,ID,94
tnova.fr,RS,94
thebrewingnetwork.com,US,94
theozone.net,US,93
nursesunions.ca,CA,93
news.co.uk,UK,93
moe.gov.sg,SN,93
easier.com,US,93
laingbuissonnews.com,UK,93
112zeeland.nl,NL,93
henleyglobal.com,US,93
familytravelmagazine.com,DR,93
cubanoticias360.com,CU,93
limanowa.in,PL,93
corrections.com,VM,93
europeanceo.com,UK,93
picksandparlays.net,US,93
radioveronica.nl,NL,93
iresearch.cn,CH,93
osfhealthcare.org,US,93
flofootball.com,US,93
atlantahistorycenter.com,US,93
cannabisindustryjournal.com,US,93
chriscountry.co.uk,US,93
pipeaway.com,SZ,93
novyny.live,UP,93
ascopubs.org,US,93
diamundialradio.org,VM,93
big105.fm,CA,93
lesinfos.ma,MO,93
cbbc.org,CH,93
tipperarycrystal.ie,EI,93
habertuar.com,TU,93
adsoftheworld.com,US,93
njtechweekly.com,US,93
kokoroyukkuri.com,JA,93
oilgasdaily.com,IN,93
larongenow.com,CA,93
dobberprospects.com,CA,93
lptv.org,US,93
khyi.com,US,93
kscourts.org,US,93
signatureluxurytravel.com.au,NZ,93
j-source.ca,CA,93
decorahnewspapers.com,US,93
argentina.gob.ar,AR,93
feedstrategy.com,UP,92
regioactive.de,GM,92
proexpansion.com,SP,92
nichibei.org,US,92
theloopnewspaper.com,US,92
kccrradio.com,US,92
fanews.it,IT,92
jamiiforums.com,IS,92
retail-week.com,UK,92
ku.dk,DA,92
nypa.gov,US,92
nuevaregion.com,US,92
969hitsfm.com,US,92
taucher.net,ID,92
exploretraveler.com,ID,92
twill.info,AS,92
accountingweb.co.uk,UK,92
xoilacee.cc,VM,92
xindb.com,CH,92
rainforest-rescue.org,ID,92
molsonhart.com,US,92
bigbendsentinel.com,US,92
cites.org,PM,92
cres-sn.org,SG,92
copblock.org,US,92
honest-broker.com,US,92
iasociety.org,RS,92
unite.ai,US,92
circleofcricket.com,IN,92
greaterfool.ca,CA,92
sbj.net,US,92
uacasino.bet,UP,92
1039jackfm.com,CH,92
luaninfo.com,CH,92
entertainment.ie,EI,92
diariofrontera.com,MX,92
ecotextile.com,TW,92
toronto.ca,CA,92
trendsjournal.com,IS,92
zuccottiparkmusical.com,NI,92
escunited.com,AM,92
big12sports.com,US,92
oberlin.edu,US,92
mangold.se,SW,92
wptsradio.org,UK,92
almethaq.net,YM,91
englewoodherald.net,US,91
radiolobo.net,US,91
katadata.co.id,ID,91
cruise-international.com,US,91
rieti.go.jp,JA,91
loyaltylobby.com,US,91
thegolfwire.com,US,91
statista.com,US,91
industriall-union.org,BG,91
newschoolfreepress.com,US,91
colibrimagazine.it,IT,91
congoplanet.com,RW,91
politicadigital.com.ar,AR,91
aroundthefoghorn.com,US,91
breakingnews.ie.,IR,91
mcny.org,US,91
discoveryeducation.com,US,91
bournemouth.ac.uk,UK,91
mitti.se,SW,91
af24news.com,ZI,91
reinhold-lopatka.at,AU,91
sharks.com.au,AS,91
icao.int,US,91
fall-line.co.uk,AU,91
drybulkmagazine.com,CA,91
storeys.com,CA,91
wjtl.com,IS,91
crypto-news-flash.com,US,91
senado.es,SP,91
fingaz.co.zw,ZI,91
greenecountyheraldonline.com,US,91
vzsar.ru,RS,91
thisblisslife.com,US,91
washingtonstatewire.com,US,91
cmnews.it,IT,91
caus.org.lb,SY,91
thesouthernreview.org,US,91
telospress.com,CH,91
morningstar.in,RS,91
dbta.com,US,91
aber.ac.uk,UK,91
heraldpubs.com,US,91
dailybest.it,IT,91
sup.org,US,91
ubavinaizdravje.mk,US,90
stackyard.com,UK,90
geelongcats.com.au,AS,90
diarioconcepcion.cl,CI,90
bikeworldnews.com,FR,90
tntechoracle.com,US,90
chinajilin.com.cn,CH,90
norfolkneradio.com,US,90
nupi.no,LY,90
hospitalitybizindia.com,NP,90
obeschania.ru,RS,90
perrycountynews.com,US,90
transfermarkt.com,CA,90
veon.com,UZ,90
nicd.ac.za,SF,90
thewichitan.com,US,90
northeastbylines.co.uk,UK,90
riazor.org,VE,90
freiheit.org,UP,90
leelanaunews.com,US,90
gamemeca.com,JA,90
export.ch,SZ,90
ifkgoteborg.se,SW,90
traveldudes.com,TZ,90
ucfknights.com,US,90
c-ville.com,US,90
qvpr.com,US,90
artificiallawyer.com,US,90
bobfm969.com,US,90
wqpmag.com,US,90
1043thebreeze.ca,CA,90
lagazzettadelserchio.it,IT,90
elpopularhoy.com,AR,90
cryptoglobe.com,SZ,90
esthervilledailynews.com,US,90
voguebusiness.com,CH,90
westbridgfordwire.com,UK,90
bent.com,UK,90
bigspringherald.com,US,90
easternsentinel.in,IN,90
sycamorereview.com,US,90
gazzettadelladda.it,IT,90
fengcx.com,CH,90
nextmashup.com,IN,89
coolingpost.com,UK,89
healthygem.com,US,89
morethanthecurve.com,US,89
scratchapixel.com,MN,89
cac.gov.cn,CH,89
wqxr.org,US,89
we-ha.com,US,89
forbes.cz,EZ,89
999konycountry.com,US,89
gsplus.hu,US,89
congo24.net,CA,89
ypct.com.au,AS,89
aaa.com,US,89
escdaily.com,SW,89
ganjapreneur.com,US,89
webtech360.com,ID,89
researchprofessionalnews.com,UK,89
smartgreenpost.com,IT,89
q92radio.com,US,89
f150forum.com,US,89
bne.com.au,AS,89
keralakaumudi.com,IN,89
danica.hr,HR,89
elliott.org,US,89
tightbutloose.co.uk,UK,89
dsij.in,IN,89
government.nl,NL,89
mapleleafshotstove.com,CA,89
culturalife.it,IT,89
bucataras.ro,UK,89
nuclearsecrecy.com,US,89
proxxima.com.br,BR,89
plover.com,US,89
themaconcountynews.com,US,89
wmagazin.com,SP,89
darkhorsepressnow.com,US,89
fordfoundation.org,SF,89
nippertown.com,US,89
whselfinvest.de,GM,89
eju.net,HR,89
4zzz.org.au,AS,89
inavateonthenet.net,GM,89
kinoafisha.info,RS,89
gasprocessingnews.com,RS,89
ffam.org,US,89
northdownmotors.co.uk,UK,89
memphis.edu,US,89
thecornellreview.org,US,89
planetrock.com,UK,89
baugewerbe.ch,SZ,89
thebestmix1055.com,US,89
landroverraleigh.com,US,89
cultofcalcio.com,IT,89
floodlist.com,US,89
inspq.qc.ca,CA,89
scenecontemporanee.it,IT,89
lookleft.ie,EI,89
explorersaway.com,CS,89
cordonbleu.edu,AS,89
hastingsobserver.co.uk,UK,88
dangjian.com,CH,88
asumetech.com,US,88
borealisrecords.com,VM,88
knowablemagazine.org,US,88
gannonknight.com,US,88
globalr2p.org,ET,88
farnhamherald.com,UK,88
practicalservicedesign.com,VM,88
my399.com,CH,88
yotour.com.tw,KS,88
millaujournal.com,US,88
otogo.ca,CA,88
nu.edu,US,88
findlaw.com,US,88
cimmigrationnews.com,CA,88
blueoregon.com,US,88
thedanielislandnews.com,US,88
kemptonexpress.co.za,SF,88
jocelynwatts.com,AS,88
zverok.space,UP,88
indiacsr.in,IN,88
nps.gov,US,88
topic.com,US,88
mskcc.org,US,88
boursa.info,UK,88
tradeuniquecars.com.au,AS,88
austinmonthly.com,US,88
bomlo-nytt.no,NO,88
musictimes.com,US,88
notateslaapp.com,US,88
candis.co.uk,UK,88
usahockey.com,US,88
phillygrub.blog,US,88
highpointpanthers.com,US,88
outsports.com,US,88
tvguru.cz,EZ,88
itpro.com,UK,88
silbermedia.com,US,88
westchasewow.com,US,88
southafricatoday.net,SF,88
archivdigital.info,GM,88
goodtimes.sc,US,88
letstalkmore.co.uk,US,88
northcountyoutlook.com,US,88
tatsatchronicle.com,IN,88
gettysburg.edu,US,88
thedailystampede.com,US,88
voi.id,ID,88
syossetjerichotribune.com,US,87
leonardo.it,IT,87
1055thebridge.com,US,87
theplaidhorse.com,US,87
roriente.org,PE,87
bakerhughes.com,US,87
therhinos.co.uk,AS,87
thebeaulife.co,SN,87
790talknow.com,US,87
ushmm.org,US,87
elyaomnews.com,SA,87
nationalgeographic.org,CA,87
hias.org,UP,87
calvinchimes.org,US,87
acluva.org,US,87
douglas.co.us,US,87
khkc1021.com,US,87
i95savannah.com,US,87
gazetafakti.mk,AL,87
nrdc.org,US,87
troutman.com,US,87
utyleblog.net,JA,87
prekindle.com,US,87
canadiancontent.net,CA,87
wild-hearted.com,SA,87
cpac.ca,CA,87
phillyda.org,US,87
vivu.net,VM,87
newswire.co.kr,KS,87
meta-defense.fr,CH,87
communitynews.org,US,87
nrtenglish.com,IZ,87
ppd.cl,CI,87
taichinhdientu.vn,VM,87
humanglemedia.com,NI,87
discoverwestman.com,CA,87
minutosaudavel.com.br,BR,87
carleton.edu,US,87
stnn.cc,HK,87
diariodelosandes.com,VE,87
pressrs.ba,HR,87
discoverourcoast.com,US,87
cars.com,US,87
behindthewheel.com.au,AS,87
beauty321.com,KS,87
newsledge.com,US,87
mmedia.me,TH,87
truman.edu,US,87
automobile-propre.com,FR,87
1600kush.com,US,87
understandingai.org,US,87
angrystaffofficer.com,US,87
ksoutdoors.com,US,87
complyadvantage.com,AS,87
villarrealusa.com,SP,87
hastings.edu,US,87
ed-thelen.org,US,87
crypto2community.com,US,87
employbl.com,US,87
divestos.org,AS,87
dwdl.de,GM,86
pupswithchopsticks.com,TH,86
wmix94.com,US,86
rock102rocks.com,CA,86
visitnj.org,US,86
voicesofmontereybay.org,US,86
hospitality-industry.com,AS,86
startupsavant.com,US,86
meniscuszine.com,US,86
quinewsempolese.it,IT,86
contemporarylynx.co.uk,UP,86
uncwsports.com,US,86
thetorquereport.com,US,86
touslesdrivers.com,QA,86
stackstaging.com,PK,86
evilleeye.com,US,86
iowapbs.org,US,86
marieclaire.gr,GR,86
mpmania.com,NI,86
fortscott.biz,US,86
wlup.com,US,86
animecorner.me,JA,86
britishnewspaperarchive.co.uk,UK,86
thedailyscoop.com,US,86
firsttoknow.com,US,86
hntrbrk.com,US,86
ege.fr,QA,86
uaw.org,US,86
socialistresistance.org,UK,86
spacepolicyonline.com,US,86
samdumitriu.com,UK,86
whfp.com,UK,86
nextplz.fr,FR,86
crh.org,US,86
xn--b1ae2adf4f.xn--p1ai,RS,86
ans.org,US,86
hiphopweekly.com,US,86
theonlinecurrent.com,US,86
kacakbet.xyz,US,86
macaonews.org,CH,86
rrspin.com,US,86
crickettimes.com,PK,86
mobilenews24x7.com,CH,86
ecampusnews.com,US,86
thehrdirector.com,UK,86
bard.edu,US,86
redorbit.com,US,86
free-press-release-center.info,US,86
gamerheadlines.com,US,86
gutenberg.org,US,86
987kiss.com,US,86
jmu.edu,US,85
parkcityshows.com,US,85
muslimmatters.org,IS,85
34art.pl,PL,85
sidomi.com,CS,85
fun947.com,US,85
toledoszone.com,US,85
hznews.com,CH,85
myshopify.com,AS,85
pirkka.fi,FI,85
nrttv.com,IZ,85
digitalesiciliana.com,US,85
phenomenalworld.org,ZA,85
smalltimes.com,VM,85
nursingreview.com.au,IS,85
herold.at,AU,85
northforker.com,US,85
mobilityoutlook.com,IN,85
cricket.com,AS,85
chapman.edu,US,85
glendaleca.gov,US,85
tvguia.com.ar,AR,85
womennews.co.kr,CH,85
cgap.org,IN,85
hockeyindia.org,IN,85
biztekmojo.com,US,85
newsheads.in,IN,85
sfbayca.com,US,85
transportdive.com,US,85
judoinside.com,AU,85
adventurebikerider.com,SP,85
yorkmix.com,UK,85
cornish-times.co.uk,UK,85
deltabusinessjournal.com,US,85
mercadodedinerove.com,IT,85
we-heart.com,BR,85
baaghitv.com,PK,85
camdenchat.com,US,85
ncdoj.gov,US,85
a16z.com,US,85
localemagazine.com,FJ,85
thoroldedition.ca,CA,85
famousmonsters.com,US,85
fauna-flora.org,CB,85
maxvalle.it,IT,85
garbageday.email,US,85
vivimoslanoticia.cl,CI,85
supracer.com,SP,85
biomarketinsights.com,CH,85
bigtimberpioneer.net,US,85
xn--plankalkl-x9a.de,GM,85
sho.com,US,85
martechcube.com,US,85
pen-and-sword.co.uk,UK,85
atthehive.com,US,85
telstra.com.au,AS,85
goffrugbyreport.com,US,85
anfieldindex.com,PO,85
pikecountygeorgia.com,US,85
rockhamptonregion.qld.gov.au,AS,85
catholicweekly.com.au,AS,85
okno.mk,MK,85
saintjoe.edu,US,85
novuslight.com,US,84
herningfolkeblad.dk,DA,84
classicchicagomagazine.com,US,84
dosja.mk,RS,84
fujifilm-x.com,US,84
drytooling.pl,PL,84
columbiachronicle.com,US,84
kiem-tv.com,US,84
benefitspro.com,US,84
tiretechnologyinternational.com,GM,84
westsideseattle.com,US,84
appenzell.im,SZ,84
kibristahaber.com,CY,84
dvcnews.com,US,84
romsenter.no,NO,84
wgaw1340.com,US,84
hometextilestoday.com,US,84
see.news,EG,84
searchenginewatch.com,UK,84
techrights.org,AL,84
shuoon.om,MU,84
raindance.org,UK,84
fishedthat.com,US,84
ageofinvention.xyz,UK,84
frenchradiolondon.com,FR,84
i-policy.org,RS,84
irs.gov,US,84
oxfordshirelive.co.uk,UK,84
ylb.gob.bo,BL,84
florida-backroads-travel.com,US,84
pugliaviva.it,IT,84
humanists.uk,UK,84
cepr.org,CH,84
thisisthecoast.co.uk,UK,84
fcnantes.com,FR,84
giornaledierba.it,IT,84
cpsenergy.com,US,84
informnapalm.org,RS,84
mensfitnessmagazine.com.au,AS,84
newtownpress.com,US,84
jantakareporter.com,IN,84
discovercuencaecuador.com,US,84
azurewebsites.net,HU,84
peoplemanagement.co.uk,UK,84
observalgerie.com,AG,84
mcneesesports.com,US,84
rid.it,RS,84
girlsvip-matome.com,JA,84
nit.com.au,AS,84
1130thetiger.com,US,84
offthepost.info,UK,84
hoardi.com,US,83
specialeurasia.com,TI,83
banatzayed.com,US,83
danceaustralia.com.au,AS,83
wischeesemakersassn.org,US,83
revistamongolia.com,MG,83
astaga.com,US,83
up993.com,CA,83
feastandfield.net,US,83
seriouseats.com,US,83
laradioenmexico.mx,MX,83
finfacts.ie,EI,83
arena.gov.au,AS,83
endoftheamericandream.com,US,83
tedium.co,US,83
port-vale.co.uk,UK,83
mideasttime.com,IR,83
ifpri.org,RS,83
justwomenssports.com,US,83
awcfs.org,KE,83
teatroecritica.net,IT,83
guessfm.com,US,83
utilityweek.co.uk,UK,83
nicsentinel.com,US,83
r-e-f.org,FR,83
howardcountymd.gov,US,83
integrisok.com,US,83
lvpnews.com,US,83
cyberdefensemagazine.com,RS,83
cyberscoop.com,US,83
vertic.org,CH,83
forbes.com.br,BR,83
bloter.net,US,83
sportstalkatl.com,US,83
alphagamma.eu,US,83
ptv-news.com.pk,RS,83
mentourpilot.com,RS,83
europeanreviewofbooks.com,GM,83
sdf.bz.it,IT,83
mcgilldaily.com,UP,83
abergavennychronicle.com,UK,83
oswegocounty.com,US,83
eastcoastdaily.in,IR,83
cpb.org,US,83
boxingnewsandviews.com,RS,83
latent.space,US,83
formulanerds.com,SP,83
claimscon.org,NL,83
businessmondays.co.uk,UK,83
hclocal.com,US,83
saudia-car.net,SA,83
starj.com,US,83
jamalouki.net,FR,83
sgmc.org,US,83
lovin.co,SA,83
elakhbar-gate.com,IR,83
youknowigotsoul.com,US,83
thinktank.pk,CH,83
maldita.es,SP,83
kosovotwopointzero.com,KV,83
westwoodone.com,US,83
dow.com,US,82
irpi.eu,IT,82
q1027.com,US,82
tigerstomp.com,US,82
mrfixitstips.co.uk,UK,82
mnrepublic.com,US,82
pressargus.com,US,82
wvaq.com,US,82
corelogic.com.au,AS,82
usrtk.org,US,82
workplaceinsight.net,UK,82
dqindia.com,IN,82
cnjiwang.com,CH,82
kanal7.com,TU,82
berlinartlink.com,GM,82
anglican.ca,CA,82
whoateallthepies.tv,SP,82
citybureau.org,US,82
warwickshire.gov.uk,UK,82
929thebullrocks.com,GR,82
eauk.org,UK,82
biznes-portal.com,RS,82
nelsoncountygazette.com,US,82
bdgby.info,BO,82
thewhitonline.com,US,82
chessbase.in,IN,82
villagelivingonline.com,US,82
leinsterrugby.ie,EI,82
wvcr.com,US,82
cherrycreekschools.org,US,82
art21.org,US,82
edzardernst.com,AU,82
slamwrestling.net,US,82
readme.lk,CE,82
greenroofs.com,AS,82
fide.com,IN,82
televisionjamaica.com,JM,82
tvserial.it,IT,82
wxhc.com,US,82
pkbnews.in,IN,82
prvaskopska.mk,MK,82
fx-mm.com,UK,82
hirek.com,HU,82
fightmag.com.au,US,82
saigondallasradio.com,VM,82
lwn.net,US,82
atlanticoquotidiano.it,RS,82
touristguide.is,IC,82
torchonline.com,US,82
saudemais.tv,PO,82
raps.org,US,82
citizensforethics.org,US,82
centralbanking.com,UP,82
allierpoprock.fr,FR,82
naijaeyesblog.com,NI,82
lamanana.com.ve,VE,81
rent.com,US,81
chinanews.net,CH,81
democracydocket.com,US,81
xoilaciik.cc,VM,81
auditedmedia.com,US,81
unicefusa.org,AF,81
fai.org,US,81
exetercityfc.co.uk,UK,81
marshall.edu,US,81
betterdwelling.com,CA,81
babylonbee.com,US,81
vtfishandwildlife.com,US,81
viu.ca,CA,81
sbnewspaper.com,US,81
sagmart.com,IN,81
dallasisd.org,US,81
jornaldofundao.pt,PO,81
rtb.gov.bn,BX,81
lagacetanewspaper.com,US,81
krugersdorpnews.co.za,SF,81
primeeconomics.org,AR,81
coolradio.ca,CA,81
sfmayor.org,US,81
reebok.com,US,81
wkkf.org,US,81
allegralaboratory.net,MX,81
thedesignchaser.com,DA,81
qarannews.com,SO,81
pressafrik.net,SG,81
savethechildren.org.au,AS,81
e4s.co.uk,UK,81
theasburycollegian.com,US,81
nuco.com,US,81
northglennews.co.za,SF,81
noseweek.co.za,SF,81
indianastate.edu,US,81
insidevoa.com,AF,81
wsc.co.uk,UK,81
avonandsomerset.police.uk,UK,81
skyandtelescope.org,US,81
kalzumeus.com,JA,81
asianlite.com,BR,81
volantinopiu.com,IT,81
bronson.men,US,81
ventoux-magazine.com,FR,81
shetland.gov.uk,UK,81
kumanovonews.mk,MK,81
communitychickens.com,US,81
basshall.com,US,81
sophos.com,US,81
yankodesign.com,JA,81
deutscherpresseindex.de,US,81
fresnostatenews.com,US,81
asamnews.com,US,81
kmzu.com,US,81
viveusa.mx,US,81
learningforjustice.org,US,81
kyeonggi.com,KS,81
bas.ac.uk,UK,81
onrugby.it,IT,81
newsafrica.net,LI,81
laesquina.com,US,81
nbcnebraskascottsbluff.com,US,81
lamoncloa.gob.es,SP,80
scripbox.com,US,80
wisconsinmuslimjournal.org,US,80
pnefc.net,EI,80
latestnewsandupdates.com,IT,80
property-magazine.de,PO,80
santepubliquefrance.fr,FR,80
ivnanews.ir,IR,80
paulmark.com.tr,TU,80
carlist.my,MY,80
947thepulse.com,AS,80
rantoulpress.com,US,80
theportlandsun.com,US,80
redsharknews.com,US,80
weekendhk.com,CH,80
ferrari.com,BA,80
guelph.ca,CA,80
mybridgeradio.net,US,80
robertcaro.org,US,80
riskandinsurance.com,US,80
guineepresse.info,GV,80
wintersetmadisonian.com,US,80
hans-bredow-institut.de,GM,80
lechodelabaie.ca,CA,80
olaprasina1908.gr,GR,80
hamariweb.com,PK,80
inspenonline.com,NI,80
nielsen.com,AS,80
loansafe.org,VM,80
aacsb.edu,US,80
adirondackexpress.com,US,80
jjan.kr,KS,80
engelvoelkers.com,IT,80
laviedesidees.fr,FR,80
uswhispers.com,US,80
securityassistance.org,IS,80
cbs.nl,NL,80
ffnews.com,UK,80
apexwatercraft.com,US,80
karl.or.kr,KS,80
hlj.com,JA,80
angelfire.com,NZ,80
stratnewsglobal.com,IN,80
youweekly.gr,GR,80
katadigital.co.id,JA,80
nuovadelsud.it,IT,80
graphicpolicy.com,US,80
china-underground.com,CH,80
smeweb.com,UK,80
commersant.ge,RS,80
itechua.com,CH,80
washingtonexec.com,US,80
indread.com,IN,80
anshan.gov.cn,CH,80
bookriot.com,US,80
rocknvivo.com,US,80
sunnysidepost.com,US,80
business.com,US,80
conatel.gob.hn,HO,79
lienmultimedia.com,CA,79
lymedisease.org,US,79
unglobalcompact.org,US,79
arsenal-world.co.uk,SP,79
dermatologyadvisor.com,US,79
azbilliards.com,US,79
harmanaudio.com,US,79
uwm.edu,US,79
ounews.co,UK,79
ontownmedia.com,US,79
theartstory.org,JA,79
andrewheiss.com,US,79
terrikon.com,UP,79
middlebury.edu,US,79
cinetelerevue.be,US,79
cvn.com,US,79
labour.org.uk,UK,79
americancinemaeditors.org,US,79
nwnews.com,US,79
darenc.com,US,79
artsy.net,US,79
kaleo.org,US,79
grahamcluley.com,UK,79
codewit.com,NI,79
guru3d.com,GM,79
weststigers.com.au,AS,79
stolaf.edu,US,79
iene.eu,RS,79
pittsburghpa.gov,US,79
laduenews.com,US,79
1019thewave.com,US,79
941thevoice.com,US,79
cbnme.com,SA,79
articolo1mdp.it,IT,79
galnet.org,US,79
heritagecalling.com,UK,79
bigouden.tv,CH,79
northantslive.news,UK,79
englandathletics.org,UK,79
bera.ac.uk,UK,79
architecturenow.co.nz,NZ,79
blackopinion.co.za,US,79
fluminense.com.br,BR,79
cfa.vic.gov.au,AS,79
lawcouncil.asn.au,AS,79
brfm.net,UK,79
sactownroyalty.com,US,79
keeshaskitchen.com,MX,79
michelin.com,US,79
portalpopline.com.br,BR,79
airport-world.com,UK,79
bigdawgfm.com,US,79
allnigeriasoccer.com,BR,79
blacktonature.org,US,79
nrcu.gov.ua,UP,79
scarsdale10583.com,US,79
badenerzeitung.at,AU,79
medisite.fr,FR,79
awesome923.com,US,79
pistehors.com,FR,79
nrcc.org,US,79
utm.my,EZ,79
leet.hu,US,79
wcn247.com,US,79
angop.ao,AO,79
euvsdisinfo.eu,BO,79
bhg.com.au,AS,79
mn.gov,US,79
cameco.com,CA,78
keeneland.com,US,78
apricitas.io,US,78
austintexas.gov,US,78
mikrobitti.fi,FI,78
discoverweyburn.com,CA,78
minhodiario.com,RS,78
cpushack.com,RS,78
sydneyswans.com.au,AS,78
peacehealth.org,US,78
merazone.com,UK,78
stellenmarkt.ch,SZ,78
peelarchivesblog.com,UK,78
sedona.biz,US,78
mein-mmo.de,GM,78
techtribune.net,US,78
commonwealmagazine.org,US,78
belfercenter.org,RS,78
nouveautes-tele.com,FR,78
green-blog.org,CH,78
yourneighbourhood.com.au,AS,78
environment-analyst.com,UK,78
icef.com,EG,78
palestinemonitor.org,FR,78
wsfm.com.au,AS,78
csuvikings.com,US,78
rockvillenights.com,US,78
healthydebate.ca,CA,78
unitetheunion.org,UK,78
okayplayer.com,US,78
3dnatives.com,US,78
newsby.org,NL,78
lwv.org,US,78
michael-hudson.com,RS,78
arseblog.com,UK,78
thepulse.org.au,AS,78
aip.ci,IV,78
stile.it,JE,78
rockdelux.com,SP,78
religionandpolitics.org,US,78
habergazetesi.com.tr,TU,78
sanbenito.com,US,78
themedicinemaker.com,LH,78
sansalvo.net,IT,78
tvchosun.com,KS,78
myporec.com,HR,78
kupat.org.il,IS,78
cityroma.com,IT,78
gpo.gov,US,78
visaguide.world,SA,78
epressi.com,FI,78
igdleaders.org,US,78
katiecouric.com,US,77
scholars-stage.org,US,77
am1260theanswer.com,CH,77
sport.fr,SP,77
nationalww2museum.org,US,77
caribdirect.com,GY,77
greatneckrecord.com,US,77
am730.com.hk,HK,77
wcs.org,US,77
inpublishing.co.uk,UK,77
gympietoday.com.au,AS,77
thebluegrasssituation.com,US,77
falstaff.at,AU,77
theplan.it,IT,77
fashionpulis.com,RP,77
wisconsin.golf,US,77
thriftyminnesota.com,US,77
fashionunited.in,UK,77
fordauthority.com,US,77
spirit889.com,US,77
specificationonline.co.uk,UK,77
onlondon.co.uk,UK,77
credenttv.com,IN,77
rajnitiprotidin.com,BG,77
forzaitalia.it,IT,77
rybnik.com.pl,PL,77
droit-technologie.org,FR,77
heatwaved.com,US,77
apa.org,US,77
kicm.com,US,77
suffolklive.com,UK,77
neitileu.no,NO,77
stlartsupply.com,JA,77
kafmradio.org,US,77
recruitireland.com,EI,77
dvtk.eu,DA,77
washu.edu,US,77
mellon.org,US,77
www.gov.me,MJ,77
power92chicago.com,US,77
atlantaga.gov,US,77
diebytheblade.com,US,77
pinecountynews.com,US,77
kamchatkamedia.ru,RS,77
bphope.com,US,77
lovereading.co.uk,UK,77
pipanews.com,IN,77
gaebler.com,US,77
wlvbradio.com,US,77
lansingminews.com,US,77
yourlittleblackbook.me,NL,77
gyoron.hu,HU,77
pembina.org,CA,77
jingdaily.com,CH,77
rozetked.me,RS,77
bloombergadria.com,MK,77
echemi.com,CH,77
mulletwrapper.net,US,77
rigb.org,UK,77
competence-site.de,GM,77
carleton.ca,CA,77
inchiarinews.it,IT,77
mobilidadecuritiba.com.br,BR,76
aerzte-ohne-grenzen.at,SY,76
ourbigbook.com,US,76
senat.mr,MR,76
wirelessdevnet.com,US,76
jollytur.com,TU,76
rehlat.com.sa,KU,76
britishrowing.org,UK,76
talkofthesound.com,US,76
capitalotc.com,ID,76
huhtamaki.com,FI,76
tonicmag.com,US,76
qhubonews.com,US,76
thebusinesspicture.com,MT,76
gameluster.com,JA,76
cmmonline.com,US,76
com.ru,RS,76
blr.com,US,76
gilead.com,US,76
asimov.com,US,76
sawaleif.com,SY,76
mercatofootanglais.com,UK,76
westvancouver.ca,CA,76
sd.rs,RI,76
environmental-finance.com,US,76
infodocket.com,US,76
politicmo.com,US,76
lillienews.com,US,76
thebitbag.com,US,76
carsandhorsepower.com,US,76
newstalkwsba.com,US,76
cloudindustryreview.com,UK,76
moe-online.ru,RS,76
mosquefoundation.org,US,76
rickorford.com,US,76
eurovizyon.co.uk,UK,76
uwf.edu,US,76
curvemag.com,US,76
ozwinereview.com,PO,76
vapingpost.com,US,76
phastidio.net,CH,76
worcesterobserver.co.uk,UK,76
scholastic.com,US,76
natesilver.net,US,76
health.govt.nz,NZ,76
itln.in,IN,76
ucc.org,US,76
barlettanews.it,IT,76
ajans01.com,CH,76
windfair.net,UK,76
farrer.co.uk,UK,76
cips.org,UK,76
chemistanddruggist.co.uk,UK,76
egypty.com,EG,76
money.org,US,76
myprimetimenews.com,US,76
paproviders.org,US,76
isaca.org,US,76
ourworldindata.org,UK,76
philamirror.info,IN,76
ThePeoplesTribune.com,US,76
counterterrorbusiness.com,UK,76
uea.ac.uk,UK,76
thefirearmblog.com,US,76
jandfgroup.co.uk,UK,75
cafeblog.jp,JA,75
nipponrama.com,JA,75
village14.com,US,75
chinaseed114.com,CH,75
thedisneyblog.com,US,75
portofamsterdam.com,NL,75
tifoblog.it,IT,75
eurasiatimes.org,TU,75
mironline.ca,US,75
concordia.edu,US,75
cafod.org.uk,UP,75
kidsnews.com.au,AS,75
thephoblographer.com,US,75
hotelnewsme.com,MV,75
providermagazine.com,US,75
mactrast.com,US,75
helloxiaomi.hu,CH,75
youblog.jp,JA,75
cnews.cz,EZ,75
ifrc.org,SU,75
andalucesdiario.es,SP,75
thestatetimes.com,US,75
adigitalboom.com,EG,75
lapiazzaweb.com,IT,75
syngenta.com,SZ,75
anthropic.com,US,75
santeecooper.com,US,75
hbauk.com,UK,75
pinoyadventurista.com,RP,75
atmmarketplace.com,US,75
theliberum.com,AM,75
dallascityhall.com,US,75
nationalclubgolfer.com,GR,75
silversurfers.com,IT,75
kwyr.com,US,75
elnuevosiglo.co,CO,75
bizcommunity.com.ng,NI,75
nycbuckets.com,US,75
msf.es,LY,75
commonsenseinstituteco.org,US,75
ukaviation.news,UK,75
union.edu,US,75
swlondoner.co.uk,UK,75
firstnews.co.uk,RS,75
balochistanaffairs.com,PK,75
europeanbusinessreview.com,LG,75
ignatiuswildcats.com,FR,75
365scores.com,SA,75
colgate.edu,US,75
cooley.com,US,75
hometownnewsvolusia.com,US,75
polynesie-francaise.gouv.fr,FR,75
musc.edu,US,75
vvmf.org,US,75
pcsoweb.com,US,75
usalacrosse.com,US,75
hostreview.com,US,75
reviewofreligions.org,UK,74
kingstonist.com,CA,74
vornews.com,KE,74
bnews.vn,VM,74
ifixit.com,US,74
RoteFahne.eu,GM,74
stoneyroads.com,AS,74
makaila.fr,CD,74
businesscann.com,GM,74
womanandhomemagazine.co.za,SF,74
weavenews.org,IS,74
columbialawreview.org,US,74
mefeater.com,SF,74
playtoearngames.com,NI,74
womenofinfluence.ca,CA,74
vanquishthefoe.com,US,74
bestnaira.com,NI,74
stcloudstate.edu,US,74
wsou.net,US,74
audacy.com,US,74
huffingtonpost.com,US,74
historians.org,CU,74
jazzwise.com,UK,74
tse.gob.sv,ES,74
anorak.co.uk,UK,74
vendee.fr,FR,74
gobookmart.com,JA,74
tampabayparenting.com,US,74
hometownnewsbrevard.com,US,74
twentytwowords.com,UK,74
lider.mk,MK,74
osler.com,CA,74
avmaroc.com,MO,74
lambgoat.com,US,74
dyersvillecommercial.com,US,74
awwwards.com,UP,74
aussietheatre.com.au,AS,74
njgamblingsites.com,US,74
quadcities.com,US,74
tirfaxnews.org,AL,74
cameronherald.com,US,74
charterhall.com.au,AS,74
inozpress.kg,KZ,74
theprairienews.com,US,74
ij.no,NO,74
layarkita.club,AS,74
inn.no,NO,74
bidmc.org,US,74
aurovine.com,UK,74
scottishathletics.org.uk,UK,74
cisa.gov,US,74
bikinginla.com,US,74
adventureflyfishingnz.com,NZ,74
archbishopofyork.org,UK,74
wipy.tv,US,74
uhv.edu,SP,74
david-collier.com,IS,74
scu.edu,US,74
liverpoolguildstudentmedia.co.uk,UK,74
politeka.net,UP,74
cupertinotoday.com,US,74
businesstodayegypt.com,EG,74
realmealrevolution.com,CH,74
theicegarden.com,US,74
avionews.it,IT,74
icr.ac.uk,UK,74
aden-tm.net,YM,74
bovary.gr,GR,74
ntu.edu.sg,SN,74
jacobinmag.com,CU,74
fredericksburgstandard.com,US,74
internetsociety.org,NP,74
xoilacvvt.cc,VM,74
gojaspers.com,US,74
phmuseum.com,US,74
mega1043.com,US,74
blocktempo.com,US,73
radicalphilosophy.com,CH,73
overclock.pl,PL,73
bedandbreakfastnz.co.nz,NZ,73
small-screen.co.uk,US,73
thetigercu.com,US,73
pellabranch.com,US,73
capitalmonitor.ai,EG,73
lynchburg.edu,US,73
eyeontaiwan.com,TW,73
mytechdecisions.com,US,73
issaquahreporter.com,US,73
logotv.com,US,73
point2homes.com,US,73
columbusstate.edu,US,73
hometownweekly.net,US,73
orwell.ru,RS,73
nationalsecurityjournal.org,IS,73
brentfordfc.com,UK,73
hungarianreview.com,HU,73
beaucemedia.ca,CA,73
lindenlink.com,US,73
southeastarrow.com,US,73
petage.com,US,73
laneigebridal.com,VM,73
wikileaf.com,US,73
high50.com,UK,73
easternpafootball.com,US,73
airportrentals.com,NZ,73
makan.org.il,IR,73
longshoreshippingnews.com,US,73
fashionista.com,US,73
dirtbikemagazine.com,US,73
eleconomistaamerica.com.ar,AR,73
quoddytides.com,US,73
mynetworktv.com,US,73
liveforfilm.com,JA,73
alive905.com.au,AS,73
savannahmagazine.com,US,73
visityellowstonecountry.com,US,73
publiceyenews.com,CH,73
mesalegend.com,UK,73
tdwi.org,US,73
blinry.org,US,73
idstch.com,CH,73
covaipost.com,IN,73
libredd.it,SY,73
charlestonexpress.com,US,73
wba.co.uk,EI,73
econsultancy.com,UK,73
fustany.com,EG,73
westernmagazine.com.au,AS,72
kcchronicle.com,US,72
insideautonomousvehicles.com,US,72
mysuburbanlife.com,US,72
ballarat.vic.gov.au,AS,72
refresher.cz,EZ,72
fal3arda.com,EG,72
morrisherald-news.com,US,72
madisongraph.com,AE,72
bestchoicesports.com.ng,NI,72
grantland.com,US,72
nordex-online.com,GM,72
littletonpublicschools.net,US,72
barbadospropertynews.com,BB,72
cert.se,SW,72
africaoilgasreport.com,NI,72
skwigly.co.uk,AJ,72
topbet.eu,US,72
shortgo.co,US,72
seattledining.com,US,72
drobinin.com,UK,72
mississippifreepress.org,US,72
gridam.com,FR,72
scarsdale.com,US,72
midrandreporter.co.za,SF,72
arcc-cdac.ca,CA,72
utahpolicy.com,US,72
bayplanningcoalition.org,US,72
ducks.ca,CA,72
bedfordindependent.co.uk,UK,72
atitudeto.com.br,US,72
marketsmedia.com,UK,72
macworld.co.uk,UK,72
sibreal.org,RS,72
moneysmart.sg,SN,72
nobleandstyle.com,MO,72
inference-review.com,SW,72
aujourdhuilaturquie.com,TU,72
racingamerica.com,US,72
datacenternews.asia,SN,72
southsidesox.com,US,72
lomo.jp,JA,72
davidoks.blog,NI,72
notizie.ai,IT,72
volteface.me,TH,72
uza.uz,UZ,72
teaomaori.news,NZ,72
mh-stiftung.de,GM,72
outandaboutpv.com,MX,72
mainstreetclarksville.com,US,72
bicolperyodiko.com,RP,72
davasnews.com,GH,72
gaynews.it,IT,72
wdwmagic.com,US,72
mondointasca.it,IT,72
b945live.com,US,72
nationalmirroronline.net,NI,72
miningwatch.ca,CA,72
thesafetymag.com,CA,72
swiftcountymonitor.com,US,72
publicservices.international,IN,72
showme.co.za,SF,72
congthuong.vn,VM,72
nur.kz,KZ,72
finance.gov.ie,EI,72
miersal.com,CH,72
finance.cz,EZ,72
wlu.edu,US,72
pilotcatholicnews.com,US,72
haufe.de,GM,72
dioceseofraleigh.org,US,72
stateofswimming.com,GM,72
bigtop40.com,UK,72
luimagazine.fr,FR,72
eig.org,US,72
theaurora.ca,CA,72
pku.edu.cn,CH,72
wantedinmilan.com,IT,72
lechoabitibien.ca,CA,72
thewetumpkaherald.com,US,71
roadtovr.com,CH,71
peicanada.com,CA,71
autocar.co.uk,UK,71
field-n-water.com,US,71
coopradio.org,CA,71
boyleheightsbeat.com,US,71
gokcecapital.com,US,71
opusdei.org,RP,71
snackstack.net,US,71
tsj.gob.ve,VE,71
albion.edu,US,71
fandom.com,US,71
pnnl.gov,US,71
wmo.int,US,71
taxfairness.ca,CA,71
pittsburghsoccernow.com,US,71
xavierstuder.com,SZ,71
nwherald.com,US,71
asiapropertyawards.com,VM,71
pressone.ro,MD,71
adanaajans.net,TU,71
northglenn-thorntonsentinel.com,US,71
americanangler.com,US,71
domzamkad.ru,RS,71
spaceshowertv.com,JA,71
pafi.hu,HU,71
nasawatch.com,US,71
cowgirl30under30.com,US,71
4news.mk,US,71
asla.org,US,71
thesentinel.com,US,71
esf.edu,US,71
marketingarena.it,IT,71
gamingtips.org.uk,SP,71
vattenfall.com,SW,71
elobrero.es,IS,71
i400calci.com,IT,71
kathmanduandbeyond.com,TH,71
thunder106.com,US,71
gismeteo.ru,RS,71
riverkeeper.org,US,71
intelligentliving.co,US,71
dimerco.com,IN,71
k106fm.com,US,71
worldarchitecture.org,CH,71
ebroadsheet.com,US,71
etan.org,ID,71
chinachristiandaily.com,CH,71
vietnamhumanrightsdefenders.net,VM,71
dailyresearchplot.com,JA,71
martech.org,US,71
malijet.co,ML,71
radionl.com,CA,71
chvnoticias.cl,CI,71
light-of-reason.com,US,71
theinteriorsaddict.com,AS,71
techmonitor.ai,UK,71
adirondackalmanack.com,US,71
tikkun.org,US,71
fis-ski.com,AU,71
fantasylabs.com,US,71
farmersforum.com,NL,71
topnews.gr,GR,71
forbes.at,GM,71
vanillaplus.com,SP,71
radionacional.com.ar,AR,71
raskmedia.com.au,AS,71
hoteltechnologynews.com,GR,71
ogol.com.br,BR,71
vseprosport.ru,RS,71
crawfishboxes.com,US,71
perishablepundit.com,UK,71
jamesjoyce.ie,EI,71
seeddaily.com,CH,71
moc.gov.sy,SY,71
railtech.com,FR,71
corbeaunews.ca,CA,71
stellantis.com,IT,70
myfootball.com.au,QA,70
latinheat.com,US,70
chinahandys.net,CH,70
139kacakbahis.com,TU,70
pillsburylaw.com,US,70
bishop-hill.net,ID,70
agenciaaids.com.br,BR,70
criticalblast.com,IT,70
bunkhistory.org,US,70
latinus.us,RS,70
techpulse.be,BE,70
theroundupnews.com,AM,70
u-car.com.tw,TW,70
ivw.de,GM,70
terzarepubblica.it,IT,70
mascontext.com,HK,70
homegrowniowan.com,US,70
vtibet.cn,CH,70
hamilton.edu,US,70
stpaul.gov,US,70
gsw.edu,US,70
harrisburgmagazine.com,US,70
northcountydailystar.com,GR,70
aonagencias.es,SP,70
acorns.com,PO,70
aps.edu,US,70
aqlamhorra.com,IR,70
guardianonline.co.nz,NZ,70
spurs-web.com,IT,70
direcaoconcursos.com.br,BR,70
biodiversitylibrary.org,US,70
televisaunivision.com,US,70
b3cnewswire.com,GM,70
129kacakbahis.com,TU,70
adaherald.com,US,70
raptorresearchfoundation.org,US,70
weedmaps.com,US,70
tms.org,US,70
skerritt.blog,JA,70
hjb.hu,HU,70
sydneycriminallawyers.com.au,AS,70
qha.com.tr,CO,70
agu.org,US,70
story.com.pk,PK,70
sanatanprabhat.org,IN,70
chengdu.cn,CH,70
omgubuntu.co.uk,UK,70
inews24.it,IT,70
hartfordhealthcare.org,US,70
habitat.org,US,70
mamedev.org,US,70
traninews.it,IT,70
cienradios.com,US,70
cronache24.it,IT,70
tusaludmag.com,US,70
contracostaherald.com,US,70
alankabout.com,RS,70
day-news.net,US,70
health-ua.org,UP,70
galerien.ch,SZ,70
themonitordaily.com,UK,69
inquiriesjournal.com,US,69
am870theanswer.com,US,69
myclallamcounty.com,US,69
quinewsamiata.it,IT,69
momswhosave.com,IS,69
bridgingandcommercial.co.uk,UK,69
manhattan.institute,US,69
vecherka.donetsk.ua,UP,69
udallasnews.com,US,69
moneywisemoms.com,US,69
theplankmag.com,IN,69
titans.com.au,AS,69
nowboxing.com,US,69
biotech-spain.com,SP,69
955hitsfm.ca,CA,69
niskanencenter.org,US,69
spd-sachsen-anhalt.de,GM,69
air-shows.org.uk,UK,69
rivistaeuropae.eu,IT,69
consettmagazine.com,UK,69
nuclearpowerdaily.com,BG,69
ctulocal1.org,US,69
fitchburgstar.com,US,69
marocainspartout.com,MO,69
soberrecovery.com,US,69
gochangkorea.co.kr,CH,69
greenindustrypros.com,US,69
sansebastianfestival.com,SP,69
colemantoday.com,US,69
aliveuniverse.today,CH,69
thechinaweek.com,CH,69
allsportstucson.com,US,69
ilab.org,GM,69
embedworkflow.com,JA,69
essentiallypop.com,UK,69
theeditors.com,US,69
wazy.com,US,69
lonetreevoice.net,US,69
latino979.com,US,69
onthesnow.com,AU,69
medtechintelligence.com,UK,69
cameroonnewsagency.com,CM,69
jornaldacidadeonline.com.br,BR,69
muslimskeptic.com,US,69
ijglobal.com,SA,69
dzng.com,CH,69
mutualart.com,US,69
icc-cpi.int,IS,69
nepublicnotices.com,US,69
lunanuova.it,IT,69
stream.org,US,69
wymondhamandattleboroughmercury.co.uk,UK,69
thisispopulist.com,MX,69
introvertwithitchyfeet.com,SF,69
criticallegalthinking.com,UK,69
messinaora.it,IT,69
garoua.info,CM,69
nyclu.org,US,69
coj.net,US,69
voiceofsikkim.com,IN,69
secondowelfare.it,NL,69
bradyunited.org,US,69
thebossmagazine.com,US,69
thehandbook.com,UK,69
africa-info.org,CH,69
johnmorganrealtor.com,CH,68
barhale.co.uk,UK,68
sambowman.co,UK,68
veteransbank.com.ph,RP,68
jetss.com,US,68
digitalcontentnext.org,US,68
screenafrica.com,SF,68
wnrvbluegrassradio.com,US,68
northernag.net,US,68
neo.life,US,68
pdc.tv,BA,68
verastic.com,NI,68
dailyrxnews.com,US,68
ktemnews.com,US,68
abbevillenow.com,US,68
clipperroundtheworld.com,UY,68
cfru.ca,CA,68
roscoenews.com,US,68
councilmagazine.com.au,AS,68
californiaagtoday.com,US,68
diretta.it,IT,68
regjeringen.no,NO,68
internationalhighlife.com,TH,68
m-jglobal.com,HU,68
lisbonlux.com,PO,68
lowtechmagazine.com,NL,68
stjcc.net,SP,68
localnewsingapore.com,KN,68
ekolist.cz,UP,68
musically.com,SP,68
sporyeni.com,TU,68
ngnews247.com,US,68
onlinebahissiteleri1.org,TU,68
hklabourrights.org,HK,68
jfranews.com.jo,IR,68
slowboring.com,US,68
twit.tv,US,68
newhaven.edu,SA,68
wurdradio.com,US,68
kdao.com,US,68
stefanus.no,KN,68
mashviral.com,US,68
oswegonian.com,US,68
prestonbyrne.com,UK,68
frogi.co.il,IS,68
difesaonline.it,UP,68
dontstopliving.net,TH,68
promarket.org,CH,68
golfmonthly.com,SP,68
milanreports.com,IT,68
arteinformado.com,US,68
thefederalistpapers.org,US,68
borderlens.com,CH,68
ontheforecheck.com,US,68
mailchi.mp,US,68
bernewitness.com,US,68
israelnews.co.il,IS,68
gol24.pl,PL,68
bigeasybeliever.com,US,68
boltsfromtheblue.com,US,68
sportzwiki.com,IN,68
harpersbazaar.com.sg,SN,68
katiedalysireland.com,EI,68
theweeklyjournal.com,RQ,68
diariodepetropolis.com.br,BR,68
jumpball.co.kr,KS,68
walworthcountytoday.com,US,68
blackpast.org,US,68
namibtimes.net,WA,68
pundit.co.nz,NZ,68
onlinebahissiteleri1.info,TU,68
bakerdonelson.com,US,68
epcrugby.com,EI,68
punjabpost.ca,IN,68
p2pfinancenews.co.uk,UK,68
ocala-news.com,US,67
bcbradio.co.uk,UK,67
tourist-information-uk.com,VM,67
dxy.cn,CH,67
johnhawks.net,SF,67
dbrs.dk,DA,67
quinewspistoia.it,IT,67
realgm.com,US,67
livestreaming.cz,SP,67
latinvex.com,CJ,67
klma.org,SY,67
al-shabaka.org,LE,67
freedomnewspaper.com,TH,67
planet1067.com,US,67
baladi-news.com,SY,67
silverscreenandroll.com,US,67
futuredirections.org.au,SA,67
thenortheastgeorgian.com,US,67
atlantajewishtimes.com,IS,67
bottlesinsider.com,US,67
kwnews.co.kr,KS,67
aerialfiremag.com,GR,67
shoutmag.co.uk,UK,67
poultryworld.net,BR,67
robocup2011.org,TU,67
naturetoday.com,NL,67
rvn.se,SW,67
atlantic-cable.com,US,67
siemensgamesa.com,TW,67
ardalpha.de,GM,67
thevillagesun.com,US,67
rosslandnews.com,CA,67
sobat21.xyz,US,67
presidencia.gob.hn,HO,67
yueyang.gov.cn,CH,67
cnair.com,CH,67
weeronline.nl,NL,67
indmoney.com,IN,67
stjude.org,UP,67
dccomics.com,NZ,67
reynolds-news.com,FR,67
cw33.com,US,67
bugeyedandshameless.com,CA,67
doherty.edu.au,AS,67
educationbusinessuk.net,UK,67
digital949.com,MX,67
apba.es,SP,67
thefw.com,US,67
deportivotolucafc.com,TU,67
starkeycomics.com,UK,67
artsreview.com.au,AS,67
hudin.com,SP,67
southcountypublications.net,US,67
nationaltv.ro,IT,67
somervillema.gov,US,67
bcbusiness.ca,CA,67
watchjerusalem.co.il,IR,67
correctionalnews.com,US,67
asiarugby.com,JA,67
innocenceproject.org,US,67
portalr10.com,KZ,67
ecotrends.ru,RS,67
jisyoumeiken.net,JA,67
present-dv.ru,RS,67
jpmorgan.com,RS,67
suburbs101.com,US,67
linklaters.com,FR,67
k.at,AU,67
cisco.com,US,67
urbantransportnews.com,IN,67
b2bmagazine.bg,BU,67
riderville.com,CA,67
fastenerandfixing.com,IT,67
arab.com.ua,UP,66
casualhoya.com,US,66
princeedwardisland.ca,CA,66
drb.ie,GR,66
irishpost.com,UK,66
sportmk.ru,RS,66
plain-writing-association.org,FR,66
ecologyandsociety.org,US,66
rtvi.com,UP,66
winbuzzer.com,US,66
zviazda.by,BO,66
barakelde.org,KG,66
kmdn.gov.tw,TW,66
illustratorsaustralia.com,AS,66
stromstadstidning.se,SW,66
religion.info,IR,66
blackchronicle.com,US,66
pennmike.com,SA,66
coloradohealthinstitute.org,US,66
wintersexpress.com,US,66
ami-tass.ru,RS,66
harrowsmithmag.com,CA,66
astrobiology.com,US,66
defencetoday.com,UP,66
austriantribune.com,BU,66
crypto-reporter.com,SN,66
gamekapocs.hu,JA,66
mltaikins.com,CA,66
twoverbs.com,US,66
postal.pt,PO,66
lewissilkin.com,UK,66
dotconnectafrica.org,KE,66
xiancity.cn,CH,66
rilawyersweekly.com,US,66
revistahogar.com,CH,66
pgpf.org,US,66
democrats.org,US,66
cnfocus.com,CH,66
thehistorypress.co.uk,EI,66
theicct.org,ID,66
chequeado.com,AR,66
dexur.com,US,66
beep.blog,IO,66
britishhorseracing.com,EI,66
libertynewsonline.com,BU,66
gigaom.com,US,66
import.ch,SZ,66
uef.fi,FI,66
kaitaro-osake.com,JA,66
insider.in,IN,66
dandc.eu,GM,66
defence.lk,CE,66
ttu.edu,US,66
historyfiles.co.uk,IS,66
sante-sur-le-net.com,FR,66
distilled.earth,NL,66
cities-today.com,US,66
gantnews.com,US,66
pulaskicountydaily.com,US,66
ciol.com,IN,66
34st.com,US,66
cnafinance.com,BU,66
unizg.hr,HR,66
rro.ch,SZ,66
theindustry.fashion,UK,66
onmsft.com,US,66
ndu.edu.pk,PK,66
pfaw.org,US,66
beahero.gg,JA,66
sme10x.com,SA,66
motallaodds.org,TU,66
surveyjunkie.com,UK,66
express-k.kz,RS,66
thedepauw.com,US,66
christopherferan.com,KE,66
unh.edu,US,66
rbcwealthmanagement.com,UK,66
boem.gov,US,66
stateofmind.it,IT,66
keystonenewsroom.com,US,66
visualarts.gr.jp,JA,66
kongsberg.com,NO,66
richmond.edu,US,66
1stohiobattery.com,US,66
autotest.com.ar,AR,66
eltiempo.com.ve,VE,66
fearthesword.com,US,66
developmentaid.org,UP,66
avenueradio.com,US,65
edunews.net.cn,CH,65
stmarynow.com,US,65
gamefocus.co.kr,US,65
970amtheanswer.com,KS,65
bihartimes.com,IN,65
woodworker.de,GM,65
muskwatch.com,US,65
greentechmedia.com,US,65
globaltimes-sl.com,SL,65
gaynz.com,NZ,65
capitalbrief.com,AS,65
bankofengland.co.uk,UK,65
tribalfootball.com,SP,65
pagamentidigitali.it,IT,65
ept.ca,CH,65
mediabum.info,RS,65
entrackr.com,IN,65
joxmobile.com,US,65
singaporeathletics.org.sg,SN,65
studentville.it,IT,65
gxrb.com.cn,CH,65
tnmuseum.org,US,65
xaralite.com,US,65
internetretailing.net,UK,65
scaddistrict.com,US,65
smgbb.cn,CH,65
nationalrighttolifenews.org,US,65
collabfund.com,US,65
europeancleaningjournal.com,UP,65
glasgowwarriors.org,UK,65
alstom.com,FR,65
upsetmagazine.com,UK,65
vienna-capitals.at,AU,65
bigcatcountry.com,US,65
jacksonheightspost.com,US,65
fei.org,FR,65
zhongguojinrongtouziwang.com,CH,65
dolcevia.com,IT,65
spectator.com,US,65
panapress.org,LY,65
collegehoopswatch.com,US,65
review-mirror.com,CA,65
pogo.org,CH,65
muhu.ee,EN,65
pingan.com,CH,65
zgradonacelnik.hr,HR,65
themeafordindependent.ca,CA,65
powerboatracingworld.com,US,65
vendingtimes.com,US,65
africaintelligence.fr,MO,65
kossev.info,KV,65
thegoan.net,UK,65
citizensclimatelobby.org,US,65
nataliemaclean.com,US,65
kissies.se,SW,65
thediaryofajewellerylover.co.uk,NL,65
uscourts.gov,US,65
nbcsportsphiladelphia.com,US,65
naplesillustrated.com,US,65
cert.pl,PL,65
123kacakbahis.com,TU,65
phoenixmag.com,US,65
meups.com.br,BR,65
cfib-fcei.ca,CA,65
shemazing.net,EI,65
together.xyz,US,65
mmg.com.au,AS,65
tvspb.ru,RS,65
beanscenemag.com.au,AS,65
performancein.com,UK,65
khbrbgd.news,EG,65
frooty.com.au,AS,65
blockchain.news,HK,65
linio.com.co,CO,65
thebristolcable.org,UK,64
publicradiofan.com,US,64
velaw.com,US,64
afkgaming.com,MY,64
thelounge999.com,CA,64
thinkrealty.com,US,64
playak.com,US,64
harddriveradio.com,US,64
theeyeopener.com,RP,64
hot1079pc.com,RS,64
newsnah.com,EG,64
orainfo.com,KV,64
epigram.org.uk,UK,64
just-size.net,JA,64
cvshealth.com,US,64
biletur.ru,RS,64
procon.org,US,64
exutopia.com,CU,64
hatchmag.com,IC,64
storypick.com,IN,64
gate1travel.com,EI,64
osundefender.com,NI,64
controlglobal.com,US,64
htzfm.com,CA,64
spottedbylocals.com,IT,64
mobilemarketingwatch.com,CH,64
pennbets.com,US,64
wejz.com,US,64
hillarykids.com,TU,64
kyn24.com,US,64
2rvisionnews.com,GH,64
dieselgasturbine.com,US,64
talkingrugbyunion.co.uk,NZ,64
magic97.net,US,64
georgetown.org,US,64
asiatime.co.kr,KS,64
ifta.ie,EI,64
mysweetcharity.com,US,64
samesilo.com,US,64
worldfootynews.com,AS,64
canpl.ca,CA,64
techzone360.com,US,64
sanjoseca.gov,US,64
vumc.org,US,64
minmote.no,NO,64
thenexthint.com,NL,64
astronautix.com,US,64
citymonitor.ai,TU,64
katowice.uw.gov.pl,PL,64
pc-tablet.com,US,64
wnmu.edu,US,64
creemore.com,CA,64
wszczecinie.pl,PL,64
property118.com,UK,64
wtamu.edu,US,64
indy100.com,UK,64
subiektywnieofinansach.pl,PL,64
bookmaker-ratings.com,UK,64
mcponj.org,US,64
kungalvsposten.se,SW,64
artdaily.cc,US,64
brandsynario.com,PK,64
hungrygeeks.com.ph,RP,64
tesd.net,US,64
kleagueunited.com,KS,64
philebrity.com,US,64
news9live.com,US,64
nighthelper.com,UY,64
commercialsearch.com,US,64
businesscornwall.co.uk,UK,64
xrock.com,US,64
taxpayer.com,CA,64
policynote.ca,CA,64
flipso.com,US,63
autoparkhonda.com,US,63
impactpolicies.org,IZ,63
olhardigital.com.br,BR,63
them.us,US,63
blavity.com,US,63
clevelandclinic.org,US,63
virginmedia.com,UK,63
ausopen.com,AS,63
restaurant.ch,SZ,63
popphoto.com,US,63
translatingcuba.com,CU,63
travelnewsasia.com,BR,63
thespacereview.com,US,63
diplotic.com,IN,63
hottimeinoldtown.com,US,63
notichile.cl,CI,63
epfl.ch,SZ,63
thefrugalpreneur.com,US,63
blm.gov,US,63
1047thecave.com,US,63
gadgetguy.com.au,AS,63
visualstudiomagazine.com,US,63
petertatchellfoundation.org,UK,63
hcltech.com,IN,63
svetmobilne.cz,CH,63
sierranevada.edu,US,63
usich.gov,US,63
yukon.ca,CA,63
tripstodiscover.com,TH,63
bottleraiders.com,US,63
iucn.org,FJ,63
lepeuplelevis.ca,CA,63
altonherald.com,UK,63
jaguda.com,NI,63
xoilacsi.cc,VM,63
printcan.com,CA,63
wattonandswaffhamtimes.co.uk,UK,63
newspettacolo.com,LG,63
pasteur.fr,FR,63
victoryfund.org,US,63
smokeybarn.com,US,63
thetechtalk.org,US,63
mumbailive.com,IN,63
gastrolabweb.com,MX,63
ibrahim.foundation,SF,63
therealefl.co.uk,UK,63
realtimesmedia.com,US,63
dje.de,GM,63
sandboxx.us,US,63
nibio.no,NO,63
frankwappat.com,UK,63
hepmag.com,US,63
thestandard.co,TH,63
hollywoodintoto.com,US,63
cabinet.com,US,63
boell.org,UK,63
bizbrunei.com,BX,63
aircraftinteriorsinternational.com,US,63
tvland.com,US,63
myimperfectlife.com,US,63
layalina.com,KU,63
quinewscecina.it,IT,63
greatvaluevacations.com,EI,63
73online.ru,RS,63
drenthejournaal.nl,NL,63
watchlist.org,SU,63
filamvoicemaui.com,US,63
conews.com.br,BR,63
lacounty.gov,US,63
sandandorsnow.com,US,63
menswearstyle.co.uk,EI,63
dev.ua,UP,63
tn.gov,US,63
hollywoodoutbreak.com,US,63
stateline.org,US,63
europeanbusinessmagazine.com,US,63
eupoliticalreport.com,UP,63
film-book.com,US,63
radarmedia.dk,DA,63
yamahamotogp.com,QA,63
caltimes.org,US,63
ien.com,US,63
uslpga.kr,US,63
technotification.com,RO,62
oswegocountybusiness.com,US,62
hyundai.co.kr,US,62
barbarapicci.com,IT,62
millerchevalier.com,US,62
la103.com,US,62
unido.org,AU,62
brianmay.com,JA,62
wqbe.com,US,62
ubs.com,SZ,62
shiawaves.com,IZ,62
pvpanthers.com,US,62
newstrib.com,US,62
alvinet.com,CH,62
kiss1053.com,US,62
culturaocio.com,US,62
ec.gov.gh,GH,62
darienite.com,US,62
calculator.co.uk,TH,62
anz.com,NZ,62
commoncog.com,US,62
h2bulletin.com,US,62
gocentenary.com,US,62
codir.net,IR,62
planetehockey.com,SZ,62
canadianrealestatemagazine.ca,CA,62
endurance.biz,US,62
thecritic.co.uk,GR,62
batman-news.com,US,62
fm1069thelodge.com,US,62
theinnersanctum.com.au,AS,62
investingbizz.com,VM,62
africanguaranteefund.com,KE,62
fstech.co.uk,UK,62
flintandgenesee.org,US,62
larissanet.gr,GR,62
luminanews.com,US,62
ytechb.com,UK,62
xoilacvvc.cc,VM,62
studyincanada.com,CA,62
bigoven.com,US,62
grandpressphoto.pl,PL,62
gazprombank.ru,RS,62
pacificsandiego.com,US,62
iono.fm,SF,62
qirim.news,UP,62
jst.go.jp,JA,62
thechicagocouncil.org,US,62
gothunderbirds.ca,CA,62
defensesystems.com,RS,62
cityofhope.org,US,62
falklands.gov.fk,UK,62
hr.com,US,62
rangers.co.uk,UK,62
constructionexec.com,US,62
basicrat.com,GV,62
saic.edu,US,62
wheels.ca,CA,62
middevonadvertiser.co.uk,UK,62
detroitstar.com,IN,62
qvoicenews.com,JM,62
orrick.com,US,62
lagazzettaennese.it,IT,62
locksmart.co.nz,NZ,62
americansoccernow.com,US,62
germistoncitynews.co.za,SF,62
wkkwfm.com,US,62
electronicpaymentsinternational.com,US,62
maroua.info,CM,62
glad.org,US,62
danwatch.dk,RS,62
catalunyadiari.com,UK,62
dublintown.ie,EI,62
molawyersmedia.com,US,62
musicdaily.com,US,62
bafoussam.info,CM,62
eastdurhamnews.co.uk,UK,62
telconews.com,US,62
brooklynreporter.com,US,62
rivertownsenterprise.net,US,62
mywebtimes.com,US,62
startupdaily.net,AS,62
blick.de,GM,62
spotboye.com,IN,62
astrazeneca.com,UK,61
kincardineshireobserver.co.uk,UK,61
lillian.com,US,61
motor.at,AU,61
tavistock-today.co.uk,UK,61
hcam.tv,US,61
jumeirah.com,AE,61
auto.de,GM,61
roadsafetygb.org.uk,UK,61
9now.com.au,AS,61
dannydorling.org,UK,61
eanlibya.com,SY,61
oj.gob.gt,GT,61
scl.org,EI,61
menasolidaritynetwork.com,SU,61
minprom.com.ua,UP,61
resonancefm.com,UK,61
assawsana.com,SY,61
star929.com,US,61
sailuniverse.com,US,61
seawanderer.org,US,61
tatweeg.news,EG,61
theexonian.com,US,61
spd.org,US,61
redwiretimes.com,SN,61
freecountry.com,US,61
www.gov.sg,SN,61
fundjournalism.org,US,61
beatthefish.com,US,61
rock104.ca,CA,61
travelwires.com,QA,61
thekeystonenews.com,US,61
whiteknucklerbrand.com,US,61
autovistagroup.com,FR,61
darko.audio,CH,61
nanalyze.com,US,61
casinobeats.com,BR,61
paparazzi.com.ar,AR,61
darkecountynow.com,US,61
thedroidguy.com,JA,61
99.co,SN,61
daejonilbo.com,KS,61
ctdsb.net,CH,61
midweeknews.com,US,61
lagniappemobile.com,US,61
baseballglory.com,CH,61
moneyandmarkets.com,RS,61
kzoz.com,US,61
cartermuseum.org,US,61
techround.co.uk,BG,61
manchesterworld.uk,UK,61
monitormag.ca,MX,61
newsdaytonabeach.com,US,61
cherryfm.com,US,61
ikbariya.com,IR,61
travelandleisureasia.com,CH,61
yaycork.ie,EI,61
cdotrends.com,SN,61
theamericanmenu.com,US,61
globalxetfs.com,NO,61
realnewsmontana.com,US,61
gold.ac.uk,UK,61
wsp.com,US,61
tellmebest.com,US,61
glyphdrawing.club,FI,61
trftimes.com,US,61
columbusunderground.com,US,61
foodtruckoperator.com,US,61
buffaloriverreview.com,US,61
wavelengthmag.com,US,61
ukinvestormagazine.co.uk,UK,61
frontlineclub.com,UP,61
nbb.be,BE,61
kumdi.com,IS,61
urbanbellemag.com,EG,61
cityoffortwayne.org,US,61
arrow107.com,US,61
nycdailypost.com,US,61
1360krkk.com,US,61
polioeradication.org,YM,61
denversun.com,BR,61
podbean.com,US,61
poderciudadano.org,IN,61
travelerts.com.tw,JA,60
eleconomistaamerica.pe,PE,60
abcstlouis.com,US,60
mauitime.com,US,60
wzzk.com,US,60
planetesante.ch,SZ,60
wealthgang.com,US,60
folkhalsomyndigheten.se,SW,60
newcastleknights.com.au,AS,60
pcgameshardware.de,GM,60
dengeki-hime.com,FR,60
unpri.org,FR,60
themanc.com,UK,60
tun.com,US,60
openbible.info,IS,60
globinsider.com,CH,60
christianaid.org.uk,UK,60
caerphilly.observer,UK,60
thebig1050.com,US,60
rider.edu,US,60
eyeofriyadh.com,SA,60
leprogres.net,CA,60
calvin.edu,US,60
grossepointenews.com,US,60
ncjustice.org,US,60
dissmercury.co.uk,UK,60
upscalelivingmag.com,HU,60
mads.de,GM,60
medicalrepublic.com.au,AS,60
wsuguardian.com,US,60
stuartslondon.com,FI,60
hemmings.com,US,60
grandtournation.com,NO,60
escolaeducacao.com.br,BR,60
champaignil.gov,US,60
957jamz.com,US,60
codinghorror.com,US,60
benficapodcast.com,UK,60
ligainsider.de,GM,60
lesfrancais.press,FR,60
nordbretagne.fr,UK,60
estnn.com,US,60
extremista.com,AR,60
exchangeandmart.co.uk,UK,60
cortlandvoice.com,US,60
cyclingmagazine.ca,CA,60
borgernewsherald.com,US,60
newz.dk,DA,60
sibconline.com.sb,BP,60
newkosovareport.com,SO,60
toprakturizm.com,UZ,60
choosecornwall.ca,CA,60
kirov-artmuzeum.ru,RS,60
healthgap.org,US,60
holtvilletribune.com,US,60
mrandmrssmith.com,TH,60
ksltv.com,US,60
ksco.com,US,60
dealgenius.com,US,60
gim-international.com,GM,60
thedesignfiles.net,AS,60
tdpelmedia.com,BR,60
ccstock.cn,CH,60
theaugustapress.com,US,60
thisweekinpalestine.com,IS,60
creativelena.com,AU,60
fstoppers.com,IC,60
amiranews.com,IR,60
classical-scene.com,US,60
drury.edu,US,60
karadenizajansi.com,OS,60
theherald-news.com,US,60
metteradvertiser.com,US,60
bcfc.co.uk,UK,60
tidewaternews.com,US,60
investcafe.ru,RS,60
meath.ie,EI,60
defense.gov,US,60
wifinowglobal.com,BR,60
african-markets.com,GH,60
enerdata.net,US,60
petertasker.asia,JA,60
kentik.com,IR,60
gainesvillecoins.com,FR,60
apextribune.com,US,59
islandgazette.net,US,59
meadowlakenow.com,CA,59
cubastandard.com,CU,59
menews247.com,BR,59
vorsten.nl,NL,59
russianspaceweb.com,RS,59
kingstonherald.com,CA,59
news-herald.net,US,59
ceh.ac.uk,GH,59
wrct.org,US,59
imvahonshya.co.rw,US,59
lakecountybloom.com,US,59
thepioneeronline.com,US,59
cafc.co.uk,UK,59
thecocoapost.com,GH,59
aerospacetestinginternational.com,US,59
sheaff-ephemera.com,US,59
asiafinancial.com,CH,59
rugbyworld.com,NZ,59
eiaonline.com,GM,59
cre.com.ec,EC,59
flashbak.com,US,59
q1031fm.com,US,59
alkalimanews.com,IS,59
sussex.ac.uk,UK,59
pencanada.ca,CA,59
paxnetnews.com,US,59
korrdon.info,UP,59
stabmag.com,AF,59
thewolf1063.com,US,59
brenebrown.com,US,59
theeasterner.org,US,59
etiquetanegra.com.pe,PE,59
tripadvisor.com.au,BB,59
nintendoenthusiast.com,JA,59
us927.com,US,59
vmhockey.se,SW,59
pitchero.com,UK,59
chinafilminsider.com,CH,59
baeblemusic.com,US,59
gmx.net,GM,59
automobile-magazine.fr,FR,59
myslo.ru,RS,59
logicmag.io,UK,59
yvr.ca,CA,59
dispatchnews.com,US,59
neoshodailynews.com,US,59
antropol.mk,MK,59
presidentofindia.gov.in,IN,59
eurocontrol.int,GM,59
lausanne.ch,SZ,59
chinesetoday.com,CH,59
sheershanewsbd.com,JA,59
emerj.com,CH,59
tulsakids.com,US,59
gnlm.com.mm,CH,59
hemptoday.net,US,59
diariolanube.com,SP,59
newcountry963.com,US,59
alvarezandmarsal.com,UK,59
ldsliving.com,US,59
expatriatehealthcare.com,PP,59
ou.edu,US,59
adelnews.com,US,59
nbst.it,IT,59
westportjournal.com,US,59
visitorlando.com,US,59
salads4lunch.com,MO,59
chicagoredstars.com,US,59
birdfact.com,NG,59
scalingupnutrition.org,RW,59
liverpoolstudentmedia.com,US,59
ciia.org.cn,CH,59
lettingagenttoday.co.uk,UK,59
mynewswatchtimesng.com,US,59
universando.com,IT,59
pct.edu,US,59
mkp.sk,US,59
footballclubdemarseille.fr,FR,59
fxnetworks.com,US,59
jonathancohenweb.com,US,59
valleyrecord.com,US,59
sassyhongkong.com,JA,59
ellecanada.com,CA,59
azregents.edu,US,59
sudanspost.com,SU,59
iottechnews.com,TW,58
ottplay.com,IN,58
gismeteo.com,RS,58
ascopost.com,US,58
130kacakbahis.com,TU,58
sportsmintmedia.com,IN,58
morgancountyusa.org,US,58
equalityontrial.com,US,58
pulsonline.rs,RI,58
lavenderandlovage.com,UK,58
bahrainmirror.com,BA,58
nymetroparents.com,US,58
aazdravi.cz,EZ,58
actuia.com,FR,58
131kacakbahis.com,TU,58
wnl.tv,NL,58
baltimorecity.gov,US,58
douglascountyherald.com,US,58
powerelectronicsworld.net,US,58
eceee.org,UK,58
lynalden.com,US,58
vid.no,NO,58
way.com,US,58
artsenzondergrenzen.nl,NL,58
reisereporter.de,IT,58
player.pl,PL,58
southcoastsun.co.za,SF,58
mississippi.org,US,58
pokemon.com,US,58
137kacakbahis.com,TU,58
residencyunlimited.org,US,58
gccbusinessnews.com,BR,58
lushtoblush.com,IT,58
outandaboutlive.co.uk,UK,58
zena.today,MX,58
ecpm.info,RS,58
info341.com.ar,AR,58
kuyi.net,US,58
nordlysid.fo,FO,58
turkpress.com.tr,IR,58
stu.ca,IT,58
factset.com,RS,58
bramptonist.com,CA,58
nts.org.uk,UK,58
fisco7.it,IT,58
specifierreview.com,UK,58
ironmaiden.com,US,58
mori2.jp,JA,58
radio-online.com,US,58
crocs.com,CA,58
battlefields.org,US,58
rg.org,US,58
eldebate.com,US,58
ojornalextra.com.br,BR,58
blogia.com,UY,58
escardio.org,SP,58
flatout.com.br,BR,58
njspotlightnews.org,US,58
africaglobalfunds.com,GH,58
rootsofprogress.org,UK,58
sacramentopress.com,US,58
sic.pt,UK,58
detroitbadboys.com,US,58
bittenus.com,US,58
finnewsnetwork.com.au,AS,58
bellmedia.ca,CA,58
anitrendz.net,JA,58
gata21.jp,JA,58
somagnews.com,US,58
nation.co.ke,KE,58
jesusisthesubject.org,US,58
the-ken.com,ID,58
cherokee.org,US,58
hopkintonindependent.com,US,58
bikehugger.com,US,58
superchannel.ca,CA,58
alaan.tv,SA,58
travelingspud.com,US,58
asianometry.com,JA,58
new-sports.cn,CH,58
animals24-7.org,SF,58
griffindailynews.com,US,58
thenewfederalist.eu,UK,58
enterprisetimes.co.uk,UK,58
flighthacks.com.au,AS,58
tomgriffin.org,UK,58
afreximbank.com,NI,58
techtree.com,IN,58
catholicoutlook.org,RP,58
arrowlakesnews.com,CA,58
spieltimes.com,US,58
138kacakbahis.com,TU,58
theorangetimes.com,IT,58
worldanimalfoundation.org,BE,58
sn4hr.org,SY,58
princeofwales.gov.uk,UK,58
jstories.media,JA,58
myownadvisor.ca,CA,58
sobitiy.ru,RS,58
streamingrant.com,GM,57
j-nelson.net,US,57
monaghanbros.co.uk,UK,57
hauteloire.fr,FR,57
tampa.gov,US,57
uafs.edu,US,57
ria-m.tv,UP,57
anandsanwal.me,IN,57
readmt.com,US,57
vivafavela.com.br,BR,57
islamische-zeitung.de,UP,57
gamerjournalist.com,US,57
stengg.com,SN,57
midislandtimes.com,US,57
globalpost.com,US,57
northcoastrisingsun.co.za,SF,57
pennsylvaniasun.com,CH,57
ldnfashion.com,FR,57
americanmind.org,US,57
stjohnsource.com,BH,57
startupguys.net,US,57
mmorpg.com,GR,57
trtarabi.com,IR,57
mclaren.org,US,57
finesandfeesjusticecenter.org,US,57
ukvibe.org,NO,57
touristmeetstraveler.com,EZ,57
peninsulanewsreview.com,CA,57
coloradotimesnews.com,US,57
council.science,UZ,57
wearecollegetennis.com,US,57
riskgaming.com,US,57
southoldlocal.com,US,57
hilobrow.com,US,57
mediabanco.com,CI,57
comune.bergamo.it,IT,57
globallandscapesforum.org,BR,57
whiskyadvocate.com,US,57
carrollcountyobserver.com,US,57
theindiasaga.com,IN,57
legaltechnology.com,UK,57
xnumber.com,RS,57
knightcrier.org,US,57
ujenafitclub.com,US,57
cefaluweb.com,US,57
fearlessbr.com,US,57
travelindustry.news,GA,57
middleburgeccentric.com,US,57
mydailyrecord.com,US,57
philasd.org,US,57
citizennewspaper.com,US,57
airrecognition.com,GM,57
paralympic.ca,CA,57
info-ehime.com,JA,57
lbb.in,IN,57
calpoly.edu,US,57
carlowlive.ie,EI,57
alexandrianews.org,JA,57
landlordzone.co.uk,UK,57
nus.edu.sg,SN,57
hellorayo.co.uk,UK,57
sailworldcruising.com,ID,57
theconcordian.org,US,57
jobsage.com,VM,57
meteorologiaenred.com,SP,57
wirally.com,US,57
tstyle.it,IT,57
lukemuehlhauser.com,UK,57
kavx.org,US,57
theadvancenews.com,US,57
wnbjtv.com,US,57
transputer.net,UK,57
emergenceweb.com,CA,57
theexponent.com,US,57
fluentu.com,GM,57
sbisoccer.com,US,57
raceofchampions.com,SW,57
momus.ca,US,57
carlsberggroup.com,CA,57
family.ca,CA,57
alkhaleej365.co,IR,57
formulascout.com,UK,57
xflnewsroom.com,US,57
ballardnewstribune.com,US,57
africafeeds.com,NI,57
thegww.com,VM,57
kaiserpermanente.org,US,57
worldecr.com,RS,57
interfaithradio.org,US,57
espacio-publico.com,SP,57
redbullmusicacademy.com,GM,57
estereoazul.com,PM,57
linternaute.fr,FR,57
archaeological.org,US,57
jakecoppinger.com,AS,57
thebmc.co.uk,UK,57
central.edu,US,57
orchestracentral.com,US,57
deadlanguagesociety.com,FR,57
empowerms.org,US,57
swiatobrazu.pl,PL,56
nps.org.au,AS,56
southsudannation.com,US,56
gatedrop.com,AR,56
stockwatch.pl,LH,56
rovigooggi.it,IT,56
weekendavisen.dk,RS,56
iontelevision.com,US,56
imetatronink.com,US,56
appadvice.com,US,56
mygameslounge.com,JA,56
schmud.de,RS,56
cameroonvoice.com,CH,56
thestarfish.ca,CA,56
omidyar.com,US,56
revealnews.org,DR,56
citybeautiful21.com,US,56
columnadigital.com,US,56
elestimulo.com,VE,56
croydonadvertiser.co.uk,UK,56
vesti.ua,RS,56
thepsmiths.com,US,56
broadcastermagazine.com,CA,56
workpop.com,VM,56
pane-rose.it,IT,56
rystadenergy.com,SA,56
lintelligencer.com,CA,56
hellgatenyc.com,US,56
mafnews.net,FR,56
36kr.com,CH,56
prospectusnews.com,US,56
webwork-magazin.net,GM,56
orangefizz.net,US,56
allwork.space,PO,56
houstonagentmagazine.com,US,56
ammannet.net,JO,56
footboom.com,RS,56
durangolocal.news,US,56
every-daywinner.com,US,56
dziennikelblaski.pl,PL,56
independent.org,US,56
drivespark.com,BA,56
q997atlanta.com,US,56
maserumetro.com,RS,56
frapp.ch,SZ,56
therockofdaytona.com,US,56
1037thebuzz.com,US,56
spsw.edu.pl,US,56
tr.im,IS,56
lifegate.com,NP,56
elrsala.com,EG,56
norfolk.gov,US,56
rutherford.org,US,56
onlykashmir.in,IN,56
stackexchange.com,US,56
peytonsmomma.com,SP,56
counterextremism.com,AF,56
abdn.ac.uk,UK,56
pointdevue.fr,GR,56
brooklynmuseum.org,US,56
eckerd.edu,US,56
westportnow.com,US,56
israel365news.com,IS,56
corabuhlert.com,CH,56
fcgov.com,US,56
emucasino.com,CA,56
937themountain.com,US,56
polk-county.net,US,56
jbu.edu,US,56
microfinancemonitor.com,AS,56
edigest.hk,CH,56
pagcor.ph,RP,56
nordiclabourjournal.org,SW,56
autohebdo.fr,FR,56
allenovery.com,UK,56
yzcity.gov.cn,CH,56
antrimguardian.co.uk,UK,56
skopskoeho.mk,MK,56
intel.com,US,56
nufc.co.uk,UK,56
kasurian.com,LE,56
nnews.com.ua,US,56
preventionaus.com.au,AS,56
drugtargetreview.com,UK,56
diarioahora.pe,BG,56
legalexaminer.com,US,56
kaynewscow.com,US,56
sainthelenaisland.info,UK,55
stada.es,SP,55
techannouncer.com,VM,55
blouinnews.com,US,55
workdayminnesota.org,US,55
oufc.co.uk,UK,55
worldhighways.com,EN,55
mikrofoni.mk,AL,55
nationalcenter.org,US,55
newsamericasnow.com,GY,55
universityhealthsystem.com,US,55
scopeofwork.net,US,55
pedestrianobservations.com,US,55
quinewsgrosseto.it,IT,55
france-amerique.com,FR,55
asianmma.com,TH,55
bclions.com,CA,55
androidcoliseum.com,CA,55
cigarjournal.com,NU,55
kk.no,NO,55
cdep.ro,RO,55
105thevibe.com,CH,55
viettimes.vn,RS,55
ryerecord.com,US,55
ieet.org,US,55
technowize.com,CH,55
ngv.vic.gov.au,JA,55
mix967.ca,CA,55
lajm.mk,AL,55
mcguirewoods.com,US,55
precisionmedicineonline.com,US,55
jcorreio.com.br,BR,55
thuechungcu.com.vn,VM,55
conservationnw.org,US,55
catcountry937.com,US,55
nanowerk.com,US,55
amina-mag.com,FR,55
ctimes.com.tw,TW,55
letterboxd.com,US,55
goodhopefm.co.za,SF,55
caritas.org.au,AS,55
i-dome.com,IT,55
cyprusexpat.co.uk,CY,55
gazeta.mk,UP,55
bradleyscout.com,US,55
sanjuandailystar.com,BR,55
bchydro.com,CA,55
thesop.org,JA,55
nzcpr.com,NZ,55
allboxing.ru,RS,55
illustre.ch,SZ,55
adelswelt.de,SW,55
emgoto.com,JA,55
hits931fm.com,US,55
windeurope.org,DA,55
chieflandcitizen.com,US,55
joxtuscaloosa.com,US,55
rivervalleynow.com,US,55
reclaimthenet.org,US,55
freedom-to-tinker.com,US,55
pimco.co.uk,CH,55
newstourisme.com,MO,55
romanroads.org,UK,55
cityofboise.org,US,55
watershedmagazine.com,CA,55
card-shinsa.com,JA,55
usbirdhistory.com,US,55
elections.uz,UZ,55
thecalabashnewspaper.com,SL,55
acasatv.ro,MX,55
iisd.org,ID,55
deportesconcarlosareco.com,SP,55
vietnamfinance.vn,CH,55
loisirsencheres.com,VM,55
globalsecuritymag.com,US,55
tralac.org,KE,55
600wrqx.com,US,55
puritan.com,US,55
gamespress.com,JA,55
theind.com,US,55
farmweek.com,EI,55
keo.co.za,SF,55
cleanroomtechnology.com,SN,55
ebike-mtb.com,CI,55
govmu.org,MP,55
suntci.com,TU,55
kaosradio.org,US,55
mayorsmanor.com,US,55
designbuild-network.com,SW,55
paulgormanis.com,UK,55
lawcareers.net,UK,55
opm.gov.na,WA,55
hamiltonscores.com,CA,55
irpp.org,CA,55
cartoonnetwork.jp,JA,55
ilovetheburg.com,US,54
sawitindonesia.com,ID,54
pre-employ.com,US,54
fortworthstockyards.com,US,54
wwgazette.co.uk,BU,54
steveblank.com,US,54
plough.com,US,54
uoalumni.com,US,54
wsum.org,US,54
streamdaily.tv,US,54
peopleactmagazine.fr,FR,54
365traveler.com,US,54
ojp.gov,US,54
betterfarming.com,CA,54
iancorless.org,MO,54
abouttimemagazine.co.uk,US,54
daraj.com,EG,54
rbb-online.de,GM,54
firstpersonarts.org,VM,54
syossetadvance.com,US,54
todayifoundout.com,US,54
thebruns.ca,CA,54
idsociety.org,UG,54
theadventuresoflife.com,BH,54
strathmorenow.com,CA,54
bafta.org,UK,54
sc.gov.cn,CH,54
corriere.ca,IT,54
greeneuropeanjournal.eu,SP,54
svenskafoder.se,SW,54
lfa.com,BR,54
mirovich.media,RS,54
atomicheritage.org,RS,54
kentsterling.com,US,54
tovima.com,GR,54
fcpp.org,CA,54
mfbrokers.co.uk,UK,54
supervalu.ie,EI,54
corecursive.com,US,54
shadowproof.com,FR,54
libeau-family.org,NZ,54
saharanews.org,MO,54
knightcolumbia.org,US,54
hr-manager.net,DA,54
puntodebreak.com,AS,54
select.art.br,BR,54
soperth.com.au,AS,54
uni-muenster.de,GM,54
bikesales.com.au,AS,54
scotlandfoodanddrink.org,UK,54
babli.co.il,IS,54
lula.com.br,BR,54
idahofreedom.org,US,54
sefloridadailynews.com,US,54
democracyparadox.com,TU,54
boxofficecollection.in,IN,54
thelamron.com,IS,54
airproducts.com,GM,54
startalkmedia.com,US,54
onestep4ward.com,SP,54
mykidlist.com,US,54
ourdebtfreefamily.com,PO,54
bakhtarnews.af,AF,54
africanreporter.co.za,SF,54
heretv.com,US,54
mynwapaper.com,US,54
cnx-software.com,TH,54
currentlyhq.com,US,54
nationalmuseum.ch,IT,54
trail1033.com,US,54
betanews.net,US,54
stagechat.co.uk,UK,54
golongtd.com,US,54
girltalkhq.com,US,54
thesportsleader.com,US,54
houseofsparky.com,US,54
eopicle.net,US,54
craftanddesign.net,US,54
bethpagenewsgram.com,US,54
alibaba.com,VM,54
bigdog1067.com,US,54
theins.ru,UP,54
sciblogs.co.nz,NZ,54
vtcnews.vn,VM,54
freepresskashmir.news,IR,54
afolhadigital.com.br,BR,54
egmnow.com,US,54
cooper.edu,US,54
eventplannerspain.com,SP,54
nofilmschool.com,JA,54
bhavana.org.in,IN,54
deepcuts.blog,GH,54
EmbeddedRelated.com,US,54
kisspeoria.com,US,54
enverus.com,US,54
dalailama.com,IN,54
mvnews.org,US,54
news360.es,TU,54
altapress.ru,RS,54
enquirerdemocrat.com,US,54
metropol.hu,HU,54
sethlui.com,SN,54
kew.org,MA,54
sfcv.org,US,54
crimetak.in,IN,54
uhaul.com,US,54
gesundheitsstadt-berlin.de,GM,54
tools2tiaras.com,FI,54
mytheatremates.com,UK,54
thelocalstack.eu,US,54
mubi.com,RS,54
wngd.org,VM,54
wowtale.net,US,54
australiancybersecuritymagazine.com.au,AS,54
mondomobileweb.it,IT,54
rove.me,BL,54
paok24.com,GR,54
marsovet.org.ua,UP,54
eventostoppanama.com,PM,53
thevintagenews.com,UK,53
countywidenews.com,US,53
hopetv.org,ID,53
islayinfo.com,UK,53
chicotsky.com,US,53
producegrower.com,US,53
borderlandbeat.com,US,53
esports-news.co.uk,UK,53
cultframe.com,IT,53
941qzk.com,US,53
risingnepaldaily.com,NP,53
bentley.edu,US,53
uhnd.com,US,53
thetakeout.com,US,53
20minutos.com,RS,53
cnc.fr,FR,53
workingwoodenplanes.com,US,53
gainako.com,NG,53
saudelab.com,PE,53
domaintools.com,CH,53
ngm.se,SW,53
biography.com,UK,53
facedragons.com,US,53
imrussia.org,RS,53
agg-net.com,UK,53
publicholidays.eu,SI,53
rapreviews.com,SP,53
nordea.com,FI,53
alayam.ma,MO,53
handitv.com,US,53
kt-kuriren.se,SW,53
mofpi.gov.in,IN,53
parallaximag.gr,UP,53
abetterbalance.org,US,53
samuelwalker.net,VM,53
littlesis.org,US,53
eiu.com,RS,53
msspalert.com,US,53
digitalengineering247.com,US,53
netweather.tv,UK,53
canadianmetalworking.com,CA,53
valpotorch.com,US,53
mupiz.com,FR,53
katrin-budde.de,GM,53
blogstation.jp,AS,53
telemundo20.com,US,53
scopeweekly.com,US,53
hangzhou2022.cn,CH,53
giac.org,US,53
niagaranow.com,CA,53
jw-webmagazine.com,JA,53
acaciapools.co.nz,NZ,53
pawsitiveanimalworks.com,US,53
cubaenmiami.com,CU,53
zesterdaily.com,US,53
surfer.com,US,53
ohio.news,US,53
missionhillgazette.com,US,53
thelocalreporter.press,US,53
kezdo5.hu,US,53
ueex.com,LI,53
publishwhatyoupay.org,UK,53
raiffeisenzertifikate.at,AU,53
hello-venus.com,CH,53
facilityexecutive.com,US,53
rockmywedding.co.uk,MV,53
easycar.com,US,53
bay41.com,CH,53
commonspace.eu,TU,53
svvoice.com,US,53
daviskedrosky.com,SP,53
ubagroup.com,AE,53
thebureauinvestigates.com,UK,53
bigissuenorth.com,UK,53
baodauthau.vn,VM,53
opticianonline.net,UK,53
volvocars.com,SW,53
nttdata.com,JA,53
luxgallery.it,IT,53
purepeople.com.br,BR,53
hawr-digital.de,GM,53
oldnorthwhale.com,CH,53
ibc.org,UP,53
securitybrief.co.nz,NZ,53
shippingexchange.com,MU,53
indenvertimes.com,US,53
uobjournal.com,RS,53
london-se1.co.uk,UK,53
pugliapositiva.it,IT,53
jtlu.org,US,53
bigvalleynews.com,US,53
migrationpolicy.org,US,53
rast.or.th,TH,53
aajtak.in,IN,53
pitchonnet.com,IN,53
boxingtalk.com,AS,53
agroinsurance.com,IN,53
sentencingproject.org,US,52
geordiebootboys.com,BR,52
svit24.net,UP,52
inequality.org,US,52
autowereld.be,BE,52
macropolis.gr,GR,52
africanews.it,KE,52
aldeparty.eu,UP,52
midhurstandpetworth.co.uk,UK,52
latina1003fm.com,US,52
radiolawen.cl,SP,52
quatrocincoum.com.br,BR,52
freedomdebtrelief.com,US,52
jokteur.com,SZ,52
wvstateparks.com,US,52
921fmthewolf.com,US,52
usacc.org,AJ,52
advertisernewsnorth.com,US,52
periodicodaily.com,AE,52
g-enews.com,US,52
fenews.co.uk,BR,52
writersandartists.co.uk,UK,52
floorball.sport,SZ,52
fath-news.com,IN,52
unifor.org,CA,52
think-railways.com,RS,52
thegeorgetowndish.com,US,52
warpzoned.com,US,52
vanguardia.com.py,PA,52
droomdroom.com,BT,52
sei.org,SW,52
alphansotech.com,IN,52
popularfintech.com,US,52
sundaykiss.com,HK,52
oxford.gov.uk,GM,52
indiaherald.com,CH,52
hrexecutive.com,US,52
csillagaszat.hu,US,52
budapestreporter.com,HU,52
advrider.com,RS,52
philadelphianeighborhoods.com,CB,52
opiniojuris.org,AJ,52
glaad.org,US,52
sylacauganews.com,US,52
cricket365.com,AS,52
philmacgiollabhain.ie,UK,52
centralctcommunications.com,US,52
tameside.ac.uk,UK,52
milligazete.com.tr,TU,52
saudiembassy.net,YM,52
ice.edu,US,52
lomazoma.com,EG,52
florencenewsjournal.com,US,52
cinemaescapist.com,HK,52
esport1.hu,US,52
archaeologymag.com,GM,52
wcomfm.org,US,52
diarioestrategia.cl,US,52
denizbank.com,TU,52
myhot1027.com,US,52
naukas.com,JA,52
shponline.co.uk,UK,52
outliermodel.com,US,52
healthcareinfosecurity.com,US,52
etf.com,CH,52
informatik.ch,SZ,52
sunny1069fm.com,US,52
cinemascomics.com,US,52
gatra.com,ID,52
affordablehousinginstitute.org,MO,52
state.hi.us,US,52
1023thewave.com,CA,52
publicholidays.com.my,MY,52
mitre.org,AS,52
wyniasweek.nl,NL,52
2smsupernetwork.com,AS,52
manutdnews.com,BR,52
infolatam.com,VM,52
carsonvalleytimes.com,IN,52
mastkd.com,CA,52
ellenfeny.hu,HU,52
atoday.org,US,52
eldesconcierto.cl,CI,52
invisiblechildren.com,CT,52
dominos.com.sg,SN,52
orthodoxianewsagency.gr,GR,52
kkfi.org,US,52
dallasposttrib.com,US,52
mse.gov.sg,SN,52
bulldogs.com.au,AS,52
stocktonsentinel.com,US,52
theclassicalreview.com,US,52
yalla-shoot-7sry.com,SP,52
marshallradio.net,US,52
europebyrail.eu,FR,52
cdm.link,IR,52
mibiz.com,US,52
theclimategroup.org,UK,52
screengeek.net,US,52
tutor2u.net,UK,52
investigaction.net,UP,52
ricksteves.com,US,52
libertadbajopalabra.com,AS,52
ultimouomo.com,IT,52
austrianposters.at,AU,52
altenergystocks.com,US,52
ourlocalcommunityonline.com,US,52
ncsbe.gov,US,52
kmez1029.com,US,52
weatherbug.com,US,52
anfield-online.co.uk,UK,52
uptak.in,IN,51
journallehavre.ca,CA,51
fm1today.ch,SZ,51
wrrnetwork.com,US,51
pfizer.com,US,51
niagarapolice.ca,CA,51
kenya-info.me,KE,51
bvi.org.uk,UK,51
calricenews.org,US,51
elektricniavtomobili.mk,CH,51
newphilosopher.com,US,51
paislobo.cl,CI,51
misadventureswithandi.com,FJ,51
afaowawa.org,SG,51
folhabv.com.br,BR,51
zerforschung.org,FR,51
nortonhealthcare.com,US,51
bookloverbookreviews.com,AS,51
classiccarsforsale.co.uk,UK,51
nicholsonstudentmedia.com,US,51
sobreisso.com,BR,51
ualberta.ca,CA,51
mahabahu.com,PK,51
randomcriticalanalysis.com,US,51
mytotalretail.com,US,51
gotravelblogger.com,BT,51
sen360.sn,FR,51
denisonian.com,US,51
wubearcats.com,US,51
chucklesdroid.xyz,IN,51
onechicagocenter.com,US,51
thebrakereport.com,US,51
paycor.com,US,51
sanpetemessenger.com,US,51
redgreenandblue.org,US,51
wideopeneats.com,TU,51
ulusalajans.com,TU,51
tvspielfilm.de,IN,51
ssa.gov,US,51
grcmc.org,US,51
apnorc.org,US,51
losangelesherald.com,CH,51
georgiastatesports.com,US,51
thealgomanews.ca,CA,51
gazetteer.co,US,51
welcomelawfirm.com,US,51
expo.se,SW,51
unifoundry.com,CH,51
wapakdailynews.com,US,51
ononews.co.il,IS,51
businessofbusiness.com,RS,51
omar.website,US,51
aclu-wi.org,US,51
gundogmag.com,US,51
whitney.org,US,51
leesburg-news.com,US,51
eidel.io,GM,51
novasports.gr,GR,51
ilquorum.it,IT,51
KAZAK-CENTER.RU,RS,51
lemag.ma,FR,51
getneuropure.com,US,51
spaceflorida.gov,US,51
whiterivernow.com,US,51
fightfans.co.uk,US,51
voxelmatters.com,US,51
blackgirlnerds.com,US,51
niusnews.com,TW,51
1065nashicon.com,US,51
bluesmagazine.nl,DA,51
impel.eu,RO,51
vostip.mk,MK,51
norwichdiocese.org,HA,51
frag-mutti.de,GM,51
aideapple.com,VM,51
confused.com,US,51
soapoperamagazine.com,JO,51
complexsystemspodcast.com,US,51
bisara7a.com,LE,51
dotanstamp.com,JA,51
classiccars.com,US,51
parisianfields.com,FR,51
jammin999fm.com,US,51
wpx.jp,JA,51
4pmpay.com,GH,51
videocardz.com,CH,51
lhindependent.com,US,51
chalmermagne.com,UK,51
ilsr.org,US,51
oneman.gr,GR,51
europeanscientist.com,UK,51
rsjonline.com,IN,51
redlegnation.com,US,51
destinationbc.ca,CA,51
ofimagazine.com,UP,51
dmove.it,IT,51
smsupermalls.com,RP,51
ultimaora.net,KS,51
perth.wa.gov.au,AS,51
registan.net,RS,51
420on.cz,EZ,51
expresfm.cz,EZ,51
bcs-express.ru,RS,51
bestproducts.com,US,51
21cn.com,CH,51
miscellanynews.org,AF,50
finishline.com,US,50
lavoripubblici.it,IT,50
andhrabhoomi.net,IN,50
planetmountain.com,SZ,50
fcc.gov,US,50
hagerty.co.uk,SG,50
isdb.org,TI,50
smechannels.com,LA,50
outilsfroids.net,FR,50
haberler.dk,TU,50
isleofman.com,US,50
bnnbreaking.com,US,50
youarecurrent.com,US,50
alhadath-yemen.com,YM,50
fatcat.com.au,AS,50
qizhiwang.org.cn,CH,50
fap.mil.pe,PE,50
neurology.org,FR,50
punjabstarnews.com,US,50
seroundtable.com,US,50
devx.com,KS,50
thecliftontimes.com,US,50
whatsondisneyplus.com,US,50
theunpopulist.net,CH,50
aclu-in.org,US,50
theleafsnation.com,CA,50
churchofengland.org,UK,50
limacharlienews.com,AM,50
thefashionlaw.com,US,50
fultoncountyga.gov,US,50
rasid.co,SA,50
theissue.gr,GR,50
t2conline.com,VM,50
ashoka.org,US,50
fselite.net,US,50
minsal.cl,CI,50
shopfood.com,US,50
treasury.gov.au,AS,50
guyanagraphic.com,GY,50
nickjr.co.uk,UK,50
sambent.com,US,50
expedientepublico.org,CH,50
fb.com,US,50
shefinds.com,US,50
backingthepack.com,US,50
sourcegraph.com,KS,50
an-nour.com,AS,50
comicsreporter.com,US,50
mecknc.gov,US,50
swe.org,US,50
safetowork.com.au,AS,50
veterinarypracticenews.com,US,50
935sbg.com,US,50
bikehub.co.za,RW,50
wbvn.org,IS,50
genpop.id,ID,50
innebandy.se,SW,50
nmbu.no,NO,50
adnsur.com.ar,AR,50
bennetts.co.uk,CU,50
jesuislibre.org,FR,50
betterphotography.in,US,50
swazilandnews.co.za,RS,50
viewfromthewing.com,US,50
gopherhole.com,US,50
xoilaciix.cc,VM,50
auntminnie.com,US,50
tacorelish.com,US,50
avui.cat,US,50
cocoecomag.com,US,50
dioceseofcleveland.org,US,50
drytooling.com.pl,PL,50
acslaw.org,US,50
observer.co.uk,UK,50
bethel.edu,US,50
earth.fm,US,50
tveuropa.pt,PO,50
schooljobs.com,US,50
jiemian.com,CH,50
watcher.guru,US,50
pymesyautonomos.com,SP,50
traveltradecaribbean.es,CU,50
canadianbiomassmagazine.ca,CA,50
irkutskmedia.ru,RS,50
infrastructuremagazine.com.au,AS,50
sfccn.com,CH,50
fugitives.com,RS,50
scienceboard.net,US,50
officemuseum.com,US,50
